Shot,BES Start Time (ms),BES Stop Time (ms),Confinement Start Time (ms),Confinement Stop Time (ms),Logbook,L,H,QH,WP,Test only,LH transition,HL back-transition,QH-WP transition,WP-QH transition
149993,,,990,1980,,1,,,,,,,,
149993,,,2486,2643,,1,,,,,2643,,,
149993,,,2643,3500,,,1,,,,,,,
149993,,,4000,4169,,1,,,,,4169,,,
149993,,,4169,5000,,,1,,,,,,,
149994,,,4150,4950,,1,,,,,,,,
149995,,,2500,2752,,1,,,,,2752,,,
149995,,,4000,5000,,1,,,,,,,,
149996,800,5405,1033,1636,,1,,,,,1654,,,
149996,800,5405,2488,2664,,1,,,,,2676,,,
149996,800,5405,4015,4148,,1,,,,,4159,,,
152814,,,544,978,,1,,,,,978,,,
154482,500,2888.5,1003,1512,,1,,,,,,,,
154771,300,5617.5,2167,2680,,1,,,,,,,,
156679,1000,5094,1500,3800,beautiful,,,1,,,,,,
156680,1000,5094,2000,4000,,,,1,,,,,,
157082,500,5369,1500,2000,,,,1,,,,,,
157083,700,5363.5,2000,4000,,,,1,,,,,,
157087,700,5364,1500,1900,,,,1,,,,,,
157088,700,5364.5,1500,4500,trophy shot,,,1,,,,,,
157089,700,5363.5,2000,3500,,,,1,,,,,,
157092,700,5110.5,2000,3000,,,,1,,,,,,
157096,700,5351,2000,3000,,,,1,,,,,,
157097,700,5359,2000,3000,,,,1,,,,,,
157109,700,5361,1250,2700,,,,1,,,,,2700,
157109,700,5361,2700,4000,,,,,1,,,,,4100
157116,700,5366,2000,4000,,,,1,,,,,,
157117,700,5373,1700,4000,,,,1,,,,,,
157126,700,5364,1250,4500,great shot,,,1,,,,,,
157141,700,5116.5,1500,3500,,,,1,,,,,,
157152,700,5371,2000,3400,,,,1,,,,,,
159144,1200,3927,2500,3000,,,,1,,,,,,
159149,900,5648,2500,3500,,,,1,,,,,,
159161,250,5392.5,2500,4000,,,,1,,,,,,
159172,700,5436,1500,4500,trophy shot,,,1,,,,,,
159174,700,5435,2500,4500,,,,1,,,,,,
159175,700,5434,2500,4500,,,,1,,,,,,
159182,700,5437,3000,3900,LH,,,1,,,,,,
159184,700,5437.5,2500,4500,good,,,1,,,,,,
159186,700,3789,1700,2100,,,,1,,,,,,
159190,700,5434,2000,5000,,,,1,,,,,,
159191,700,5433.5,2500,3000,,,,1,,,,,,
159370,400,5606.5,2500,3500,,,,1,,,,,,
159372,400,5856.5,921,1367,,1,,,,,,,,
159372,400,5856.5,2000,3000,,,,1,,,,,,
159377,100,5887.5,2000,3000,,,,1,,,,,,
159531,1100,5194,3000,4000,,,,1,,,,,,
159533,1100,5194,3500,4000,,,,1,,,,,,
159534,1100,5194,2300,4000,,,,1,,,,,,
159536,1100,5194,3100,3500,,,,1,,,,,,
159537,1100,5194,2500,4400,,,,1,,,,,,
159540,1100,5194,2500,3500,,,,1,,,,,,
159543,1100,5194,2000,2700,,,,1,,,,,,
159544,1100,5194,2000,3200,,,,1,,,,,,
159551,800,5308.5,2000,3300,,,,1,,,,,,
159552,800,4830.5,2000,3200,,,,1,,,,,,
159553,800,4853,2000,3000,,,,1,,,,,,
159554,800,5251.5,2500,3000,,,,1,,,,,,
159562,900,5292,2000,5000,,,,1,,,,,,
159581,900,5384,2500,3500,very good QH,,,1,,,,,,
159590,900,5367,2200,3000,,,,1,,,,,,
159600,900,5518.5,2000,2500,,,,1,,,,,,
159605,900,5518.5,2000,3500,,,,1,,,,,,
160026,900,3635,2000,2400,,,,1,,,,,,
160054,900,4470,2000,3000,,,,1,,,,,,
160055,900,4994,2000,3500,,,,1,,,,,,
160057,900,4061.5,2000,2500,,,,1,,,,,,
160058,900,4719.5,2000,3000,,,,1,,,,,,
160060,900,4648,2000,2600,,,,1,,,,,,
160061,900,4625.5,2500,3500,,,,1,,,,,,
160062,900,4149,2000,2500,,,,1,,,,,,
160068,900,4294,1700,2100,,,,1,,,,,,
160073,900,4227,2000,3000,,,,1,,,,,,
160086,900,3337,2000,2500,,,,1,,,,,,
160777,700,5357,2000,3000,,,,1,,,,,,
160778,700,5387.5,1800,3000,,,,1,,,,,,
160781,700,5373,1800,3500,,,,1,,,,,,
160785,700,5377,1800,2500,,,,1,,,,,,
160791,700,5394,2000,3000,,,,1,,,,,,
161320,500,5642.5,2000,4000,,,,1,,,,,,
161329,500,5475.5,1820,4000,,,,1,,,,,,
161364,500,5642.5,2500,4000,,,,1,,,,,,
161376,900,5475,2600,4500,,,,1,,,,,,
161608,500,6148.5,692,1176,,1,,,,,,,,
161608,500,6148.5,3741,5461,,,,,1,,,,,
162905,200,5867,707,1260,,1,,,,,,,,
163456,400,5018.5,1500,2500,,,,1,,,,,,
163458,500,5365.5,2000,4000,very good QH,,,1,,,,,,
163460,500,5046,1500,2500,,,,1,,,,,,
163461,500,5002,1500,2500,,,,1,,,,,,
163464,500,5367,1500,2500,,,,1,,,,,,
163465,500,5364,1500,2500,,,,1,,,,,,
163466,500,5360,1500,2500,,,,1,,,,,,
163469,500,5362,1500,2400,,,,1,,,,,,
163478,500,5359.5,1200,2400,,,,1,,,,,,
163482,500,5228.5,1500,2000,,,,1,,,,,,
163498,500,5371,1500,2750,,,,1,,,,,,
163500,600,5367,1250,2500,,,,1,,,,,,
163502,600,5366,1250,2100,,,,1,,,,,,
163503,600,5362,1500,1700,,,,1,,,,,,
163505,,,1650,2478,,,,1,,,,,2478,
163505,,,2478,3130.175,,,,,1,,,,,
163505,,,3140.259,3167.175,,,,,1,,,,,
163505,,,3180.261,3200.959,,,,,1,,,,,
163505,,,3220.256,3234.461,,,,,1,,,,,
163505,,,3260.257,3271.199,,,,,1,,,,,
163505,,,3300.259,3317.679,,,,,1,,,,,
163505,,,3340.258,3363.958,,,,,1,,,,,
163505,,,3380.26,3410.175,,,,,1,,,,,
163505,,,3420.259,4783,,,,,1,,,,,
163508,,,1600,2340,,,,1,,,,,2340,
163508,,,2340,3130.174,,,,,1,,,,,
163508,,,3140.258,3167.181,,,,,1,,,,,
163508,,,3180.258,3200.96,,,,,1,,,,,
163508,,,3220.259,3234.46,,,,,1,,,,,
163508,,,3260.256,3271.187,,,,,1,,,,,
163508,,,3300.258,3317.703,,,,,1,,,,,
163508,,,3340.258,3363.959,,,,,1,,,,,
163508,,,3380.258,3390.46,,,,,1,,,,,
163508,,,3400.494,4049,,,,,1,,,,,
163509,600,5362,1500,1700,,,,1,,,,,,
163512,,,1600,2486,,,,1,,,,,2486,
163512,,,2486,3058.756,,,,,1,,,,,
163512,,,3069.258,3130.176,,,,,1,,,,,
163512,,,3140.26,3167.458,,,,,1,,,,,
163512,,,3180.259,3200.959,,,,,1,,,,,
163512,,,3220.259,3234.674,,,,,1,,,,,
163512,,,3260.257,3271.174,,,,,1,,,,,
163512,,,3300.257,3317.2,,,,,1,,,,,
163512,,,3340.258,3362.959,,,,,1,,,,,
163512,,,3380.258,3388.96,,,,,1,,,,,
163512,,,3400.259,4539,,,,,1,,,,,
163518,,,1300,2486,,,,1,,,,,2486,
163518,,,2486,4700,,,,,1,,,,,
164793,500,6167,1169,1609,,1,,,,,1609,,,
164793,500,6167,1609,3093,,,1,,,,,,,
164798,1000,4642.5,1169,1713,,1,,,,,1713,,,
164798,1000,4642.5,1713,3006,,,1,,,,,,,
164869,500,5200,1300,2300,,,,1,,,,,,
164870,500,5363.5,1400,4500,,,,1,,,,,,
164872,500,4524.5,1500,2250,,,,1,,,,,,
164879,,,2000,2577,,,,1,,,,,2577,
164879,,,2577,4887,,,,,1,,,,,
164880,,,2000,2668,,,,1,,,,,2668,
164880,,,2668,4907,,,,,1,,,,,
164882,500,5108,1250,1750,,,,1,,,,,,
164884,,,2000,2904,,,,1,,,,,2904,
164884,,,2904,4887,,,,,1,,,,,
164901,,,2001,2811,,,,1,,,,,2811,
164901,,,2811,4814,,,,,1,,,,,
164903,500,5350.5,1250,1850,,,,1,,,,,,
165107,500,6167,1466,1904,,1,,,,,1904,,,
165107,,,1904,3104,,,1,,,,,,,
165113,500,4629.5,1520,1899,,1,,,,,1899,,,
165113,,,1899,3103,,,1,,,,,,,
165721,400,5542.5,2000,4500,,,,1,,,,,,
165726,200,5342.5,2250,3250,,,,1,,,,,,
165726,200,5342.5,3750,5000,,,,1,,,,,,
166609,600,5742.5,738,3285,,1,,,,,3285,,,
166609,,,3285,4964,,,1,,,,,,,
167587,,,2100,2400,,,,1,,,,,,
167588,,,3000,4800,,,,1,,,,,,
167589,,,1800,3739.167,,,,1,,,,,,
167589,,,3750.717,3777.367,,,,1,,,,,,
167589,,,3789.04,3804.266,,,,1,,,,,,
167589,,,3815.933,4101.367,,,,1,,,,,,
167603,1200,6280,3500,4000,,,,1,,,,,,
169332,700,2942,1700,2400,,,,1,,,,,,
169344,700,5316.5,2500,4500,,,,1,,,,,,
169350,700,3340,2000,2500,,,,1,,,,,,
169366,700,5367,1400,3400,,,,1,,,,,,
169367,700,5360.5,1250,1600,,,,1,,,,,,
169369,700,5360,1250,2400,,,,1,,,,,,
169369,700,5360,2550,3600,,,,,1,,,,,
169370,700,5363,2535,3875,,,,,1,,,,,
169371,700,4965.5,2370,3391,,,,,1,,,,,
169372,700,5355,1500,2100,,,,1,,,,,,
169372,700,5355,2654,4409,,,,,1,,,,,
169373,,,1600,2175,,,,1,,,,,2175,
169373,700,4603,2175,2720,,,,,1,,,,,
169379,700,5358,1000,1135,,1,,,,,,,,
169379,700,5358,1250,1650,,,,1,,,,,,
169379,700,5358,2396,4500,,,,,1,,,,,
169383,700,5364,1850,2500,,,,1,,,,,,
169383,700,5364,2569,3860,,,,,1,,,,,
169385,700,5362,1400,2000,,,,1,,,,,,
169385,700,5362,2303,3757,,,,,1,,,,2177,
169385,,,3000,3750,,,,,1,,,,,
169387,700,5357.5,2522,4190,,,,,1,,,,,
169389,700,4946,1500,1800,,,,1,,,,,,
169391,700,4972.5,1700,2500,,,,1,,,,,,
169391,700,4972.5,3000,3617,,,,,1,,,,,
169845,300,5360.5,1300,4250,beautiful,,,1,,,,,,
169848,300,4024,1302,1664,,,,,1,,,,,
169849,300,5358.5,1250,1500,,,,1,,,,,,
169849,300,5358.5,3010,4524,,,,,1,,,,,
169850,300,3625,1100,2122,,,,1,,,,,2122,
169850,300,3625,2122,2931,,,,,1,,,,,
169851,300,5358,1500,2080,,,,1,,,,,2080,
169851,300,5358,2080,4407,,,,,1,,,,,
169858,,,1140,1345,,,,1,,,,,1345,
169858,300,5356,1345,1710,,,,,1,,,,,
169859,,,1125,1360,,,,1,,,,,1360,
169859,300,5359.5,1360,4507,,,,,1,,,,,
169865,,,1312,1400,,,,1,,,,,1400,
169865,300,5363,1400,1664,,,,,1,,,,,
169869,,,1312,1390,,,,1,,,,,1390,
169869,300,5356,1390,4481,,,,,1,,,,,
169873,,,1314,1425,,,,1,,,,,1425,
169873,300,5356,1425,4493,,,,,1,,,,,
169875,300,5361,1136,1753,,,,,1,,,,,
169877,,,1315,1400,,,,1,,,,,1400,
169877,300,5356.5,1400,3007,,,,,1,,,,,
170012,200,4935,2600,3200,,,,,1,,,,,
170015,200,4014.5,495,953,,1,,,,,,,,
170015,200,4014.5,2700,2900,,,,,1,,,,,
170021,200,4462,468,926,,1,,,,,,,,
170021,200,4462,2650,3300,,,,,1,,,,,
170063,,,300.053,1220,,1,,,,,,,,
170085,,,310.842,1174,,1,,,,,1205,,,
170086,,,300.05,1308,,1,,,,,,,,
170430,,,300.138,1157,,1,,,,,,,,
170433,,,300.138,1023,,1,,,,,1064,,,
170433,,,1064,1934,,,1,,,,,,,
171438,,,4838,5466,,,1,,,,,,,
171469,,,813,1272,,1,,,,,1272,,,
171469,,,1272,4745,,,1,,,,,,,
171470,,,1200.076,1210.051,,1,,,,,,,,
171470,,,1220.116,1230.049,,1,,,,,,,,
171470,,,1240.116,1250.052,,1,,,,,,,,
171470,,,1260.107,1270.049,,1,,,,,,,,
171470,,,1280.113,1290.049,,1,,,,,,,,
171470,,,1300.089,1310.054,,1,,,,,,,,
171470,,,1320.126,1330.052,,1,,,,,,,,
171470,,,1340.134,1350.053,,1,,,,,,,,
171470,,,1360.103,1370.05,,1,,,,,,,,
171470,,,1380.113,1390.048,,1,,,,,,,,
171470,,,1400.092,1410.052,,1,,,,,,,,
171470,,,1420.133,1430.053,,1,,,,,,,,
171470,,,1440.137,1450.057,,1,,,,,,,,
171470,,,1460.104,1470.05,,1,,,,,,,,
171470,,,1480.111,1490.049,,1,,,,,,,,
171470,,,1500.095,1510.051,,1,,,,,,,,
171470,,,1520.14,1530.054,,1,,,,,,,,
171470,,,1540.13,1550.053,,1,,,,,,,,
171470,,,1560.107,1570.051,,1,,,,,,,,
171470,,,1580.11,1590.049,,1,,,,,,,,
171470,,,1600.083,1610.051,,1,,,,,,,,
171470,,,1620.124,1630.052,,1,,,,,,,,
171470,,,1640.09,1650.053,,1,,,,,,,,
171470,,,1660.111,1670.049,,1,,,,,,,,
171470,,,1680.143,1690.048,,1,,,,,,,,
171470,,,1700.101,1710.051,,1,,,,,,,,
171470,,,1720.097,1730.053,,1,,,,,,,,
171470,,,1740.135,1750.05,,1,,,,,,,,
171470,,,1760.091,1770.051,,1,,,,,,,,
171470,,,1780.109,1790.049,,1,,,,,,,,
171470,,,1800.078,1810.05,,1,,,,,,,,
171470,,,1820.141,1830.053,,1,,,,,,,,
171470,,,1840.102,1850.056,,1,,,,,,,,
171470,,,1860.103,1870.051,,1,,,,,,,,
171470,,,1880.124,1890.048,,1,,,,,,,,
171470,,,1900.108,1910.051,,1,,,,,,,,
171470,,,1920.092,1930.053,,1,,,,,,,,
171470,,,1940.138,1950.054,,1,,,,,,,,
171470,,,1960.084,1970.049,,1,,,,,,,,
171470,,,1980.107,1990.048,,1,,,,,,,,
171470,,,2000.084,2010.05,,1,,,,,,,,
171470,,,2020.094,2030.053,,1,,,,,,,,
171470,,,2040.104,2050.053,,1,,,,,,,,
171470,,,2060.081,2070.054,,1,,,,,,,,
171470,,,2080.123,2090.049,,1,,,,,,,,
171470,,,2100.083,2110.051,,1,,,,,,,,
171470,,,2120.089,2130.052,,1,,,,,,,,
171470,,,2140.109,2150.053,,1,,,,,,,,
171470,,,2160.08,2170.052,,1,,,,,,,,
171470,,,2180.121,2190.051,,1,,,,,,,,
171470,,,2200.08,2210.05,,1,,,,,,,,
171470,,,2220.096,2230.053,,1,,,,,,,,
171470,,,2240.098,2250.054,,1,,,,,,,,
171470,,,2260.08,2270.052,,1,,,,,,,,
171470,,,2280.124,2290.048,,1,,,,,,,,
171470,,,2300.092,2310.049,,1,,,,,,,,
171470,,,2320.097,2330.052,,1,,,,,,,,
171470,,,2340.112,2350.054,,1,,,,,,,,
171470,,,2360.083,2370.052,,1,,,,,,,,
171470,,,2380.126,2390.049,,1,,,,,,,,
171470,,,2400.083,2410.049,,1,,,,,,,,
171470,,,2420.11,2430.053,,1,,,,,,,,
171470,,,2440.107,2450.054,,1,,,,,,,,
171470,,,2460.082,2470.053,,1,,,,,,,,
171470,,,2480.125,2490.049,,1,,,,,,,,
171470,,,2500.083,2510.05,,1,,,,,,,,
171470,,,2520.107,2530.052,,1,,,,,,,,
171470,,,2540.128,2550.054,,1,,,,,,,,
171470,,,2560.08,2570.054,,1,,,,,,,,
171470,,,2580.128,2590.048,,1,,,,,,,,
171470,,,2600.083,2610.052,,1,,,,,,,,
171470,,,2620.114,2630.052,,1,,,,,,,,
171470,,,2640.126,2650.055,,1,,,,,,,,
171470,,,2660.079,2670.053,,1,,,,,,,,
171470,,,2680.123,2690.052,,1,,,,,,,,
171470,,,2700.084,2710.049,,1,,,,,,,,
171470,,,2720.11,2730.051,,1,,,,,,,,
171470,,,2740.122,2750.054,,1,,,,,,,,
171470,,,2760.081,2770.054,,1,,,,,,,,
171470,,,2780.128,2790.05,,1,,,,,,,,
171470,,,2800.081,2810.049,,1,,,,,,,,
171470,,,2820.108,2830.052,,1,,,,,,,,
171470,,,2840.115,2850.054,,1,,,,,,,,
171470,,,2860.081,2870,,1,,,,,,,,
171471,,,1200.156,2849,,1,,,,,2849,,,
171471,,,2849,3698,,,1,,,,,,,
171471,,,4275,4838,,1,,,,,4838,,,
171472,,,1200.141,2254,,1,,,,,2254,,,
171472,,,2254,3243,,,1,,,,,3243,,
171472,,,3243,3693,,1,,,,,,,,
171472,,,3243,3685,,1,,,,,,,,
171472,,,4348,5287,,1,,,,,5287,,,
171473,,,1216,2525,,1,,,,,2525,,,
171473,,,2525,3476,,,1,,,,,3476,,
171473,,,3476,3590,,1,,,,,,,,
171474,,,1216,2621,,1,,,,,2621,,,
171474,,,2621,3412,,,1,,,,,3412,,
171474,,,3412,3685,,1,,,,,,,,
171475,,,1221,1622,,1,,,,,1622,,,
171475,,,1622,2405,,,1,,,,,2405,,
171475,,,2405,2668,,1,,,,,,,,
171565,,,1000.073,1280,,1,,,,,1280,,,
171565,,,1280,2667,,,1,,,,,,,
172211,,,1500,2030,,,,1,,,,,,
172212,,,1451,4000,,,,1,,,,,,
172214,100,5356,1500,3500,,,,1,,,,,,
172222,100,4995.5,1700,3250,,,,1,,,,,,
172223,100,5347.5,1500,3000,,,,1,,,,,,
172224,100,5346.5,1500,3500,,,,1,,,,,,
174618,600,5362.21,1500,3256,,,,,1,,,,,
174619,600,5361.215,1601,2844,,,,,1,,,,1575,
174621,600,5146.205,1837,2653,,,,,1,,,,1600,
174631,600,4836.71,1800,2050,,,,1,,,,,,
174634,600,4302.215,1700,3000,,,,1,,,,,,
174635,600,4104.715,2000,2500,,,,1,,,,,,
174636,600,3684.21,2000,3000,,,,1,,,,,,
174653,600,5357.21,792,953,,1,,,,,,,,
174653,600,5357.21,2250,4130,,,,1,,,,,4130,
174653,,,4130,4320,,,,,1,,,,,4320
174653,,,4320,4363,,,,1,,,,,4363,
174653,,,4363,4799,,,,,1,,,,,
174656,,,1315,1475,,,,1,,,,,1475,
174656,600,4977.705,1475,3437,,,,,1,,,,,
174658,600,5370.715,1425,4152,,,,,1,,,,,
174660,,,1300,1725,,,,1,,,,,1725,
174660,600,5133.215,1725,2959,,,,,1,,,,,
174675,,,1250,1610,,,,1,,,,,1610,
174675,600,5361.205,1610,3527,,,,,1,,,,,
175472,,,3500.096,3689.973,,,,1,,,,,,
175472,,,3700.098,3786,,,,1,,,,,,
175476,,,2145,2290.055,,,,1,,,,,,
175476,,,2300.072,2490.053,,,,1,,,,,,
175476,,,2500.072,2690.046,,,,1,,,,,,
175476,,,2700.075,2865,,,,1,,,,,,
175477,,,1739,1889.973,,,,1,,,,,,
175477,,,1900.093,2089.973,,,,1,,,,,,
175477,,,2100.098,2289.973,,,,1,,,,,,
175477,,,2300.089,2489.973,,,,1,,,,,,
175477,,,2500.095,2689.973,,,,1,,,,,,
175477,,,2700.082,2889.973,,,,1,,,,,,
175477,,,2900.096,3046,,,,1,,,,,,
175478,,,1722,1889.973,,,,1,,,,,,
175478,,,1900.114,2089.973,,,,1,,,,,,
175478,,,2100.112,2289.973,,,,1,,,,,,
175478,,,2300.074,2489.975,,,,1,,,,,,
175478,,,2500.103,2689.975,,,,1,,,,,,
175478,,,2700.112,2889.973,,,,1,,,,,,
175478,,,2900.111,3041,,,,1,,,,,,
175481,,,3384,3490.074,,,,1,,,,,,
175481,,,3500.113,3690.075,,,,1,,,,,,
175481,,,3700.119,3890.075,,,,1,,,,,,
175481,,,3900.119,4090.075,,,,1,,,,,,
175481,,,4100.121,4126,,,,1,,,,,,
175490,,,800.138,931,,1,,,,,,,,
175490,,,2100,4600,,,,1,,,,,,
175491,,,1185,1722,,,,1,,,,,,
175491,,,2202,4133,,,,1,,,,,,
175499,,,1346,1390.072,,,,1,,,,,,
175499,,,1400.132,1590.073,,,,1,,,,,,
175499,,,1600.131,1790.072,,,,1,,,,,,
175499,,,1800.132,1990.072,,,,1,,,,,,
175499,,,2000.132,2190.072,,,,1,,,,,,
175499,,,2400.245,2403.76,,,,1,,,,,,
175499,,,2413.949,2428.866,,,,1,,,,,,
175499,,,2454.257,2467.767,,,,1,,,,,,
175499,,,2494.251,2506.967,,,,1,,,,,,
175499,,,2534.274,2545.867,,,,1,,,,,,
175499,,,2614.278,2625.269,,,,,1,,,,,
175499,,,2654.258,2664.568,,,,,1,,,,,
175499,,,2694.273,2703.767,,,,,1,,,,,
175500,,,1412,1590.073,,,,1,,,,,,
175500,,,1600.129,1790.073,,,,1,,,,,,
175500,,,1800.132,1990.072,,,,1,,,,,,
175500,,,2000.131,2190.073,,,,1,,,,,,
175500,,,2400.245,2404.065,,,,1,,,,,,
175500,,,2414.339,2429.17,,,,1,,,,,,
175500,,,2454.568,2467.968,,,,1,,,,,,
175500,,,2494.549,2507.167,,,,1,,,,,,
175500,,,2534.549,2545.967,,,,1,,,,,,
175500,,,2614.554,2625.569,,,,,1,,,,,
175500,,,2654.547,2664.769,,,,,1,,,,,
175500,,,2694.551,2704.068,,,,,1,,,,,
175513,600,5349.475,1510,2960,,,,,1,,,,,
175514,,,1340,1475,,,,1,,,,,1475,
175514,600,5354.475,1475,4185,,,,,1,,,,,
175527,1000,5094.215,1500,2500,,,,1,,,,,,
175530,1000,5357.215,1200,1500,,,,1,,,,,,
175539,1000,4132.715,1844,2930,,,,,1,,,,,
175549,,,2014,2090.072,,,,1,,,,,,
175549,,,2090.148,2290.072,,,,1,,,,,,
175549,,,2290.145,2490.072,,,,1,,,,,,
175549,,,2490.16,2690.072,,,,1,,,,,,
175549,,,2690.147,2773,,,,1,,,,,,
175554,,,1940,2090.072,,,,1,,,,,,
175554,,,2100.132,2290.072,,,,1,,,,,,
175554,,,2300.132,2490.071,,,,1,,,,,,
175554,,,2500.131,2690.072,,,,1,,,,,,
175554,,,2700.131,2890.071,,,,1,,,,,,
175554,,,2900.132,3090.071,,,,1,,,,,,
175554,,,3100.133,3290.071,,,,1,,,,,,
175554,,,3300.133,3490.071,,,,1,,,,,,
175554,,,3500.133,3690.072,,,,1,,,,,,
175554,,,3700.133,3890.071,,,,1,,,,,,
175554,,,3900.134,4090.073,,,,1,,,,,,
175554,,,4100.134,4290.072,,,,1,,,,,,
175554,,,4300.133,4402,,,,1,,,,,,
175555,,,1813,1890.071,,,,1,,,,,,
175555,,,1900.074,2090.072,,,,1,,,,,,
175555,,,2100.079,2290.072,,,,1,,,,,,
175555,,,2300.073,2490.071,,,,1,,,,,,
175555,,,2500.071,2690.072,,,,1,,,,,,
175555,,,2700.073,2890.072,,,,1,,,,,,
175555,,,2900.075,3090.072,,,,1,,,,,,
175555,,,3100.075,3290.072,,,,1,,,,,,
175555,,,3300.073,3490.072,,,,1,,,,,,
175555,,,3500.074,3690.071,,,,1,,,,,,
175555,,,3700.075,3890.072,,,,1,,,,,,
175555,,,3900.075,4090.072,,,,1,,,,,,
175555,,,4100.075,4290.073,,,,1,,,,,,
175555,,,4300.073,4308,,,,1,,,,,,
175564,,,1779,1890.071,,,,1,,,,,,
175564,,,1900.134,2090.071,,,,1,,,,,,
175564,,,2100.135,2290.071,,,,1,,,,,,
175564,,,2300.132,2490.071,,,,1,,,,,,
175564,,,2500.134,2690.071,,,,1,,,,,,
175564,,,2700.134,2890.071,,,,1,,,,,,
175564,,,2900.134,3090.071,,,,1,,,,,,
175564,,,3100.134,3290.071,,,,1,,,,,,
175564,,,3300.134,3490.071,,,,1,,,,,,
175564,,,3500.134,3690.071,,,,1,,,,,,
175564,,,3700.134,3890.071,,,,1,,,,,,
175564,,,3900.135,4090.072,,,,1,,,,,,
175564,,,4100.134,4257,,,,1,,,,,,
175567,,,1100.148,1120.061,,,,1,,,,,,
175567,,,1130.145,1150.06,,,,1,,,,,,
175567,,,1160.09,1180.062,,,,1,,,,,,
175567,,,1190.145,1210.062,,,,1,,,,,,
175567,,,1220.13,1240.062,,,,1,,,,,,
175567,,,1250.149,1270.061,,,,1,,,,,,
175567,,,1280.14,1282,,,,1,,,,,,
175591,800,5207.715,3250,4500,,,,1,,,,,,
175592,800,3014.21,298,963,150r,1,,,,,,,,
175598,800,5360.715,810,979,,1,,,,,,,,
175599,800,5356.715,808,979,,1,,,,,,,,
175599,800,5356.715,1500,3500,,,,1,,,,,,
175600,800,5365.215,807,979,,1,,,,,,,,
175600,800,5365.215,1500,3250,,,,1,,,,,,
175658,,,1340,1425,,,,1,,,,,1425,
175826,,,1513.018,2016,,1,,,,,2016,,,
175826,,,2016,3259,,,1,,,,,3259,,
175826,,,3259,3266,,1,,,,,,,,
175827,,,1526,1879,,1,,,,,1879,,,
175827,,,1879,2942,,,1,,,,,2942,,
175827,,,2942,2961,,1,,,,,,,,
175828,,,1526,1855,,1,,,,,1855,,,
175828,,,1855,2947,,,1,,,,,,,
175831,,,514.587,2058,,1,,,,,2058,,,
175831,,,2058,3123,,,1,,,,,3123,,
175831,,,3123,3300,,1,,,,,,,,
175832,,,529,2336,,1,,,,,2336,,,
175832,,,2336,3293,,,1,,,,,3293,,
175832,,,3293,3299,,1,,,,,,,,
175833,,,529,2017,,1,,,,,2017,,,
175833,,,2017,3153,,,1,,,,,3153,,
175833,,,3153,3297,,1,,,,,,,,
175834,,,509,1918,,1,,,,,1918,,,
175834,,,1918,2968,,,1,,,,,2968,,
175834,,,2968,3269,,1,,,,,,,,
175834,,,3800.108,3877,,1,,,,,3877,,,
176404,200,3705.68,1196,2060,,1,,,,,,,,
176975,,,2015,2020.069,,,1,,,,,,,
176975,,,2020.131,5507,,,1,,,,,,,
176994,,,1651,2938.472,,,1,,,,,,,
176994,,,2948.735,3224.772,,,1,,,,,,,
176994,,,3235.034,4392,,,1,,,,,,,
179205,,,1288,1313.975,,,1,,,,,,,
179205,,,1320.24,1353.974,,,1,,,,,,,
179205,,,1360.239,1393.975,,,1,,,,,,,
179205,,,1400.238,4004,,,1,,,,,,,
179209,,,1270,1273.775,,,1,,,,,,,
179209,,,1280.242,1313.974,,,1,,,,,,,
179209,,,1320.239,1354.075,,,1,,,,,,,
179209,,,1360.24,1393.973,,,1,,,,,,,
179209,,,1400.24,4474,,,1,,,,,,,
179211,,,1299,1313.974,,,1,,,,,,,
179211,,,1320.241,1353.974,,,1,,,,,,,
179211,,,1360.238,1393.975,,,1,,,,,,,
179211,,,1400.241,4222,,,1,,,,,,,
179212,,,1262,1274.073,,,1,,,,,,,
179212,,,1280.229,1314.175,,,1,,,,,,,
179212,,,1320.236,1354.174,,,1,,,,,,,
179212,,,1360.24,4412,,,1,,,,,,,
179213,,,1360.242,1392.075,,,1,,,,,,,
179213,,,1400.238,1432.074,,,1,,,,,,,
179213,,,1440.239,1472.075,,,1,,,,,,,
179213,,,1480.239,3681.774,,,1,,,,,,,
179213,,,3691.55,4098,,,1,,,,,,,
179214,,,1382,1394.473,,,1,,,,,,,
179214,,,1400.241,1418.473,,,1,,,,,,,
179214,,,1440.239,1458.473,,,1,,,,,,,
179214,,,1467.339,1525.766,,,1,,,,,,,
179214,,,1536.856,2032.468,,,1,,,,,,,
179214,,,2042.235,4000,,,1,,,,,,,
179216,,,1289,1314.375,,,1,,,,,,,
179216,,,1320.236,1354.373,,,1,,,,,,,
179216,,,1360.234,1394.375,,,1,,,,,,,
179216,,,1400.239,4375,,,1,,,,,,,
179219,,,1281,1313.776,,,1,,,,,,,
179219,,,1320.228,1353.775,,,1,,,,,,,
179219,,,1360.238,1393.776,,,1,,,,,,,
179219,,,1400.216,1433.775,,,1,,,,,,,
179219,,,1440.24,3353.375,,,1,,,,,,,
179219,,,3363.138,4315,,,1,,,,,,,
179220,,,1288,1313.576,,,1,,,,,,,
179220,,,1320.238,1353.576,,,1,,,,,,,
179220,,,1360.241,1393.574,,,1,,,,,,,
179220,,,1400.239,2328.074,,,1,,,,,,,
179220,,,2339.137,4280,,,1,,,,,,,
179223,,,1258,1322.276,,,1,,,,,,,
179223,,,1331.838,3957,,,1,,,,,,,
179314,,,1423,5199.464,RMP,,1,,,1,,,,
179314,,,5201.059,6101,,,1,,,,,,,
179321,,,1226,5199.463,RMP,,1,,,1,,,,
179321,,,5210.065,5938,RMP,,1,,,1,,,,
179328,,,1076,4703,RMP,,1,,,1,,,,
179331,,,1194,4832,RMP,,1,,,1,,,,
179333,,,1258,3071,RMP,,1,,,1,,,,
179334,,,1188,2919,RMP,,1,,,1,,,,
179634,,,800,5000,,1,,,,,,,,
179677,,,1559,4565.869,,,1,,,,,,,
179677,,,4574.823,5023.767,,,1,,,,,,,
179677,,,5024.646,5058,,,1,,,,,,,
179678,,,1182,1933,,,1,,,,,,,
179678,,,2584,3464.877,,,1,,,,,,,
179678,,,3465.745,4106.671,,,1,,,,,,,
179678,,,4107.544,5020,,,1,,,,,,,
179703,,,1017,2440,,1,,,,,,,,
179704,,,1120,2033.569,,,1,,,,,,,
179704,,,2034.461,4747,,,1,,,,,,,
179712,,,982,984.97,,,1,,,,,,,
179712,,,995.049,1004.968,,,1,,,,,,,
179712,,,1015.051,1024.969,,,1,,,,,,,
179712,,,1035.051,1044.97,,,1,,,,,,,
179712,,,1055.052,1064.97,,,1,,,,,,,
179712,,,1075.05,1084.97,,,1,,,,,,,
179712,,,1095.051,1104.968,,,1,,,,,,,
179712,,,1115.052,1124.969,,,1,,,,,,,
179712,,,1135.052,1144.971,,,1,,,,,,,
179712,,,1155.052,1164.97,,,1,,,,,,,
179712,,,1175.054,1184.97,,,1,,,,,,,
179712,,,1195.05,1204.968,,,1,,,,,,,
179712,,,1215.053,1224.969,,,1,,,,,,,
179712,,,1225.543,1230.063,,,1,,,,,,,
179712,,,1235.051,1244.97,,,1,,,,,,,
179712,,,1255.052,1264.97,,,1,,,,,,,
179712,,,1275.055,1284.97,,,1,,,,,,,
179712,,,1295.769,4388.171,,,1,,,,,,,
179712,,,4389.146,4579,,,1,,,,,,,
179718,,,1100,1104.97,,,1,,,,,,,
179718,,,1105.205,1115.063,,,1,,,,,,,
179718,,,1115.068,1124.971,,,1,,,,,,,
179718,,,1125.194,1144.97,,,1,,,,,,,
179718,,,1145.197,1164.968,,,1,,,,,,,
179718,,,1165.194,1184.969,,,1,,,,,,,
179718,,,1185.172,1195.063,,,1,,,,,,,
179718,,,1195.069,1204.97,,,1,,,,,,,
179718,,,1205.176,1224.971,,,1,,,,,,,
179718,,,1225.176,1244.969,,,1,,,,,,,
179718,,,1245.209,1264.968,,,1,,,,,,,
179718,,,1265.206,1284.969,,,1,,,,,,,
179718,,,1285.178,1295.063,,,1,,,,,,,
179718,,,1299.757,5067,,,1,,,,,,,
179720,,,982,984.97,,,1,,,,,,,
179720,,,995.09,1004.97,,,1,,,,,,,
179720,,,1015.085,1024.969,,,1,,,,,,,
179720,,,1035.09,1044.968,,,1,,,,,,,
179720,,,1055.088,1064.97,,,1,,,,,,,
179720,,,1075.086,1084.97,,,1,,,,,,,
179720,,,1095.092,1104.97,,,1,,,,,,,
179720,,,1115.084,1124.969,,,1,,,,,,,
179720,,,1135.091,1144.968,,,1,,,,,,,
179720,,,1155.088,1164.97,,,1,,,,,,,
179720,,,1175.086,1184.97,,,1,,,,,,,
179720,,,1195.09,4662,,,1,,,,,,,
179727,,,918,924.969,,,1,,,,,,,
179727,,,935.077,944.97,,,1,,,,,,,
179727,,,955.066,964.97,,,1,,,,,,,
179727,,,975.07,984.969,,,1,,,,,,,
179727,,,995.063,1004.969,,,1,,,,,,,
179727,,,1015.068,1024.969,,,1,,,,,,,
179727,,,1035.073,1044.97,,,1,,,,,,,
179727,,,1055.067,1064.97,,,1,,,,,,,
179727,,,1075.065,1084.969,,,1,,,,,,,
179727,,,1095.064,1104.969,,,1,,,,,,,
179727,,,1115.071,1124.969,,,1,,,,,,,
179727,,,1135.07,1144.971,,,1,,,,,,,
179727,,,1155.068,1164.97,,,1,,,,,,,
179727,,,1175.063,1184.969,,,1,,,,,,,
179727,,,1195.063,4773,,,1,,,,,,,
179759,,,1000,1004.971,,,1,,,,,,,
179759,,,1015.071,1024.969,,,1,,,,,,,
179759,,,1035.072,1044.968,,,1,,,,,,,
179759,,,1055.072,1064.97,,,1,,,,,,,
179759,,,1075.083,1084.97,,,1,,,,,,,
179759,,,1095.075,1104.971,,,1,,,,,,,
179759,,,1115.071,1124.97,,,1,,,,,,,
179759,,,1135.069,1144.968,,,1,,,,,,,
179759,,,1155.071,1164.97,,,1,,,,,,,
179759,,,1175.08,1180.369,,,1,,,,,,,
179759,,,1195.076,5007,,,1,,,,,,,
179829,1000,6021.795,2109,4757,,,1,,,,,,,
179833,,,2110.059,5477,,,1,,,,,,,
179944,,,876,884.97,,,1,,,,,,,
179944,,,895.064,904.969,,,1,,,,,,,
179944,,,915.062,924.969,,,1,,,,,,,
179944,,,935.065,944.969,,,1,,,,,,,
179944,,,955.067,964.971,,,1,,,,,,,
179944,,,975.066,984.97,,,1,,,,,,,
179944,,,995.064,1004.969,,,1,,,,,,,
179944,,,1015.059,1024.969,,,1,,,,,,,
179944,,,1035.063,1044.969,,,1,,,,,,,
179944,,,1055.066,1064.971,,,1,,,,,,,
179944,,,1075.065,1084.97,,,1,,,,,,,
179944,,,1095.065,1104.969,,,1,,,,,,,
179944,,,1115.06,1124.969,,,1,,,,,,,
179944,,,1135.064,1144.969,,,1,,,,,,,
179944,,,1155.065,1164.971,,,1,,,,,,,
179944,,,1175.064,1184.97,,,1,,,,,,,
179944,,,1195.064,3099.261,,,1,,,,,,,
179944,,,3108.141,5273,,,1,,,,,,,
179959,,,1145,1949,,,1,,,,,,,
179960,,,1393,1869,,,1,,,,,,,
179961,,,1231,5011,,,1,,,,,,,
180354,400,5998.81,1529,5369,,,1,,,,,,,
180363,400,6017.81,1583,5391,,,1,,,,,,,
180536,900,6042.815,2262,5402,,,1,,,,,,,
180537,900,5926.815,2416,5366,,,1,,,,,,,
182627,400,4135.18,298,774,,1,,,,,,,,
182659,-50,5092.675,900,909,,1,,,,,,,,
182659,-50,5092.675,2229,3138,,,,,1,,,,,
182660,-50,5092.68,2140,3324,,,,,1,,,,,
182665,-50,5092.675,1800,2300,,,,1,,,,,,
182682,-50,5072.18,1948,3819,,,1,,,,,,,
184427,200,5908.73,280,1948,,1,,,,,1948,,,
184427,200,5908.73,1948,5369,,,1,,,,,,,
184429,200,5901.73,401,1922,,1,,,,,1922,,,
184429,200,5901.73,1922,5294,,,1,,,,,,,
184430,200,5899.73,401,1750,,1,,,,,1750,,,
184430,200,5899.73,1750,3819,,,1,,,,,,,
184431,200,5903.735,437,1624,,1,,,,,,,,
184431,200,5903.735,3027,3855,,,1,,,,,,,
184433,200,5907.73,365,1552,,1,,,,,,,,
184433,200,5907.73,3063,3927,,,1,,,,,,,
184434,200,5899.73,401,1588,,1,,,,,,,,
184434,,,2998,3173,,,1,,,,,3173,,
184437,200,5902.73,365,1588,,1,,,,,1718,,,
184437,200,5902.73,3027,3891,,,1,,,,,,,
184440,,,326,1709,,1,,,,,,,,
184441,,,300.067,1709,,1,,,,,,,,
184442,200,5902.23,401,1625,,1,,,,,1717,,,
184443,200,5907.23,293,1660,,1,,,,,1717,,,
184443,200,5907.23,3063,5366,,,1,,,,,,,
184444,200,5901.73,401,1624,,1,,,,,1717,,,
184445,200,5901.235,1876,5006,,,1,,,,,,,
184446,200,5904.23,1948,4862,,,1,,,,,,,
184448,200,5933.73,1984,4898,,,1,,,,,,,
184449,200,5952.735,1948,4934,,,1,,,,,,,
184451,200,5949.73,2020,4718,,,1,,,,,,,
184452,200,5952.235,1840,4826,,,1,,,,,,,
184453,200,5955.235,1768,4934,,,1,,,,,,,
184454,200,5957.73,1696,4970,,,1,,,,,,,
184458,200,5955.23,1696,4826,,,1,,,,,,,
184460,,,300.041,832.672,,1,,,,,,,,
184460,,,833.541,1862,,1,,,,,1862,,,
184460,,,1862,4669,,,1,,,,,,,
184461,,,1300.047,1377,,1,,,,,1377,,,
184461,,,1377,4931,,,1,,,,,,,
184463,200,5954.73,1984,4898,,,1,,,,,,,
184466,200,5952.735,1912,4970,,,1,,,,,,,
184467,200,5953.235,1804,5042,,,1,,,,,,,
184468,200,5952.73,1948,5042,,,1,,,,,,,
184471,,,1300.041,1419,,1,,,,,1419,,,
184471,,,1419,4140,,,1,,,,,,,
184473,,,1300.041,1312,,1,,,,,,,,
184475,200,6038.73,2020,4970,,,1,,,,,,,
184476,200,6043.235,1732,4790,,,1,,,,,,,
184773,,,2031,4370.373,,,,1,,,,,,
184796,,,1500.076,4462,,,,1,,,,,,
184801,,,1510.043,4439,,,,1,,,,,,
184807,200,4807.865,1500,1800,,,,1,,,,,,
184810,200,5322.865,1500,1900,,,,1,,,,,,
184812,200,5293.365,1500,2500,,,,1,,,,,,
184813,,,3250,4900,,,,1,,,,,,
184815,200,5246.365,1500,4500,,,,1,,,,,,
184818,200,5278.365,1500,4000,,,,1,,,,,,
184822,,,1050,1235,,,,1,,,,,1235,
184822,200,5798.865,1235,3719,,,,,1,,,,,
184825,,,1143,1179.972,,,,,1,,,,,
184825,,,1190.055,1229.972,,,,,1,,,,,
184825,,,1240.057,1279.972,,,,,1,,,,,
184825,,,1290.055,1329.972,,,,,1,,,,,
184825,,,1340.058,1379.972,,,,,1,,,,,
184825,,,1390.055,1429.972,,,,,1,,,,,
184825,,,1440.058,1479.972,,,,,1,,,,,
184825,,,1490.055,1529.972,,,,,1,,,,,
184825,,,1540.058,1579.972,,,,,1,,,,,
184825,,,1590.056,1629.972,,,,,1,,,,,
184825,,,1640.058,1679.972,,,,,1,,,,,
184825,,,1690.056,1729.972,,,,,1,,,,,
184825,,,1740.059,1779.972,,,,,1,,,,,
184825,,,1790.056,1829.972,,,,,1,,,,,
184825,,,1840.06,1879.972,,,,,1,,,,,
184825,,,1890.057,1929.972,,,,,1,,,,,
184825,,,1940.059,1979.972,,,,,1,,,,,
184825,,,1990.057,2029.972,,,,,1,,,,,
184825,,,2040.06,2079.972,,,,,1,,,,,
184825,,,2090.057,2129.972,,,,,1,,,,,
184825,,,2140.06,2179.972,,,,,1,,,,,
184825,,,2190.056,2229.972,,,,,1,,,,,
184825,,,2240.059,2279.972,,,,,1,,,,,
184825,,,2290.057,2329.972,,,,,1,,,,,
184825,,,2340.061,2379.972,,,,,1,,,,,
184825,,,2390.057,2429.972,,,,,1,,,,,
184825,,,2440.059,2479.972,,,,,1,,,,,
184825,,,2490.056,2529.972,,,,,1,,,,,
184825,,,2540.06,2579.972,,,,,1,,,,,
184825,,,2590.058,2629.972,,,,,1,,,,,
184825,,,2640.06,2679.972,,,,,1,,,,,
184825,,,2690.055,2729.972,,,,,1,,,,,
184825,,,2740.059,2779.972,,,,,1,,,,,
184825,,,2790.058,2829.972,,,,,1,,,,,
184825,,,2840.061,2879.972,,,,,1,,,,,
184825,,,2890.057,2929.972,,,,,1,,,,,
184825,,,2940.058,2979.972,,,,,1,,,,,
184825,,,2990.056,3029.972,,,,,1,,,,,
184825,,,3040.06,3079.972,,,,,1,,,,,
184825,,,3090.057,3129.972,,,,,1,,,,,
184825,,,3140.06,3179.972,,,,,1,,,,,
184825,,,3190.056,3229.972,,,,,1,,,,,
184825,,,3240.059,3279.972,,,,,1,,,,,
184825,,,3290.058,3329.972,,,,,1,,,,,
184825,,,3340.06,3379.972,,,,,1,,,,,
184825,,,3390.057,3429.972,,,,,1,,,,,
184825,,,3440.059,3479.972,,,,,1,,,,,
184825,,,3490.056,3529.972,,,,,1,,,,,
184825,,,3540.061,3579.972,,,,,1,,,,,
184825,,,3590.058,3629.972,,,,,1,,,,,
184825,,,3640.061,3679.972,,,,,1,,,,,
184825,,,3690.056,3729.972,,,,,1,,,,,
184825,,,3740.059,3779.972,,,,,1,,,,,
184825,,,3790.057,3829.972,,,,,1,,,,,
184825,,,3840.06,3879.972,,,,,1,,,,,
184825,,,3890.057,3929.972,,,,,1,,,,,
184825,,,3940.059,3979.972,,,,,1,,,,,
184825,,,3990.056,4004.972,,,,,1,,,,,
184825,,,4040.057,4054.973,,,,,1,,,,,
184825,,,4090.055,4104.973,,,,,1,,,,,
184825,,,4140.055,4154.973,,,,,1,,,,,
184825,,,4190.054,4204.973,,,,,1,,,,,
184826,,,2000,2029.973,,,,,1,,,,,
184826,,,2040.055,2079.973,,,,,1,,,,,
184826,,,2090.053,2129.973,,,,,1,,,,,
184826,,,2140.055,2179.973,,,,,1,,,,,
184826,,,2190.052,2229.973,,,,,1,,,,,
184826,,,2240.054,2279.973,,,,,1,,,,,
184826,,,2290.053,2329.973,,,,,1,,,,,
184826,,,2340.055,2379.973,,,,,1,,,,,
184826,,,2390.054,2429.973,,,,,1,,,,,
184826,,,2440.055,2479.973,,,,,1,,,,,
184826,,,2490.052,2529.973,,,,,1,,,,,
184826,,,2540.056,2579.973,,,,,1,,,,,
184826,,,2590.053,2629.973,,,,,1,,,,,
184826,,,2640.056,2654.864,,,,,1,,,,,
184826,,,2655.746,2679.973,,,,,1,,,,,
184826,,,2690.057,2729.973,,,,,1,,,,,
184826,,,2740.059,2779.973,,,,,1,,,,,
184826,,,2790.057,2829.973,,,,,1,,,,,
184826,,,2840.06,2879.973,,,,,1,,,,,
184826,,,2890.058,2929.973,,,,,1,,,,,
184826,,,2940.06,2979.973,,,,,1,,,,,
184826,,,2990.056,3029.973,,,,,1,,,,,
184826,,,3040.06,3079.973,,,,,1,,,,,
184826,,,3090.057,3129.973,,,,,1,,,,,
184826,,,3140.06,3179.973,,,,,1,,,,,
184826,,,3190.057,3206.273,,,,,1,,,,,
184826,,,3207.153,3229.973,,,,,1,,,,,
184826,,,3240.06,3279.973,,,,,1,,,,,
184826,,,3290.057,3329.973,,,,,1,,,,,
184826,,,3340.061,3379.973,,,,,1,,,,,
184826,,,3390.058,3429.973,,,,,1,,,,,
184826,,,3440.059,3479.973,,,,,1,,,,,
184826,,,3490.057,3529.973,,,,,1,,,,,
184826,,,3540.061,3579.973,,,,,1,,,,,
184826,,,3590.058,3629.973,,,,,1,,,,,
184826,,,3640.062,3679.973,,,,,1,,,,,
184826,,,3690.057,3729.973,,,,,1,,,,,
184826,,,3740.06,3779.973,,,,,1,,,,,
184826,,,3790.058,3829.973,,,,,1,,,,,
184826,,,3840.061,3879.973,,,,,1,,,,,
184826,,,3890.058,3929.973,,,,,1,,,,,
184826,,,3940.06,3979.973,,,,,1,,,,,
184826,,,3990.058,4000,,,,,1,,,,,
184829,,,1050,1160,,,,1,,,,,1160,
184829,,,1160,1330,,,,,1,,,,,
184829,,,1330,1334.972,,,,,1,,,,,
184829,,,1345.041,1384.972,,,,,1,,,,,
184829,,,1395.041,1434.972,,,,,1,,,,,
184829,,,1445.041,1484.972,,,,,1,,,,,
184829,,,1495.041,1534.972,,,,,1,,,,,
184829,,,1545.041,1584.972,,,,,1,,,,,
184829,,,1595.041,1634.972,,,,,1,,,,,
184829,,,1645.041,1684.972,,,,,1,,,,,
184829,,,1695.041,1734.972,,,,,1,,,,,
184829,,,1745.041,1784.972,,,,,1,,,,,
184829,,,1795.041,1810,,,,,1,,,,,
184858,,,2000.204,2035.871,,,,,1,,,,,
184858,,,2080.14,2103.472,,,,,1,,,,,
184858,,,2114.344,2158.571,,,,,1,,,,,
184858,,,2194.642,2238.771,,,,,1,,,,,
184858,,,2274.641,2328.872,,,,,1,,,,,
184858,,,2354.64,2398.572,,,,,1,,,,,
184858,,,2434.641,2478.572,,,,,1,,,,,
184858,,,2514.641,2558.471,,,,,1,,,,,
184858,,,2594.64,2638.372,,,,,1,,,,,
184858,,,2674.64,2718.272,,,,,1,,,,,
184858,,,2754.641,2756.07,,,,,1,,,,,
184858,,,2766.848,2810.871,,,,,1,,,,,
184858,,,2847.232,2890.972,,,,,1,,,,,
184858,,,2927.232,2970.973,,,,,1,,,,,
184858,,,3007.232,3058.972,,,,,1,,,,,
184858,,,3087.231,3138.871,,,,,1,,,,,
184858,,,3167.231,3218.772,,,,,1,,,,,
184858,,,3247.231,3298.772,,,,,1,,,,,
184858,,,3327.232,3378.772,,,,,1,,,,,
184858,,,3407.232,3458.771,,,,,1,,,,,
184858,,,3487.232,3538.771,,,,,1,,,,,
184858,,,3567.232,3618.672,,,,,1,,,,,
184858,,,3647.233,3689.071,,,,,1,,,,,
184858,,,3727.232,3769.172,,,,,1,,,,,
184858,,,3807.233,3849.072,,,,,1,,,,,
184858,,,3887.232,3929.072,,,,,1,,,,,
184858,,,4000.057,4211.251,,,,,1,,,,,
184858,,,4222.048,4320,,,,,1,,,,,
184861,,,2280.166,2282.972,,,,1,,,,,,
184861,,,2360.156,2372.073,,,,1,,,,,,
184861,,,2440.185,2452.072,,,,1,,,,,,
184861,,,2520.17,2532.072,,,,1,,,,,,
184861,,,2600.197,2612.072,,,,1,,,,,,
184861,,,2680.14,2692.073,,,,1,,,,,,
184861,,,2760.173,2772.073,,,,1,,,,,,
184861,,,2840.189,2852.073,,,,1,,,,,,
184861,,,2920.157,2931.972,,,,1,,,,,,
184861,,,3000.14,3012.072,,,,1,,,,,,
184861,,,3080.198,3092.073,,,,1,,,,,,
184861,,,3160.175,3171.973,,,,1,,,,,,
184861,,,3240.186,3251.973,,,,1,,,,,,
184861,,,3320.166,3331.972,,,,1,,,,,,
184861,,,3400.233,3411.972,,,,1,,,,,,
184861,,,3480.191,3491.972,,,,1,,,,,,
184968,,,2860.172,2870.073,,,,,1,,,,,
184968,,,2940.14,2947.372,,,,,1,,,,,
184968,,,3180.141,3185.072,,,,,1,,,,,
184968,,,3260.142,3267.073,,,,,1,,,,,
184968,,,3340.141,3350.373,,,,,1,,,,,
184968,,,3420.142,3433.673,,,,,1,,,,,
184968,,,3500.14,3516.873,,,,,1,,,,,
184968,,,3580.141,3600.072,,,,,1,,,,,
184968,,,3660.174,3683.272,,,,,1,,,,,
184968,,,3740.143,3766.472,,,,,1,,,,,
184968,,,3820.143,3849.572,,,,,1,,,,,
185458,,,300.098,2240,,1,,,,,2240,,,
185458,,,2240,3212,,,1,,,,,,,
185461,,,2373,3189,,,1,,,,,,,
185461,,,3500.094,3524.949,,1,,,,,,,,
185461,,,3600.094,3624.949,,1,,,,,,,,
185461,,,3700.094,3724.949,,1,,,,,,,,
185461,,,3800.094,3824.949,,1,,,,,,,,
185461,,,3900.094,3924.949,,1,,,,,,,,
185461,,,4000.094,4024.949,,1,,,,,,,,
185461,,,4100.095,4124.949,,1,,,,,,,,
185461,,,4200.094,4219.949,,1,,,,,,,,
185461,,,4240.095,4259.951,,1,,,,,,,,
185461,,,4280.097,4299.948,,1,,,,,,,,
185461,,,4320.093,4339.951,,1,,,,,,,,
185461,,,4360.094,4379.949,,1,,,,,,,,
185461,,,4400.095,4419.95,,1,,,,,,,,
185461,,,4480.097,4499.948,,,1,,,,,,,
185461,,,4520.095,4539.951,,,1,,,,,,,
185461,,,4560.095,4579.949,,,1,,,,,,,
185461,,,4600.095,4619.95,,,1,,,,,,,
185461,,,4640.094,4659.951,,,1,,,,,,,
185461,,,4680.097,4699.948,,,1,,,,,,,
185461,,,4720.094,4739.951,,,1,,,,,,,
185461,,,4760.095,4779.949,,,1,,,,,,,
185461,,,4800.094,4819.951,,,1,,,,,,,
185461,,,4840.093,4859.951,,,1,,,,,,,
185461,,,4880.096,4899.949,,,1,,,,,,,
185461,,,4920.093,4939.951,,,1,,,,,,,
185461,,,4960.095,4979.949,,,1,,,,,,,
185461,,,5000.095,5019.95,,,1,,,,,,,
185461,,,5040.095,5059.951,,,1,,,,,,,
185461,,,5080.097,5099.949,,,1,,,,,,,
185461,,,5120.094,5139.951,,,1,,,,,,,
185461,,,5160.094,5179.948,,,1,,,,,,,
185461,,,5200.095,5219.95,,,1,,,,,,,
185461,,,5240.094,5259.951,,,1,,,,,,,
185461,,,5280.097,5299.949,,,1,,,,,,,
185461,,,5320.093,5339.951,,,1,,,,,,,
185461,,,5360.094,5379.948,,,1,,,,,,,
185461,,,5400.095,5419.95,,,1,,,,,,,
185461,,,5440.094,5459.952,,,1,,,,,,,
185461,,,5480.096,5499.949,,,1,,,,,,,
185469,,,3350.081,3374.95,,,1,,,,,,,
185469,,,3400.081,3424.951,,,1,,,,,,,
185469,,,3450.081,3474.95,,,1,,,,,,,
185469,,,3500.081,3524.95,,,1,,,,,,,
185469,,,3600.08,3624.95,,,1,,,,,,,
185469,,,3800.08,3824.95,,1,,,,,,,,
185469,,,3900.08,3924.951,,1,,,,,,,,
185469,,,4000.08,4024.951,,1,,,,,,,,
185469,,,4100.08,4124.951,,1,,,,,,,,
185469,,,4200.08,4219.951,,1,,,,,,,,
185469,,,4240.084,4259.949,,1,,,,,,,,
185469,,,4280.087,4299.95,,1,,,,,,,,
185469,,,4320.081,4339.951,,1,,,,,,,,
185469,,,4360.08,4379.948,,1,,,,,,,,
185469,,,4400.081,4419.951,,1,,,,,,,,
185469,,,4440.085,4459.949,,1,,,,,,,,
185469,,,4480.087,4499.95,,1,,,,,,,,
185469,,,4520.081,4539.951,,1,,,,,,,,
185469,,,4560.081,4579.948,,1,,,,,,,,
185469,,,4600.081,4619.951,,1,,,,,,,,
185469,,,4640.084,4659.949,,1,,,,,,,,
185469,,,4680.087,4699.951,,1,,,,,,,,
185469,,,4720.081,4739.951,,1,,,,,,,,
185469,,,4760.08,4779.948,,1,,,,,,,,
185469,,,4800.081,4819.952,,1,,,,,,,,
185469,,,4840.084,4859.949,,1,,,,,,,,
185469,,,4880.087,4899.95,,1,,,,,,,,
185469,,,4920.081,4939.951,,1,,,,,,,,
185469,,,4960.081,4979.948,,1,,,,,,,,
185469,,,5000.081,5019.951,,1,,,,,,,,
185469,,,5040.085,5059.95,,1,,,,,,,,
185469,,,5080.087,5099.95,,1,,,,,,,,
185469,,,5160.081,5179.948,,,1,,,,,,,
185469,,,5200.082,5219.951,,,1,,,,,,,
185469,,,5240.085,5259.95,,,1,,,,,,,
185469,,,5280.087,5299.95,,,1,,,,,,,
185469,,,5320.081,5339.951,,,1,,,,,,,
185469,,,5360.081,5379.948,,,1,,,,,,,
185469,,,5400.082,5419.951,,,1,,,,,,,
185469,,,5440.085,5459.95,,,1,,,,,,,
185469,,,5480.088,5499.95,,,1,,,,,,,
185474,200,6391.08,365,2020,,1,,,,,,,,
185490,,,1800.109,1829.95,,,1,,,,,,,
185490,,,1850.109,1879.95,,,1,,,,,,,
185490,,,1900.109,1929.95,,,1,,,,,,,
185490,,,1950.109,1979.95,,,1,,,,,,,
185490,,,2000.104,2029.95,,,1,,,,,,,
185490,,,2050.108,2079.95,,,1,,,,,,,
185490,,,2100.105,2129.95,,,1,,,,,,,
185490,,,2150.109,2179.95,,,1,,,,,,,
185490,,,2200.104,2229.95,,,1,,,,,,,
185490,,,2250.108,2279.95,,,1,,,,,,,
185490,,,2300.105,2329.95,,,1,,,,,,,
185490,,,2350.106,2379.95,,,1,,,,,,,
185490,,,2400.106,2429.95,,,1,,,,,,,
185490,,,2450.105,2479.95,,,1,,,,,,,
185490,,,2500.105,2529.95,,,1,,,,,,,
185490,,,2550.106,2579.95,,,1,,,,,,,
185490,,,2600,3134,,,1,,,,,3134,,
185490,,,2600.106,3101,,,1,,,,,,,
185490,,,3134,3224,,1,,,,,,,,
185490,,,3134,3224,,1,,,,,,,,
185490,,,3300.107,3324.951,,1,,,,,,,,
185490,,,3400.107,3424.951,,1,,,,,,,,
185490,,,3500.109,3524.951,,1,,,,,,,,
185490,,,3600.11,3624.951,,1,,,,,,,,
185490,,,3700.109,3724.951,,1,,,,,,,,
185490,,,3800.109,3824.951,,1,,,,,,,,
185490,,,3900.108,3924.951,,1,,,,,,,,
185490,,,4000.109,4024.951,,1,,,,,,,,
185490,,,4100.109,4124.951,,1,,,,,,,,
185491,,,2050.085,2079.951,,,1,,,,,,,
185491,,,2100.085,2129.951,,,1,,,,,,,
185491,,,2150.085,2179.951,,,1,,,,,,,
185491,,,2200.085,2229.951,,,1,,,,,,,
185491,,,2250.084,2279.951,,,1,,,,,,,
185491,,,2300.085,2329.951,,,1,,,,,,,
185491,,,2350.085,2379.951,,,1,,,,,,,
185491,,,2400.085,2429.951,,,1,,,,,,,
185491,,,2450.084,2479.951,,,1,,,,,,,
185491,,,2500.085,2529.95,,,1,,,,,,,
185491,,,2550.085,2579.951,,,1,,,,,,,
185491,,,2600.085,3212,,,1,,,,,,,
185491,,,3416,3424.95,,1,,,,,,,,
185491,,,3500.084,3524.95,,1,,,,,,,,
185491,,,3600.085,3624.95,,1,,,,,,,,
185491,,,3700.085,3724.95,,1,,,,,,,,
185491,,,3800.085,3824.95,,1,,,,,,,,
185491,,,3900.085,3924.95,,1,,,,,,,,
185491,,,4000.085,4024.95,,1,,,,,,,,
185491,,,4100.085,4124.949,,1,,,,,,,,
185492,,,2600,2646,,1,,,,,2646,,,
185492,,,2646,3224.95,,,1,,,,,,,
185492,,,3300.087,3324.951,,,1,,,,,,,
185492,,,3600.089,3624.951,,1,,,,,,,,
185492,,,3700.088,3724.951,,1,,,,,,,,
185492,,,3800.089,3824.951,,1,,,,,,,,
185492,,,3900.089,3924.95,,1,,,,,,,,
185492,,,4000.089,4024.95,,1,,,,,,,,
185492,,,4100.089,4124.95,,1,,,,,,,,
185493,,,300.099,1029.951,,1,,,,,,,,
185493,,,1050.097,1079.951,,1,,,,,,,,
185493,,,1100.098,1129.951,,1,,,,,,,,
185493,,,1150.097,1179.951,,1,,,,,,,,
185493,,,1200.098,1229.951,,1,,,,,,,,
185493,,,1250.098,1279.951,,1,,,,,,,,
185493,,,1300.097,1329.951,,1,,,,,,,,
185493,,,1350.098,1379.951,,1,,,,,,,,
185493,,,1400.098,1429.951,,1,,,,,,,,
185493,,,1450.098,1479.951,,1,,,,,,,,
185493,,,1500.097,1529.951,,1,,,,,,,,
185493,,,1550.097,1579.951,,1,,,,,,,,
185493,,,1600.098,1629.951,,1,,,,,,,,
185493,,,1650.098,1679.951,,1,,,,,,,,
185493,,,1700.098,1729.951,,1,,,,,,,,
185493,,,1750.097,1779.951,,1,,,,,,,,
185493,,,1800.097,1829.951,,1,,,,,,,,
185493,,,1850.098,1879.951,,1,,,,,,,,
185493,,,1900.097,1929.951,,1,,,,,,,,
185493,,,1950.098,1979.951,,1,,,,,,,,
185493,,,2000.095,2029.951,,1,,,,,,,,
185493,,,2050.098,2079.951,,1,,,,,,,,
185493,,,2100.096,2129.951,,1,,,,,,,,
185493,,,2150.097,2179.951,,1,,,,,,,,
185493,,,2200.095,2229.951,,1,,,,,,,,
185493,,,2250.097,2279.951,,1,,,,,,,,
185493,,,2300.096,2329.951,,1,,,,,,,,
185493,,,2350.097,2379.951,,1,,,,,,,,
185493,,,2400.097,2429.951,,1,,,,,,,,
185493,,,2450.096,2479.951,,1,,,,,,,,
185493,,,2500.096,2529.951,,1,,,,,,,,
185493,,,2550.096,2579.951,,1,,,,,,,,
185493,,,2600.096,2642,,1,,,,,,,,
185493,,,2667,3224.949,,,1,,,,,,,
185493,,,3300.096,3324.95,,,1,,,,,,,
185493,,,3600.098,3624.95,,1,,,,,,,,
185493,,,3700.097,3724.95,,1,,,,,,,,
185493,,,3800.098,3824.95,,1,,,,,,,,
185493,,,3900.098,3924.951,,1,,,,,,,,
185493,,,4000.098,4024.95,,1,,,,,,,,
185493,,,4100.098,4124.95,,1,,,,,,,,
185497,,,300.091,1029.95,,1,,,,,,,,
185497,,,1050.092,1079.95,,1,,,,,,,,
185497,,,1100.092,1129.95,,1,,,,,,,,
185497,,,1150.092,1179.951,,1,,,,,,,,
185497,,,1200.092,1229.95,,1,,,,,,,,
185497,,,1250.092,1279.95,,1,,,,,,,,
185497,,,1300.093,1329.95,,1,,,,,,,,
185497,,,1350.092,1379.951,,1,,,,,,,,
185497,,,1400.092,1429.95,,1,,,,,,,,
185497,,,1450.092,1479.95,,1,,,,,,,,
185497,,,1500.092,1529.95,,1,,,,,,,,
185497,,,1550.092,1579.95,,1,,,,,,,,
185497,,,1600.093,1629.95,,1,,,,,,,,
185497,,,1650.092,1679.95,,1,,,,,,,,
185497,,,1700.093,1729.95,,1,,,,,,,,
185497,,,1750.093,1779.95,,1,,,,,,,,
185497,,,1800.093,1829.95,,1,,,,,,,,
185497,,,1850.093,1879.949,,1,,,,,,,,
185497,,,1900.092,1929.949,,1,,,,,,,,
185497,,,1950.093,1979.949,,1,,,,,,,,
185497,,,2000.091,2029.949,,1,,,,,,,,
185497,,,2050.092,2079.949,,1,,,,,,,,
185497,,,2100.092,2129.949,,1,,,,,,,,
185497,,,2150.093,2179.949,,1,,,,,,,,
185497,,,2200.091,2229.949,,1,,,,,,,,
185497,,,2250.092,2279.949,,1,,,,,,,,
185497,,,2300.092,2329.949,,1,,,,,,,,
185497,,,2350.092,2379.949,,1,,,,,,,,
185497,,,2400.092,2429.949,,1,,,,,,,,
185497,,,2450.092,2474,,1,,,,,,,,
185498,200,6391.08,300,2076,,1,,,,,,,,
185499,200,6391.08,336,2809,,1,,,,,,,,
185502,,,4462,4479.951,,,1,,,,,,,
185502,,,4500.08,4529.951,,,1,,,,,,,
185502,,,4550.08,4579.951,,,1,,,,,,,
185502,,,4600.08,4629.95,,,1,,,,,,,
185502,,,4650.079,4679.951,,,1,,,,,,,
185502,,,4700.079,4729.951,,,1,,,,,,,
185502,,,4750.08,4779.951,,,1,,,,,,,
185502,,,4800.081,4834.95,,,1,,,,,,,
185502,,,4850.08,4884.95,,,1,,,,,,,
185502,,,4900.079,4934.95,,,1,,,,,,,
185502,,,4950.08,4970,,,1,,,,,,,
185503,,,300.08,1172,,1,,,,,1172,,,
185503,,,1172,3212,,,1,,,,,,,
185503,,,5098,5398,,,1,,,,,5398,,
185871,,,2110.039,5170,,,1,,,,,,,
185872,200,5150.085,2020,4790,,,1,,,,,,,
185876,200,6391.08,1984,5366,,,1,,,,,,,
185915,200,5431.585,2416,3963,,,1,,,,,,,
185918,200,5582.085,1517,4215,,,1,,,,,,,
185920,200,5621.085,2092,3279,,,1,,,,,,,
186230,200,5397.58,1984,4394,,,1,,,,,,,
187018,,,1000.065,1025,,1,,,,,,,,
187020,200,6391.03,1265,5797,,,1,,,,,,,
187025,200,6183.53,1373,5582,,,1,,,,,,,
187032,200,6391.03,1948,5114,,,1,,,,,,,
187035,200,6391.37,3927,5510,,,1,,,,,,,
187036,200,6391.37,1840,5653,,,1,,,,,,,
187038,,,1000.041,1013,,1,,,,,,,,
187045,200,6003.53,1768,5186,,,1,,,,,,,
187049,,,1000.043,1005,,1,,,,,,,,
187050,,,714.434,720.075,,1,,,,,,,,
187050,,,730.135,735.075,,1,,,,,,,,
189104,1000,5714.64,1984,5186,,,1,,,,,,,
189106,1000,5716.04,1552,5186,,,1,,,,,,,
189107,1000,5713.84,1445,5402,,,1,,,,,,,
189113,1000,5970.445,1732,5294,,,1,,,,,,,
189189,500,5642.78,1768,5761,rmp elm suppression,,1,,,1,,,,
189191,1200,5628.98,2056,4718,rmp elm suppression,,1,,,1,,,,
189196,1200,5202.78,1660,2919,rmp elm suppression,,1,,,1,,,,
189203,1000,5333.18,1660,2092,,,1,,,,,,,
189283,100,5993.87,2344,5294,,,1,,,,,,,
189292,100,6011.87,2668,5114,,,1,,,,,,,
189295,100,6039.065,2596,4179,,,1,,,,,,,
189300,100,5930.465,2596,3351,,,1,,,,,,,
189301,100,6002.07,2668,3819,,,1,,,,,,,
189303,100,5995.665,2596,3171,,,1,,,,,,,
189315,100,6017.465,2452,4107,,,1,,,,,,,
189329,,,540.138,558.074,,1,,,,,,,,
189329,,,580.131,599.274,,1,,,,,,,,
189329,,,620.131,640.374,,1,,,,,,,,
189329,,,660.131,681.474,,1,,,,,,,,
189329,,,740.138,763.774,,1,,,,,,,,
189329,,,791.039,816.074,,1,,,,,,,,
189329,,,831.131,857.174,,1,,,,,,,,
189329,,,871.038,898.374,,1,,,,,,,,
189329,,,911.038,939.473,,1,,,,,,,,
189329,,,951.131,980.573,,1,,,,,,,,
189329,,,991.132,1021.674,,1,,,,,,,,
189329,,,1031.039,1062.073,,1,,,,,,,,
189329,,,1071.131,1102.074,,1,,,,,,,,
189329,,,1122.131,1153.073,,1,,,,,,,,
189329,,,1162.131,1211.873,,1,,,,,,,,
189329,,,1242.039,1417.473,,1,,,,,,,,
189329,,,1442.039,1617.674,,1,,,,,,,,
189329,,,1642.039,1817.774,,1,,,,,,,,
189329,,,1842.039,1988.773,,1,,,,,,,,
189362,500,5328.98,1966,4445,,,1,,,,,,,
189363,,,520.23,533.872,,1,,,,,,,,
189363,,,560.231,574.974,,1,,,,,,,,
189363,,,640.231,657.174,,1,,,,,,,,
189363,,,680.231,698.174,,1,,,,,,,,
189363,,,720.246,739.371,,1,,,,,,,,
189363,,,760.249,780.471,,1,,,,,,,,
189363,,,840.247,862.574,,1,,,,,,,,
189363,,,880.247,903.674,,1,,,,,,,,
189363,,,920.23,944.774,,1,,,,,,,,
189363,,,960.231,985.972,,1,,,,,,,,
189363,,,1000.245,1007.969,,1,,,,,,,,
189363,,,1040.246,1050.175,,1,,,,,,,,
189363,,,1080.246,1091.375,,1,,,,,,,,
189363,,,1120.23,1132.574,,1,,,,,,,,
189363,,,1160.231,1173.772,,1,,,,,,,,
189363,,,1240.231,1256.171,,1,,,,,,,,
189363,,,1280.23,1297.171,,1,,,,,,,,
189363,,,1320.246,1338.174,,1,,,,,,,,
189363,,,1360.247,1370,,1,,,,,,,,
189365,500,5515.775,2056,3783,,,1,,,,,,,
189385,,,1500.103,2136,,1,,,,,2136,,,
189385,,,2136,2510,,,1,,,,,2510,,
189385,,,2510,2847,,1,,,,,2847,,,
189385,,,2847,3223,,,1,,,,,3223,,
189385,,,3223,3558,,1,,,,,3558,,,
189385,,,3558,3998,,,1,,,,,3998,,
189385,,,3998,4383,,1,,,,,4383,,,
189602,,,1735.053,1770.848,,1,,,,,,,,
189602,,,1781.957,1783.946,,1,,,,,,,,
189602,,,1795.156,1853.448,,1,,,,,,,,
189602,,,1887.16,1892.648,,1,,,,,,,,
189602,,,1903.856,1928,,1,,,,,,,,
189602,,,1943.756,2742.349,,,1,,,,,,,
189602,,,2753.557,2817,,,1,,,,,,,
189603,,,2395,2977.952,,,1,,,,,,,
189603,,,2989.153,2999.749,,,1,,,,,,,
189603,,,3010.951,3174.851,,,1,,,,,,,
189603,,,3186.052,3289,,,1,,,,,,,
189645,1000,5415.905,2488,4898,,,1,,,,,,,
189646,1000,5425.5,2308,4682,,,1,,,,,,,
189647,1000,5488.705,2128,4970,,,1,,,,,,,
189650,1000,5485.195,2272,4215,,,1,,,,,,,
189651,1000,5531.395,2308,4898,,,1,,,,,,,
189652,1000,5500.995,2164,3387,,,1,,,,,,,
190507,,,800.043,805.272,,1,,,,,,,,
190507,,,816.633,1028,,1,,,,,,,,
190507,,,1349,1360.972,,,,1,,,,,,
190507,,,1372.233,1787.372,,,,1,,,,,,
190507,,,1798.632,1999.972,,,,1,,,,,,
190507,,,2010.077,2078.871,,,,1,,,,,,
190507,,,2090.133,4244,,,,1,,,,,,
190508,,,800.041,810.872,,1,,,,,,,,
190508,,,833.633,1539,,1,,,,,,,,
190509,,,2165,3558,,,,1,,,,,,
190510,,,800.046,982,,1,,,,,,,,
190512,400,5357.47,1200,3400,,,,1,,,,,,
190514,,,1625,3024,,,,1,,,,,3024,
190514,,,3024,4916,,,,,1,,,,,
190515,,,1625,2758,,,,1,,,,,2758,
190515,,,2758,4696,,,,,1,,,,,
190549,,,400.123,409.935,,1,,,,,,,,
190549,,,420.113,429.934,,1,,,,,,,,
190549,,,440.102,449.928,,1,,,,,,,,
190549,,,460.104,469.924,,1,,,,,,,,
190549,,,480.102,489.932,,1,,,,,,,,
190549,,,500.108,509.933,,1,,,,,,,,
190549,,,520.116,529.933,,1,,,,,,,,
190549,,,540.102,549.927,,1,,,,,,,,
190549,,,560.105,569.923,,1,,,,,,,,
190549,,,580.102,589.931,,1,,,,,,,,
190549,,,600.109,609.933,,1,,,,,,,,
190549,,,620.115,629.933,,1,,,,,,,,
190549,,,640.102,649.928,,1,,,,,,,,
190549,,,660.106,669.924,,1,,,,,,,,
190549,,,680.102,689.931,,1,,,,,,,,
190549,,,700.11,709.933,,1,,,,,,,,
190549,,,720.116,729.933,,1,,,,,,,,
190549,,,740.102,749.927,,1,,,,,,,,
190549,,,760.105,769.924,,1,,,,,,,,
190549,,,780.102,785,,1,,,,,,,,
190549,,,1270,1274.927,,,,,1,,,,,
190549,,,1295.117,1374.927,,,,,1,,,,,
190549,,,1395.116,1474.927,,,,,1,,,,,
190549,,,1495.116,1574.927,,,,,1,,,,,
190549,,,1595.116,1674.927,,,,,1,,,,,
190549,,,1695.114,1774.927,,,,,1,,,,,
190549,,,1795.114,1874.926,,,,,1,,,,,
190549,,,1895.114,1974.926,,,,,1,,,,,
190549,,,1995.113,2074.926,,,,,1,,,,,
190549,,,2095.114,2174.926,,,,,1,,,,,
190564,,,1379.936,1409.873,,,,,1,,,,,
190564,,,1429.936,1459.873,,,,,1,,,,,
190564,,,1479.936,1509.873,,,,,1,,,,,
190564,,,1529.936,1559.873,,,,,1,,,,,
190564,,,1579.936,1609.873,,,,,1,,,,,
190564,,,1629.935,1659.873,,,,,1,,,,,
190564,,,1679.935,1709.873,,,,,1,,,,,
190564,,,1729.936,1759.873,,,,,1,,,,,
190564,,,1779.935,1809.873,,,,,1,,,,,
190564,,,1829.935,1859.873,,,,,1,,,,,
190564,,,1879.935,1909.873,,,,,1,,,,,
190564,,,1929.936,1959.873,,,,,1,,,,,
190564,,,1979.935,2009.873,,,,,1,,,,,
190564,,,2029.935,2059.873,,,,,1,,,,,
190564,,,2079.935,2109.873,,,,,1,,,,,
190564,,,2129.936,2159.873,,,,,1,,,,,
190564,,,2179.935,2209.873,,,,,1,,,,,
190564,,,2229.935,2259.873,,,,,1,,,,,
190564,,,2279.935,2300,,,,,1,,,,,
190629,,,1520,1554.973,,,,,1,,,,,
190629,,,1565.056,1604.974,,,,,1,,,,,
190629,,,1615.057,1654.974,,,,,1,,,,,
190629,,,1665.059,1704.974,,,,,1,,,,,
190629,,,1715.06,1754.974,,,,,1,,,,,
190629,,,1765.054,1804.974,,,,,1,,,,,
190629,,,1815.06,1854.974,,,,,1,,,,,
190629,,,1865.063,1904.974,,,,,1,,,,,
190629,,,1915.058,1954.974,,,,,1,,,,,
190629,,,1965.059,2004.974,,,,,1,,,,,
190629,,,2015.059,2054.974,,,,,1,,,,,
190629,,,2065.056,2104.974,,,,,1,,,,,
190629,,,2115.058,2154.974,,,,,1,,,,,
190629,,,2165.058,2204.974,,,,,1,,,,,
190629,,,2215.058,2254.974,,,,,1,,,,,
190629,,,2265.061,2304.974,,,,,1,,,,,
190629,,,2315.059,2354.974,,,,,1,,,,,
190629,,,2365.054,2404.974,,,,,1,,,,,
190629,,,2415.061,2454.974,,,,,1,,,,,
190629,,,2465.06,2504.974,,,,,1,,,,,
190629,,,2515.057,2554.974,,,,,1,,,,,
190629,,,2565.055,2604.974,,,,,1,,,,,
190629,,,2615.057,2654.974,,,,,1,,,,,
190629,,,2665.057,2704.974,,,,,1,,,,,
190629,,,2715.058,2754.974,,,,,1,,,,,
190629,,,2765.057,2804.974,,,,,1,,,,,
190629,,,2815.055,2854.974,,,,,1,,,,,
190629,,,2865.056,2904.974,,,,,1,,,,,
190629,,,2915.058,2930,,,,,1,,,,,
190633,,,1295,1304.973,,,,,1,,,,,
190633,,,1315.052,1354.973,,,,,1,,,,,
190633,,,1365.053,1404.973,,,,,1,,,,,
190633,,,1415.056,1454.973,,,,,1,,,,,
190633,,,1465.054,1504.973,,,,,1,,,,,
190633,,,1515.057,1554.973,,,,,1,,,,,
190633,,,1565.055,1604.973,,,,,1,,,,,
190633,,,1615.055,1654.973,,,,,1,,,,,
190633,,,1665.059,1704.973,,,,,1,,,,,
190633,,,1715.061,1748.474,,,,,1,,,,,
190633,,,1765.055,1804.973,,,,,1,,,,,
190633,,,1815.061,1854.973,,,,,1,,,,,
190633,,,1865.06,1904.973,,,,,1,,,,,
190633,,,1915.057,1954.973,,,,,1,,,,,
190633,,,1965.058,2004.973,,,,,1,,,,,
190633,,,2015.061,2054.973,,,,,1,,,,,
190633,,,2065.058,2104.973,,,,,1,,,,,
190633,,,2115.062,2154.973,,,,,1,,,,,
190633,,,2165.061,2204.973,,,,,1,,,,,
190633,,,2215.06,2254.973,,,,,1,,,,,
190633,,,2265.064,2304.973,,,,,1,,,,,
190633,,,2315.064,2354.973,,,,,1,,,,,
190633,,,2365.057,2404.973,,,,,1,,,,,
190633,,,2415.069,2442.874,,,,,1,,,,,
190633,,,2465.092,2504.973,,,,,1,,,,,
190633,,,2515.08,2554.973,,,,,1,,,,,
190633,,,2565.079,2604.973,,,,,1,,,,,
190633,,,2615.086,2654.973,,,,,1,,,,,
190633,,,2665.082,2704.973,,,,,1,,,,,
190633,,,2715.09,2754.973,,,,,1,,,,,
190633,,,2765.082,2804.973,,,,,1,,,,,
190633,,,2815.082,2854.973,,,,,1,,,,,
190633,,,2865.088,2904.973,,,,,1,,,,,
190633,,,2915.092,2954.973,,,,,1,,,,,
190633,,,2965.078,3004.973,,,,,1,,,,,
190633,,,3015.095,3054.973,,,,,1,,,,,
190633,,,3065.092,3104.973,,,,,1,,,,,
190633,,,3115.084,3154.973,,,,,1,,,,,
190633,,,3165.086,3204.973,,,,,1,,,,,
190633,,,3215.094,3254.973,,,,,1,,,,,
190633,,,3265.087,3300,,,,,1,,,,,
190663,,,1668,3300,,,,1,,,,,,
190666,,,2686,4000,,,,1,,,,,,
190670,,,3000,5000,,,,,1,,,,,
190671,200,5365.87,3000,5000,,,,,1,,,,,
190856,,,1500.045,1630,,1,,,,,1630,,,
190856,,,1630,5651,,,1,,,,,,,
190857,100,6291.4,1912,5474,,,1,,,,,,,
190861,100,5628,2128,5114,,,1,,,,,,,
190863,100,5624.18,1804,5258,,,1,,,,,,,
190869,100,6011.985,2416,5330,,,1,,,,,,,
191030,1000,5189.665,4574,4862,,,1,,,,,,,
191376,,,300.049,2065,,1,,,,,2065,,,
191376,,,2065,2503,,,1,,,,,,,
191782,,,2168,2189.955,,,1,,,,,,,
191782,,,2200.072,2239.955,,,1,,,,,,,
191782,,,2250.072,2289.955,,,1,,,,,,,
191782,,,2300.072,2339.955,,,1,,,,,,,
191782,,,2350.072,2389.955,,,1,,,,,,,
191782,,,2400.072,2439.955,,,1,,,,,,,
191782,,,2450.072,2489.955,,,1,,,,,,,
191782,,,2500.072,2539.955,,,1,,,,,,,
191782,,,2550.072,2589.955,,,1,,,,,,,
191782,,,2600.072,2639.955,,,1,,,,,,,
191782,,,2650.072,2689.955,,,1,,,,,,,
191782,,,2700.072,2739.955,,,1,,,,,,,
191782,,,2750.072,2789.955,,,1,,,,,,,
191782,,,2800.072,2839.955,,,1,,,,,,,
191782,,,2850.072,2889.955,,,1,,,,,,,
191782,,,2900.072,2939.955,,,1,,,,,,,
191782,,,2950.072,2989.955,,,1,,,,,,,
191782,,,3010.069,3039.955,,,1,,,,,,,
191782,,,3050.071,3089.955,,,1,,,,,,,
191782,,,3100.072,3139.955,,,1,,,,,,,
191782,,,3150.072,3178,,,1,,,,,,,
191782,,,3351,3389.954,,1,,,,,,,,
191782,,,3400.072,3439.954,,1,,,,,,,,
191782,,,3450.072,3489.954,,1,,,,,,,,
191782,,,3500.072,3539.954,,1,,,,,,,,
191782,,,3550.072,3589.954,,1,,,,,,,,
191782,,,3600.072,3639.954,,1,,,,,,,,
191782,,,3650.072,3689.954,,1,,,,,,,,
191782,,,3700.071,3739.954,,1,,,,,,,,
191782,,,3750.072,3789.954,,1,,,,,,,,
191782,,,3800.072,3839.954,,1,,,,,,,,
191782,,,3850.072,3889.954,,1,,,,,,,,
191782,,,3900.072,3939.954,,1,,,,,,,,
191782,,,3950.072,3989.954,,1,,,,,,,,
191782,,,4010.068,4039.955,,1,,,,,,,,
191782,,,4050.072,4089.955,,1,,,,,,,,
191782,,,4100.073,4139.954,,1,,,,,,,,
191782,,,4150.072,4189.955,,1,,,,,,,,
191782,,,4200.072,4239.954,,1,,,,,,,,
191782,,,4250.073,4289.955,,1,,,,,,,,
191782,,,4300.072,4339.954,,1,,,,,,,,
191782,,,4350.073,4380,,1,,,,,,,,
191783,,,1000.071,1039.951,,1,,,,,,,,
191783,,,1050.071,1089.951,,1,,,,,,,,
191783,,,1100.071,1139.951,,1,,,,,,,,
191783,,,1150.071,1189.951,,1,,,,,,,,
191783,,,1200.071,1239.952,,1,,,,,,,,
191783,,,1250.071,1289.952,,1,,,,,,,,
191783,,,1300.071,1339.952,,1,,,,,,,,
191783,,,1350.071,1389.952,,1,,,,,,,,
191783,,,1400.07,1439.952,,1,,,,,,,,
191783,,,1450.071,1489.952,,1,,,,,,,,
191783,,,1500.071,1539.952,,1,,,,,,,,
191783,,,1550.071,1589.952,,1,,,,,,,,
191783,,,1600.07,1639.952,,1,,,,,,,,
191783,,,1650.071,1689.952,,1,,,,,,,,
191783,,,1700.071,1739.952,,1,,,,,,,,
191783,,,1750.071,1789.952,,1,,,,,,,,
191783,,,1800.071,1839.952,,1,,,,,,,,
191783,,,1850.071,1889.952,,1,,,,,,,,
191783,,,1900.071,1939.953,,1,,,,,,,,
191783,,,1950.071,1989.952,,1,,,,,,,,
191783,,,2010.069,2039.953,,1,,,,,,,,
191783,,,2050.071,2082,,1,,,,,,,,
191783,,,2100.071,2139.953,,,1,,,,,,,
191783,,,2150.071,2189.953,,,1,,,,,,,
191783,,,2200.071,2239.953,,,1,,,,,,,
191783,,,2250.071,2289.953,,,1,,,,,,,
191783,,,2300.071,2339.953,,,1,,,,,,,
191783,,,2350.071,2389.953,,,1,,,,,,,
191783,,,2400.071,2439.953,,,1,,,,,,,
191783,,,2450.071,2489.953,,,1,,,,,,,
191783,,,2500.071,2539.953,,,1,,,,,,,
191783,,,2550.071,2589.951,,,1,,,,,,,
191783,,,2600.071,2639.953,,,1,,,,,,,
191783,,,2650.072,2689.952,,,1,,,,,,,
191783,,,2700.072,2739.953,,,1,,,,,,,
191783,,,2750.071,2789.953,,,1,,,,,,,
191783,,,2800.072,2839.953,,,1,,,,,,,
191783,,,2850.072,2889.954,,,1,,,,,,,
191783,,,2900.072,2939.954,,,1,,,,,,,
191783,,,2950.072,2989.954,,,1,,,,,,,
191783,,,3010.069,3039.954,,,1,,,,,,,
191783,,,3050.072,3089.954,,,1,,,,,,,
191783,,,3100.072,3139.954,,,1,,,,,,,
191783,,,3150.072,3189.954,,,1,,,,,,,
191783,,,3200.072,3239.954,,,1,,,,,,,
191783,,,3250.072,3289.954,,,1,,,,,,,
191783,,,3300.072,3339.954,,,1,,,,,,,
191783,,,3350.072,3389.954,,,1,,,,,,,
191783,,,3400.072,3439.954,,,1,,,,,,,
191783,,,3450.072,3489.954,,,1,,,,,,,
191783,,,3500.072,3539.954,,,1,,,,,,,
191783,,,3550.072,3589.954,,,1,,,,,,,
191783,,,3600.072,3639.954,,,1,,,,,,,
191783,,,3650.072,3689.954,,,1,,,,,,,
191783,,,3700.071,3735,,,1,,,,,,,
192704,400,3397.27,800,987,,1,,,,,,,,
192705,400,5332.07,790,979,,1,,,,,,,,
192707,400,5344.47,1892,2206,,,,,1,,,,,
192710,,,800.066,805,,1,,,,,,,,
192710,,,1250,1500,,,,1,,,,,1500,
192710,,,1500,2500,,,,,1,,,,,
192711,,,1500,1850,,,,1,,,,,1850,
192711,,,1850,1958.174,,,,,1,,,,,
192711,,,1959.131,2375.174,,,,,1,,,,,
192711,,,2376.031,2770,,,,,1,,,,,
192718,,,1174,1887,,,,,1,,,,,
192751,400,5365.465,2000,2300,,,,1,,,,,,
192756,400,5254.67,2000,4500,,,,1,,,,,,
192760,400,5361.67,2000,3300,,,,1,,,,,,
192761,400,5355.67,784,789,,1,,,,,,,,
192761,400,5355.67,805,810,,1,,,,,,,,
192761,400,5355.67,2000,4000,,,,1,,,,,,
192763,400,5358.87,401,409,,1,,,,,,,,
192763,,,1175,1841,,,,1,,,,,1841,
192763,400,5358.87,1841,2309,,,,,1,,,,,
192764,,,2120.097,2129.969,,,,,1,,,,,
192764,,,2140.099,2149.97,,,,,1,,,,,
192764,,,2160.096,2169.971,,,,,1,,,,,
192764,,,2180.087,2189.971,,,,,1,,,,,
192764,,,2200.1,2209.97,,,,,1,,,,,
192764,,,2220.091,2229.969,,,,,1,,,,,
192764,,,2240.094,2249.97,,,,,1,,,,,
192764,,,2260.095,2269.97,,,,,1,,,,,
192764,,,2280.086,2289.971,,,,,1,,,,,
192764,,,2300.099,2309.97,,,,,1,,,,,
192764,,,2320.091,2329.969,,,,,1,,,,,
192764,,,2340.096,2349.97,,,,,1,,,,,
192764,,,2360.094,2369.97,,,,,1,,,,,
192764,,,2380.087,2389.97,,,,,1,,,,,
192764,,,2400.1,2409.97,,,,,1,,,,,
192764,,,2420.091,2429.969,,,,,1,,,,,
192764,,,2440.094,2449.97,,,,,1,,,,,
192764,,,2460.094,2469.971,,,,,1,,,,,
192764,,,2480.085,2489.97,,,,,1,,,,,
192764,,,2500.099,2509.97,,,,,1,,,,,
192764,,,2520.09,2529.969,,,,,1,,,,,
192764,,,2540.095,2549.97,,,,,1,,,,,
192764,,,2560.092,2569.971,,,,,1,,,,,
192764,,,2580.086,2589.97,,,,,1,,,,,
192764,,,2600.096,2609.97,,,,,1,,,,,
192764,,,2620.089,2629.969,,,,,1,,,,,
192764,,,2640.091,2649.971,,,,,1,,,,,
192764,,,2660.088,2669.971,,,,,1,,,,,
192764,,,2680.083,2689.97,,,,,1,,,,,
192764,,,2700.095,2709.97,,,,,1,,,,,
192764,,,2720.086,2729.969,,,,,1,,,,,
192764,,,2740.09,2749.971,,,,,1,,,,,
192764,,,2760.088,2769.971,,,,,1,,,,,
192764,,,2780.086,2789.97,,,,,1,,,,,
192764,,,2800.098,2809.97,,,,,1,,,,,
192764,,,2820.088,2829.969,,,,,1,,,,,
192764,,,2840.089,2849,,,,,1,,,,,
192767,,,1600.086,1634.969,,,,,1,,,,,
192767,,,1650.082,1684.969,,,,,1,,,,,
192767,,,1700.083,1708.373,,,,,1,,,,,
192767,,,1720.336,1734.969,,,,,1,,,,,
192767,,,1750.082,1784.969,,,,,1,,,,,
192767,,,1800.08,1834.969,,,,,1,,,,,
192767,,,1850.081,1884.969,,,,,1,,,,,
192767,,,1900.082,1934.969,,,,,1,,,,,
192767,,,1950.082,1984.969,,,,,1,,,,,
192767,,,2000.08,2010.156,,,,,1,,,,,
192767,,,2020.081,2029.971,,,,,1,,,,,
192767,,,2040.08,2049.971,,,,,1,,,,,
192767,,,2060.076,2069.97,,,,,1,,,,,
192767,,,2080.087,2089.97,,,,,1,,,,,
192767,,,2100.08,2109.969,,,,,1,,,,,
192768,,,1500.134,1534.969,,,,,1,,,,,
192768,,,1550.135,1584.969,,,,,1,,,,,
192768,,,1600.134,1634.969,,,,,1,,,,,
192768,,,1650.135,1684.969,,,,,1,,,,,
192768,,,1700.135,1734.969,,,,,1,,,,,
192768,,,1750.135,1784.969,,,,,1,,,,,
192768,,,1800.135,1834.969,,,,,1,,,,,
192768,,,1850.135,1884.969,,,,,1,,,,,
192768,,,1900.135,1934.969,,,,,1,,,,,
192942,,,1000.052,1229.973,,1,,,,,,,,
192942,,,1250.097,1479.973,,1,,,,,,,,
192942,,,1500.11,1559,,1,,,,,1559,,,
192942,,,1559,4950,,,1,,,,,,,
193090,,,1646,5442,,,1,,,,,,,
193093,,,1629,5293.668,,,1,,,,,,,
193093,,,5304.848,5496,,,1,,,,,,,
193097,,,1622,5325,,,1,,,,,,,
195262,,,1282,1341.173,,,1,,,,,,,
195262,,,1350.143,1405.173,,,1,,,,,,,
195262,,,1408.56,1418.474,,,1,,,,,,,
195262,,,1433.533,1439.772,,,1,,,,,,,
195262,,,1450.23,1464.173,,,1,,,,,,,
195262,,,1475.23,1500.173,,,1,,,,,,,
195262,,,1533.532,1570.472,,,1,,,,,,,
195262,,,1575.23,1580.173,,,1,,,,,,,
195262,,,1600.143,2099.472,,,1,,,,,,,
195262,,,2100.23,2108.472,,,1,,,,,,,
195262,,,2108.531,2238.474,,,1,,,,,,,
195262,,,2250.14,2374.474,,,1,,,,,,,
195262,,,2375.14,2391.172,,,1,,,,,,,
195262,,,2400.23,2490.574,,,1,,,,,,,
195262,,,2500.23,2674.474,,,1,,,,,,,
195262,,,2675.14,2698.974,,,1,,,,,,,
195262,,,2700.14,2755.773,,,1,,,,,,,
195262,,,2775.23,2782.473,,,1,,,,,,,
195262,,,2783.531,2792.474,,,1,,,,,,,
195262,,,2800.14,2866.173,,,1,,,,,,,
195262,,,2875.14,2880.172,,,1,,,,,,,
195262,,,2883.568,2888.672,,,1,,,,,,,
195262,,,2900.23,2980.973,,,1,,,,,,,
195262,,,2983.567,2989.772,,,1,,,,,,,
195262,,,3000.14,3088.472,,,1,,,,,,,
195262,,,3100.14,5667,,,1,,,,,,,
195264,,,1258,1341.073,,,1,,,,,,,
195264,,,1350.231,1405.262,,,1,,,,,,,
195264,,,1408.533,1422.164,,,1,,,,,,,
195264,,,1425.231,1432.659,,,1,,,,,,,
195264,,,1433.533,1453.261,,,1,,,,,,,
195264,,,1455.165,1460.073,,,1,,,,,,,
195264,,,1477.833,1483.062,,,1,,,,,,,
195264,,,1502.833,1507.674,,,1,,,,,,,
195264,,,1519.43,1543.674,,,1,,,,,,,
195264,,,1544.43,1557.761,,,1,,,,,,,
195264,,,1569.442,1574.361,,,1,,,,,,,
195264,,,1594.43,1618.76,,,1,,,,,,,
195264,,,1619.43,1624.873,,,1,,,,,,,
195264,,,1644.43,1659.357,,,1,,,,,,,
195264,,,1669.442,1707.675,,,1,,,,,,,
195264,,,1727.764,1732.764,,,1,,,,,,,
195264,,,1744.442,1825.76,,,1,,,,,,,
195264,,,1827.763,1852.674,,,1,,,,,,,
195264,,,1869.442,1935.373,,,1,,,,,,,
195264,,,1952.767,1999.375,,,1,,,,,,,
195264,,,2019.43,2074.873,,,1,,,,,,,
195264,,,2094.441,2135.373,,,1,,,,,,,
195264,,,2152.767,2185.374,,,1,,,,,,,
195264,,,2202.832,2207.763,,,1,,,,,,,
195264,,,2219.43,2257.673,,,1,,,,,,,
195264,,,2269.442,2281.462,,,1,,,,,,,
195264,,,2294.441,2300.658,,,1,,,,,,,
195264,,,2302.831,2357.674,,,1,,,,,,,
195264,,,2444.441,2456.663,,,1,,,,,,,
195264,,,2469.441,2524.373,,,1,,,,,,,
195264,,,2544.43,2585.164,,,1,,,,,,,
195264,,,2594.43,2614.759,,,1,,,,,,,
195264,,,2619.43,2719.373,,,1,,,,,,,
195264,,,2744.441,2769.374,,,1,,,,,,,
195264,,,2819.44,2844.374,,,1,,,,,,,
195264,,,2919.44,2931.873,,,1,,,,,,,
195264,,,2944.43,3030.865,,,1,,,,,,,
195264,,,3052.763,3061.574,,,1,,,,,,,
195264,,,3069.441,3110.462,,,1,,,,,,,
195264,,,3132.641,5714,,,1,,,,,,,
195268,,,1231,1341.073,,,1,,,,,,,
195268,,,1350.141,1375.073,,,1,,,,,,,
195268,,,1384.23,1399.173,,,1,,,,,,,
195268,,,1408.24,1423.173,,,1,,,,,,,
195268,,,1433.24,1449.174,,,1,,,,,,,
195268,,,1458.24,1464.043,,,1,,,,,,,
195268,,,1483.23,1488.173,,,1,,,,,,,
195268,,,1508.24,1513.845,,,1,,,,,,,
195268,,,1533.24,1549.174,,,1,,,,,,,
195268,,,1558.24,1574.173,,,1,,,,,,,
195268,,,1583.24,1620.239,,,1,,,,,,,
195268,,,1633.241,1676.373,,,1,,,,,,,
195268,,,1683.241,1733.172,,,1,,,,,,,
195268,,,1745.174,1755.674,,,1,,,,,,,
195268,,,1758.24,1764.842,,,1,,,,,,,
195268,,,1768.236,1774.574,,,1,,,,,,,
195268,,,1783.24,1826.473,,,1,,,,,,,
195268,,,1833.23,1899.173,,,1,,,,,,,
195268,,,1908.24,1924.147,,,1,,,,,,,
195268,,,1933.24,1993.27,,,1,,,,,,,
195268,,,2005.334,2051.273,,,1,,,,,,,
195268,,,2083.239,2124.173,,,1,,,,,,,
195268,,,2158.23,2174.174,,,1,,,,,,,
195268,,,2183.23,2208.173,,,1,,,,,,,
195268,,,2233.24,2249.174,,,1,,,,,,,
195268,,,2258.239,2263.149,,,1,,,,,,,
195268,,,2308.239,2358.173,,,1,,,,,,,
195268,,,2383.23,2391.473,,,1,,,,,,,
195268,,,2393.274,2398.874,,,1,,,,,,,
195268,,,2408.24,2423.473,,,1,,,,,,,
195268,,,2433.24,2451.774,,,1,,,,,,,
195268,,,2458.24,2467.772,,,1,,,,,,,
195268,,,2468.275,2475.973,,,1,,,,,,,
195268,,,2483.23,2491.745,,,1,,,,,,,
195268,,,2493.235,2503.474,,,1,,,,,,,
195268,,,2508.23,2518.044,,,1,,,,,,,
195268,,,2518.275,2528.074,,,1,,,,,,,
195268,,,2533.24,2551.473,,,1,,,,,,,
195268,,,2558.24,2565.973,,,1,,,,,,,
195268,,,2568.235,2578.074,,,1,,,,,,,
195268,,,2583.23,2591.546,,,1,,,,,,,
195268,,,2593.235,2600.973,,,1,,,,,,,
195268,,,2608.24,2629.875,,,1,,,,,,,
195268,,,2633.23,2640.973,,,1,,,,,,,
195268,,,2643.235,2651.774,,,1,,,,,,,
195268,,,2658.24,2667.74,,,1,,,,,,,
195268,,,2668.275,2675.973,,,1,,,,,,,
195268,,,2683.23,2691.673,,,1,,,,,,,
195268,,,2693.234,2703.574,,,1,,,,,,,
195268,,,2708.24,2717.272,,,1,,,,,,,
195268,,,2718.235,2724.674,,,1,,,,,,,
195268,,,2733.24,2738.173,,,1,,,,,,,
195268,,,2743.277,2748.173,,,1,,,,,,,
195268,,,2758.23,2763.173,,,1,,,,,,,
195268,,,2768.234,2773.173,,,1,,,,,,,
195268,,,2783.24,2788.173,,,1,,,,,,,
195268,,,2808.23,2818.453,,,1,,,,,,,
195268,,,2833.23,2838.149,,,1,,,,,,,
195268,,,2858.24,2863.173,,,1,,,,,,,
195268,,,2883.24,2888.173,,,1,,,,,,,
195268,,,2908.241,2918.446,,,1,,,,,,,
195268,,,2933.23,2938.173,,,1,,,,,,,
195268,,,2958.24,2965.043,,,1,,,,,,,
195268,,,2983.24,2992.472,,,1,,,,,,,
195268,,,3008.23,3024.15,,,1,,,,,,,
195268,,,3033.24,3047.344,,,1,,,,,,,
195268,,,3058.23,3072.573,,,1,,,,,,,
195268,,,3083.241,3097.544,,,1,,,,,,,
195268,,,3108.241,3124.154,,,1,,,,,,,
195268,,,3133.23,3305,,,1,,,,,,,
195510,200,5513.23,2200,4646,,,1,,,,,,,
195511,200,5413.83,1768,4430,,,1,,,,,,,
195526,800,6264.58,1876,5150,,,1,,,,,,,
195528,300,6431.18,1948,4718,,,1,,,,,,,
195550,1400,5433.395,1696,4574,,,1,,,,,,,
195626,,,1176,1203.664,,,1,,,,,,,
195626,,,1205.227,1209.673,,,1,,,,,,,
195626,,,1221.029,1278.974,,,1,,,,,,,
195626,,,1281.433,1302.974,,,1,,,,,,,
195626,,,1311.433,1335.574,,,1,,,,,,,
195626,,,1341.427,1365.474,,,1,,,,,,,
195626,,,1371.433,1389.774,,,1,,,,,,,
195626,,,1401.434,1428.075,,,1,,,,,,,
195626,,,1431.432,1447.775,,,1,,,,,,,
195626,,,1461.432,1487.561,,,1,,,,,,,
195626,,,1491.427,1512.274,,,1,,,,,,,
195626,,,1521.428,1549.875,,,1,,,,,,,
195626,,,1551.433,1607.273,,,1,,,,,,,
195626,,,1611.427,1662.374,,,1,,,,,,,
195626,,,1671.432,1789.875,,,1,,,,,,,
195626,,,1791.432,5025,,,1,,,,,,,
195631,,,1194,1203.673,,,1,,,,,,,
195631,,,1205.132,1210.172,,,1,,,,,,,
195631,,,1221.527,1270.375,,,1,,,,,,,
195631,,,1281.927,1302.576,,,1,,,,,,,
195631,,,1311.833,1332.475,,,1,,,,,,,
195631,,,1341.834,1364.769,,,1,,,,,,,
195631,,,1371.927,1391.774,,,1,,,,,,,
195631,,,1401.833,1425.074,,,1,,,,,,,
195631,,,1431.832,1452.876,,,1,,,,,,,
195631,,,1461.833,1482.777,,,1,,,,,,,
195631,,,1491.928,1539.975,,,1,,,,,,,
195631,,,1551.927,1670.37,,,1,,,,,,,
195631,,,1671.833,1700.37,,,1,,,,,,,
195631,,,1701.834,1758.274,,,1,,,,,,,
195631,,,1761.833,1790.274,,,1,,,,,,,
195631,,,1791.928,1880.274,,,1,,,,,,,
195631,,,1881.833,1894.479,,,1,,,,,,,
195631,,,1911.833,1932.88,,,1,,,,,,,
195631,,,1941.833,2109.779,,,1,,,,,,,
195631,,,2121.74,4779,,,1,,,,,,,
195633,,,1188,1203.767,,,1,,,,,,,
195633,,,1205.227,1232.675,,,1,,,,,,,
195633,,,1245.228,1294.572,,,1,,,,,,,
195633,,,1305.131,1311.873,,,1,,,,,,,
195633,,,1335.228,1359.568,,,1,,,,,,,
195633,,,1365.131,1384.376,,,1,,,,,,,
195633,,,1395.131,1442.674,,,1,,,,,,,
195633,,,1455.227,1502.563,,,1,,,,,,,
195633,,,1515.131,1585.975,,,1,,,,,,,
195633,,,1605.228,1622.176,,,1,,,,,,,
195633,,,1635.131,1753.474,,,1,,,,,,,
195633,,,1755.131,1778.967,,,1,,,,,,,
195633,,,1785.131,1864.075,,,1,,,,,,,
195633,,,1875.131,1903.575,,,1,,,,,,,
195633,,,1905.228,1925.675,,,1,,,,,,,
195633,,,1935.131,1981.076,,,1,,,,,,,
195633,,,1995.228,2193.076,,,1,,,,,,,
195633,,,2205.131,4791,,,1,,,,,,,
195642,,,1194,1203.873,,,1,,,,,,,
195642,,,1205.228,1234.274,,,1,,,,,,,
195642,,,1245.134,1303.361,,,1,,,,,,,
195642,,,1305.138,1332.865,,,1,,,,,,,
195642,,,1335.228,1352.573,,,1,,,,,,,
195642,,,1365.138,1386.357,,,1,,,,,,,
195642,,,1395.138,1420.774,,,1,,,,,,,
195642,,,1425.227,1447.562,,,1,,,,,,,
195642,,,1455.227,1490.171,,,1,,,,,,,
195642,,,1492.636,1509.075,,,1,,,,,,,
195642,,,1515.139,1535.877,,,1,,,,,,,
195642,,,1545.227,1629.766,,,1,,,,,,,
195642,,,1635.141,1723.666,,,1,,,,,,,
195642,,,1725.147,1805.576,,,1,,,,,,,
195642,,,1815.148,2016.075,,,1,,,,,,,
195642,,,2025.16,2173.574,,,1,,,,,,,
195642,,,2175.226,4680.468,,,1,,,,,,,
195642,,,4692.431,4872.074,,,1,,,,,,,
195649,,,1188,1191.679,,,1,,,,,,,
195649,,,1205.227,1273.573,,,1,,,,,,,
195649,,,1275.13,1326.075,,,1,,,,,,,
195649,,,1335.13,1418.774,,,1,,,,,,,
195649,,,1425.227,1476.179,,,1,,,,,,,
195649,,,1485.13,1533.876,,,1,,,,,,,
195649,,,1545.228,1617.676,,,1,,,,,,,
195649,,,1635.131,1683.079,,,1,,,,,,,
195649,,,1695.057,1903.574,,,1,,,,,,,
195649,,,1905.13,2136.179,,,1,,,,,,,
195649,,,2145.227,2227.974,,,1,,,,,,,
195649,,,2235.228,4785,,,1,,,,,,,
195821,200,5363.43,1600,3400,,,,1,,,,,,
195823,,,1633,1639.97,,,,,1,,,,,
195823,,,1650.046,1689.97,,,,,1,,,,,
195823,,,1700.045,1739.97,,,,,1,,,,,
195823,,,1750.046,1789.97,,,,,1,,,,,
195823,,,1800.045,1839.97,,,,,1,,,,,
195823,,,1850.046,1889.97,,,,,1,,,,,
195823,,,1900.045,1939.97,,,,,1,,,,,
195823,,,1950.046,1989.97,,,,,1,,,,,
195823,,,2000.046,2039.97,,,,,1,,,,,
195823,,,2050.047,2089.97,,,,,1,,,,,
195823,,,2100.046,2139.97,,,,,1,,,,,
195823,,,2150.046,2164.07,,,,,1,,,,,
195823,,,2176.069,2189.97,,,,,1,,,,,
195823,,,2200.048,2239.97,,,,,1,,,,,
195823,,,2250.05,2289.97,,,,,1,,,,,
195823,,,2300.049,2339.97,,,,,1,,,,,
195823,,,2350.049,2389.97,,,,,1,,,,,
195823,,,2400.049,2439.97,,,,,1,,,,,
195823,,,2450.049,2489.97,,,,,1,,,,,
195823,,,2500.049,2539.97,,,,,1,,,,,
195823,,,2550.05,2589.97,,,,,1,,,,,
195823,,,2600.05,2639.97,,,,,1,,,,,
195823,,,2650.05,2689.97,,,,,1,,,,,
195823,,,2700.049,2739.97,,,,,1,,,,,
195823,,,2750.051,2789.97,,,,,1,,,,,
195823,,,2800.05,2839.97,,,,,1,,,,,
195823,,,2850.051,2889.97,,,,,1,,,,,
195823,,,2900.049,2939.97,,,,,1,,,,,
195823,,,2950.049,2989.97,,,,,1,,,,,
195823,,,3000.05,3039.97,,,,,1,,,,,
195823,,,3050.051,3089.97,,,,,1,,,,,
195823,,,3100.05,3139.97,,,,,1,,,,,
195823,,,3150.051,3189.97,,,,,1,,,,,
195823,,,3200.049,3239.97,,,,,1,,,,,
195823,,,3250.052,3289.97,,,,,1,,,,,
195823,,,3300.05,3339.97,,,,,1,,,,,
195823,,,3350.052,3389.97,,,,,1,,,,,
195823,,,3400.05,3439.969,,,,,1,,,,,
195823,,,3450.05,3489.97,,,,,1,,,,,
195823,,,3500.05,3539.971,,,,,1,,,,,
195823,,,3550.051,3589.97,,,,,1,,,,,
195823,,,3600.05,3639.97,,,,,1,,,,,
195823,,,3650.053,3689.97,,,,,1,,,,,
195823,,,3700.05,3739.969,,,,,1,,,,,
195823,,,3750.051,3789.969,,,,,1,,,,,
195823,,,3800.05,3839.969,,,,,1,,,,,
195823,,,3850.052,3889.969,,,,,1,,,,,
195823,,,3900.051,3939.969,,,,,1,,,,,
195823,,,3950.052,3989.969,,,,,1,,,,,
195823,,,4000.05,4039.969,,,,,1,,,,,
195823,,,4050.051,4089.969,,,,,1,,,,,
195823,,,4100.051,4139.969,,,,,1,,,,,
195823,,,4150.053,4189.969,,,,,1,,,,,
195824,200,5356.83,807,864,,1,,,,,,,,
195825,,,1400,1499.972,,,,,1,,,,,
195825,,,1500.137,1539.97,,,,,1,,,,,
195825,,,1550.053,1589.969,,,,,1,,,,,
195825,,,1600.053,1639.969,,,,,1,,,,,
195825,,,1650.054,1689.969,,,,,1,,,,,
195825,,,1700.053,1739.969,,,,,1,,,,,
195825,,,1750.053,1789.969,,,,,1,,,,,
195825,,,1800.053,1839.969,,,,,1,,,,,
195825,,,1850.054,1889.969,,,,,1,,,,,
195825,,,1900.053,1939.969,,,,,1,,,,,
195825,,,1950.055,1989.969,,,,,1,,,,,
195825,,,2000.054,2039.968,,,,,1,,,,,
195825,,,2050.054,2089.968,,,,,1,,,,,
195825,,,2100.053,2139.969,,,,,1,,,,,
195825,,,2150.055,2189.969,,,,,1,,,,,
195825,,,2200.053,2239.969,,,,,1,,,,,
195825,,,2250.055,2289.969,,,,,1,,,,,
195825,,,2300.054,2339.969,,,,,1,,,,,
195825,,,2350.055,2389.969,,,,,1,,,,,
195825,,,2400.054,2439.969,,,,,1,,,,,
195825,,,2450.055,2489.969,,,,,1,,,,,
195835,,,1838,1839.973,,,,,1,,,,,
195835,,,1850.045,1889.973,,,,,1,,,,,
195835,,,1900.043,1939.973,,,,,1,,,,,
195835,,,1950.044,1989.973,,,,,1,,,,,
195835,,,2000.043,2039.973,,,,,1,,,,,
195835,,,2050.044,2089.973,,,,,1,,,,,
195835,,,2100.043,2139.973,,,,,1,,,,,
195835,,,2150.044,2189.973,,,,,1,,,,,
195835,,,2200.043,2239.973,,,,,1,,,,,
195835,,,2250.044,2289.973,,,,,1,,,,,
195835,,,2300.043,2339.973,,,,,1,,,,,
195835,,,2350.044,2389.973,,,,,1,,,,,
195835,,,2400.043,2439.973,,,,,1,,,,,
195835,,,2450.044,2489.973,,,,,1,,,,,
195835,,,2500.043,2539.973,,,,,1,,,,,
195835,,,2550.044,2589.973,,,,,1,,,,,
195835,,,2600.043,2639.973,,,,,1,,,,,
195835,,,2650.044,2689.973,,,,,1,,,,,
195835,,,2700.043,2739.973,,,,,1,,,,,
195835,,,2750.044,2789.973,,,,,1,,,,,
195835,,,2800.043,2839.973,,,,,1,,,,,
195835,,,2850.044,2889.973,,,,,1,,,,,
195835,,,2900.043,2939.973,,,,,1,,,,,
195835,,,2950.044,2989.973,,,,,1,,,,,
195835,,,3000.043,3039.973,,,,,1,,,,,
195835,,,3050.044,3089.973,,,,,1,,,,,
195835,,,3100.043,3139.973,,,,,1,,,,,
195835,,,3150.044,3189.973,,,,,1,,,,,
195835,,,3200.042,3239.973,,,,,1,,,,,
195835,,,3250.044,3260,,,,,1,,,,,
195863,700,5410.595,3400,4000,,,,1,,,,,,
195865,,,1300,2592,,,,1,,,,,2592,
195865,,,2592,4400.772,,,,,1,,,,,
195865,,,4401.636,4633,,,,,1,,,,,
195948,,,380.227,390.172,,1,,,,,,,,
195948,,,420.135,430.076,,1,,,,,,,,
195948,,,460.134,510.173,,1,,,,,,,,
195948,,,540.135,550.076,,1,,,,,,,,
195948,,,580.227,590.076,,1,,,,,,,,
195948,,,620.228,630.077,,1,,,,,,,,
195948,,,660.135,670.172,,1,,,,,,,,
195948,,,700.227,710.077,,1,,,,,,,,
195948,,,740.227,750.076,,1,,,,,,,,
195948,,,780.137,790.076,,1,,,,,,,,
195948,,,820.136,830.174,,1,,,,,,,,
195948,,,860.136,870.172,,1,,,,,,,,
195948,,,900.135,910.077,,1,,,,,,,,
195948,,,940.227,950.076,,1,,,,,,,,
195948,,,980.227,990.076,,1,,,,,,,,
195948,,,1020.228,1030.076,,1,,,,,,,,
195948,,,1060.136,1070.172,,1,,,,,,,,
195948,,,1100.227,1110.174,,1,,,,,,,,
195948,,,1140.227,1150.173,,1,,,,,,,,
195948,,,1180.138,1190.076,,1,,,,,,,,
195948,,,1220.228,1230.076,,1,,,,,,,,
195948,,,1260.227,1270.076,,1,,,,,,,,
195948,,,1300.227,1310.174,,1,,,,,,,,
195948,,,1340.227,1350.173,,1,,,,,,,,
195948,,,1380.227,1390.076,,1,,,,,,,,
195948,,,1420.228,1430.173,,1,,,,,,,,
195948,,,1460.136,1470.172,,1,,,,,,,,
195948,,,1493.534,1510.174,,1,,,,,,,,
195948,,,1530.135,1550.076,,1,,,,,,,,
195948,,,1570.134,1598.174,,1,,,,,,,,
195948,,,1600.134,1683,,1,,,,,,,,
196037,,,300.131,310.076,,1,,,,,,,,
196037,,,340.13,350.076,,1,,,,,,,,
196037,,,380.227,390.077,,1,,,,,,,,
196037,,,420.227,430.076,,1,,,,,,,,
196037,,,460.227,510.076,,1,,,,,,,,
196037,,,540.13,550.076,,1,,,,,,,,
196037,,,580.131,590.077,,1,,,,,,,,
196037,,,620.13,630.076,,1,,,,,,,,
196037,,,660.227,670.076,,1,,,,,,,,
196037,,,700.131,710.076,,1,,,,,,,,
196037,,,740.227,750.076,,1,,,,,,,,
196037,,,780.13,790.076,,1,,,,,,,,
196037,,,820.131,830.077,,1,,,,,,,,
196037,,,860.227,870.076,,1,,,,,,,,
196037,,,900.228,910.076,,1,,,,,,,,
196037,,,940.227,950.076,,1,,,,,,,,
196037,,,980.227,990.077,,1,,,,,,,,
196037,,,1020.131,1030.077,,1,,,,,,,,
196037,,,1060.13,1070.076,,1,,,,,,,,
196037,,,1100.131,1110.076,,1,,,,,,,,
196037,,,1140.13,1150.076,,1,,,,,,,,
196037,,,1180.227,1190.076,,1,,,,,,,,
196037,,,1220.131,1230.077,,1,,,,,,,,
196037,,,1260.227,1270.076,,1,,,,,,,,
196037,,,1300.131,1310.076,,1,,,,,,,,
196037,,,1340.227,1350.076,,1,,,,,,,,
196037,,,1380.227,1390.076,,1,,,,,,,,
196037,,,1420.227,1430.077,,1,,,,,,,,
196037,,,1460.227,1470.076,,1,,,,,,,,
196037,,,1500.227,1510.076,,1,,,,,,,,
196037,,,1540.131,1553.875,,1,,,,,,,,
196037,,,1574.738,1755,,1,,,,,,,,
196418,800,5296.38,1277,1655,,1,,,,,,,,
196419,,,1300.144,1497,,1,,,,,1497,,,
196419,,,1497,4718,,,1,,,,,,,
196493,800,6466.8,1520,2518,,1,,,,,,,,
203272,,,,,,,,,,,,,,
201671,,,,,,,,,,,,,,
201661,,,,,,,,,,,,,,
201662,,,,,,,,,,,,,,
163525,,,450,900,,1,,,,,,,,
163525,,,1500,2400,,,,1,,,,,,
163525,,,2800,4500,,,,,1,,,,,
169380,,,450,900,,1,,,,,,,,
169380,,,1200,2400,,,,1,,,,,,
169380,,,2800,4700,,,,,1,,,,,
200649,,,1574,1734,,,,,,EH-B,,,,all times between EH phases are ELMy H-mode
200649,,,2066,2250,,,,,,EH-B,,,,
200649,,,2600,2774,,,,,,EH-B,,,,
200649,,,3347,3531,,,,,,EH-B,,,,
200649,,,3894,4120,,,,,,EH-B,,,,
200649,,,4428,4626,,,,,,EH-B,,,,
200654,,,2583,2649,,,,,,EH-Li,,,,
200654,,,2724,2870,,,,,,EH-Li,,,,
200654,,,2942,3078,,,,,,EH-Li,,,,
200654,,,3330,3589,,,,,,EH-Li,,,,
200654,,,3776,3998,,,,,,EH-Li,,,,
200654,,,4061,4213,,,,,,EH-Li,,,,
200654,,,4256,4335,,,,,,EH-Li,,,,
200654,,,4434,4617,,,,,,EH-Li,,,,
200654,,,4717,4845,,,,,,EH-Li,,,,
200654,,,4956,5122,,,,,,EH-Li,,,,
200654,,,5408,5588,,,,,,EH-Li,,,,