shot,year,group,cell,weight,split,blind,queue_rank,u,window_start_ms,window_end_ms,ip_ma,pulse_length_s,flattop_s,ip_peak_ma,pbeam_max_mw,pech_max_mw,run_id,legacy_sets,n_links_verified,span_mhr_s,span_ece_s,span_filterscopes_s,span_co2_s,span_sxr_s,span_mirnov_s
185805,2021,G,G2021,5.904761904761905,train,False,171,0.3302337615757388,6,5847,1.45,5.85,4.604999899864197,1.477,8.55,0.56,20210413,neoclassical_tearing_mode,0,4.194,6.193,8.0,0.0,9.83,17.162
185835,2021,R,R2021,16.523809523809526,train,False,398,0.8152368482564787,5,5731,1.31,5.73,4.603499889373779,1.3393,5.73,0.59,20210414,,0,4.194,6.193,8.0,0.0,9.83,17.09
185838,2021,L,L2021,1.0,train,False,337,0.6801824572659532,6,5725,1.32,5.73,4.591000139713287,1.3428,7.32,0.59,20210414,,1,4.194,6.193,8.0,0.0,9.83,17.09
185857,2021,R,R2021,16.523809523809526,val,False,69,0.12581478330555765,7,5790,1.29,5.79,3.1475000381469727,1.3254,8.33,0.57,20210415,,0,4.194,6.193,8.0,0.0,9.83,17.214
185866,2021,R,R2021,16.523809523809526,val,False,97,0.187631664406079,7,5780,1.29,5.78,3.1440000534057617,1.3197,7.92,0.58,20210415,,0,4.194,6.193,8.0,0.0,9.83,17.214
185943,2021,G,G2021,5.904761904761905,train,False,483,0.9845301916617288,8,6841,0.86,6.84,5.100499749183655,0.8848,14.77,0.58,20210419,neoclassical_tearing_mode,0,4.194,6.193,8.0,0.0,9.83,17.266
185945,2021,G,G2021,5.904761904761905,train,False,120,0.2493068783436203,8,7011,0.84,7.01,5.0909998416900635,0.8579,14.84,0.58,20210419,neoclassical_tearing_mode,0,4.194,6.193,8.0,0.0,9.83,17.266
185953,2021,G,G2021,5.904761904761905,train,False,447,0.9213564659327979,7,3688,0.8,3.69,3.159500002861023,0.8279,14.79,0.96,20210419,neoclassical_tearing_mode,0,4.194,6.193,8.0,0.0,9.83,17.266
185961,2021,G,G2021,5.904761904761905,train,False,104,0.21328488555877453,8,6955,0.86,6.96,5.100000202655792,0.874,14.66,0.6,20210419,neoclassical_tearing_mode,0,4.194,6.193,8.0,0.0,9.83,17.266
185978,2021,R,R2021,16.523809523809526,train,False,416,0.8673229833561135,7,6481,1.02,6.48,2.7180001735687256,1.0461,14.14,0.58,20210420,,0,4.194,6.193,8.0,0.0,9.83,17.162
185993,2021,R,R2021,16.523809523809526,test,True,18,0.03285982675905189,7,6879,0.76,6.88,5.24750018119812,0.7745,12.44,0.58,20210420,,0,4.194,6.193,8.0,0.0,9.83,17.266
185996,2021,G,G2021,5.904761904761905,train,False,206,0.41064033722031207,8,3778,0.83,3.78,3.2639999389648438,0.8443,13.06,0.58,20210420,neoclassical_tearing_mode,0,4.194,6.193,8.0,0.0,9.83,17.266
186013,2021,R,R2021,16.523809523809526,val,False,80,0.15431107560671853,7,5920,0.74,5.92,4.789499849081039,0.7638,13.29,0.54,20210421,,0,4.194,6.193,8.0,0.0,9.83,17.249
186025,2021,R,R2021,16.523809523809526,train,False,499,0.9982640828618619,9,6001,0.75,6.0,4.754999995231628,0.7694,13.48,0.55,20210421,,0,4.194,6.193,8.0,0.0,9.83,17.179
186093,2021,L,L2021,1.0,val,False,66,0.11940592338645732,8,6085,0.99,6.08,5.052000045776367,1.0155,3.94,0.59,20210423,,1,4.194,6.193,8.0,0.0,9.83,17.179
186226,2021,L,L2021,1.0,train,False,452,0.9366148690810792,7,5882,0.74,5.88,5.178999841213226,0.7589,14.94,1.01,20210429,,1,4.194,6.193,8.0,0.0,9.83,17.272
186254,2021,R,R2021,16.523809523809526,test,True,49,0.10793520131544314,10,7512,0.99,7.54,5.4700000286102295,1.0159,13.56,1.01,20210430,,0,4.194,6.193,8.0,0.0,9.83,17.231
186287,2021,G,G2021,5.904761904761905,train,False,242,0.47001830251223714,7,3801,1.16,3.8,2.9374999403953552,1.1855,13.87,0.55,20210503,neoclassical_tearing_mode,0,4.194,6.193,8.0,0.0,9.83,17.249
186427,2021,R,R2021,16.523809523809526,val,False,82,0.1565355041298844,7,6864,1.29,6.86,5.185999929904938,1.3194,6.4,0.58,20210520,,0,4.194,6.193,8.0,0.0,9.83,17.144
186431,2021,R,R2021,16.523809523809526,test,True,50,0.110975495067201,6,6867,1.3,6.87,5.1944997906684875,1.3199,6.42,0.59,20210520,,0,4.194,6.193,8.0,0.0,9.83,17.144
186496,2021,G,G2021,5.904761904761905,train,False,287,0.5605402494873502,10,8016,0.92,8.02,5.885999858379364,0.933,13.99,2.25,20210524,neoclassical_tearing_mode,0,4.194,6.193,8.0,0.0,9.83,17.231
186500,2021,G,G2021,5.904761904761905,test,True,1,0.0007769452075367307,9,8021,0.93,8.02,5.891000032424927,0.9444,13.84,2.26,20210524,neoclassical_tearing_mode,0,4.194,6.193,8.0,0.0,9.83,17.231
186530,2021,G,G2021,5.904761904761905,train,False,477,0.9753324683007322,11,6903,0.9,6.9,5.367500007152557,0.9222,15.75,2.23,20210525,neoclassical_tearing_mode,0,4.194,6.193,8.0,0.0,9.83,17.299
186532,2021,G,G2021,5.904761904761905,train,False,212,0.42284030947851675,10,6926,0.91,6.93,5.361000120639801,0.9231,15.7,2.25,20210525,neoclassical_tearing_mode,0,4.194,6.193,8.0,0.0,9.83,17.299
186561,2021,G,G2021,5.904761904761905,train,False,190,0.3826172923521134,9,8014,0.91,8.01,5.883999884128571,0.9327,13.45,2.15,20210526,neoclassical_tearing_mode,0,4.194,6.193,8.0,0.0,9.83,17.231
186569,2021,G,G2021,5.904761904761905,train,False,107,0.22745852647302323,10,7439,0.9,7.44,5.855499982833862,0.915,13.4,2.19,20210526,neoclassical_tearing_mode,0,4.194,6.193,8.0,0.0,9.83,17.299
186575,2021,G,G2021,5.904761904761905,test,True,15,0.02587752715462694,11,7391,0.9,7.39,5.855000197887421,0.9172,13.47,2.2,20210526,neoclassical_tearing_mode,0,4.194,6.193,8.0,0.0,9.83,17.299
186610,2021,L,L2021,1.0,train,False,216,0.4264485095196672,7,8216,1.29,8.22,6.172499895095825,1.3107,6.64,2.11,20210527,,1,4.194,6.193,8.0,0.0,9.83,17.09
186636,2021,G,G2021,5.904761904761905,val,False,51,0.09244932842264975,10,7285,0.91,7.29,5.370499789714813,0.9359,15.08,1.61,20210528,neoclassical_tearing_mode,0,4.194,6.193,8.0,0.0,9.83,17.231
186640,2021,G,G2021,5.904761904761905,train,False,173,0.33313844616980964,8,6972,0.9,6.97,5.327999830245972,0.9281,13.31,1.22,20210528,neoclassical_tearing_mode,0,4.194,6.193,8.0,0.0,9.83,17.299
186747,2021,G,G2021,5.904761904761905,train,False,296,0.5693835762540079,11,8085,0.99,8.09,5.4629998207092285,1.0044,15.44,2.24,20210603,neoclassical_tearing_mode,0,4.194,6.193,8.0,0.0,9.83,17.231
186901,2021,G,G2021,5.904761904761905,train,False,332,0.6691316604433128,6,5137,1.01,5.04,4.503000020980835,1.033,16.21,0.62,20210610,neoclassical_tearing_mode,0,4.194,6.193,8.0,0.0,9.83,17.231
186939,2021,R,R2021,16.523809523809526,test,True,8,0.014962060227235393,8,7430,1.29,7.43,5.770999908447266,1.3256,7.17,2.17,20210611,,0,4.194,6.193,8.0,0.0,9.83,17.09
186945,2021,R,R2021,16.523809523809526,val,False,96,0.18444224939689363,8,8209,1.29,8.21,6.414500117301941,1.3197,9.8,2.22,20210611,,0,4.194,6.193,8.0,0.0,9.83,17.09
186981,2021,R,R2021,16.523809523809526,train,False,335,0.6752627471011695,8,6909,0.9,6.91,5.375000178813934,0.9174,10.4,2.23,20210614,,0,4.194,6.193,8.0,0.0,9.83,17.299
187019,2021,L,L2021,1.0,train,False,333,0.6691460812329942,8,7929,1.31,7.94,5.420500040054321,1.331,10.59,0.59,20210615,,1,4.194,6.193,8.0,0.0,9.83,17.162
187025,2021,G,G2021,5.904761904761905,train,False,419,0.8735329790274209,7,6287,1.3,6.29,5.430000126361847,1.3217,7.48,0.59,20210615,high_confinement_mode;low_confinement_mode,0,4.194,6.193,8.0,0.0,9.83,17.162
187035,2021,G,G2021,5.904761904761905,train,False,229,0.44380521923107835,8,7703,1.01,7.74,5.665499985218048,1.0278,7.51,0.59,20210615,high_confinement_mode;low_confinement_mode,0,4.194,6.193,8.0,0.0,9.83,17.231
187043,2021,R,R2021,16.523809523809526,test,True,45,0.08980075246556762,8,6090,1.3,6.09,5.2505000829696655,1.3274,11.34,0.58,20210615,,0,4.194,6.193,8.0,0.0,9.83,17.162
187066,2021,L,L2021,1.0,train,False,290,0.5629707105348287,8,6070,1.0,6.07,4.605000197887421,1.0242,4.54,0.58,20210616,,1,4.194,6.193,8.0,0.0,9.83,17.144
187072,2021,R,R2021,16.523809523809526,train,False,495,0.992735661182035,8,6124,1.01,6.13,4.582999765872955,1.0264,10.1,0.57,20210616,,0,4.194,6.193,8.0,0.0,9.83,17.231
187076,2021,L,L2021,1.0,val,False,108,0.22879493602601683,8,5061,1.03,5.06,2.1830000281333923,1.0555,11.51,0.57,20210616,,2,4.194,6.193,8.0,0.0,9.83,17.231
187100,2021,R,R2021,16.523809523809526,train,False,422,0.8805577022509533,6,6517,1.0,6.58,5.213000178337097,1.0236,4.96,0.59,20210617,,0,4.194,6.193,8.0,0.0,9.83,17.126
187105,2021,R,R2021,16.523809523809526,val,False,84,0.15956062082705053,7,6518,1.0,6.52,5.21699982881546,1.0232,4.94,0.6,20210617,,0,4.194,6.193,8.0,0.0,9.83,17.126
187116,2021,R,R2021,16.523809523809526,train,False,293,0.5650393149561498,6,6525,1.01,6.53,5.208499848842621,1.0289,6.55,0.6,20210617,,0,4.194,6.193,8.0,0.0,9.83,17.126
187144,2021,R,R2021,16.523809523809526,train,False,286,0.5579372894921609,5,5878,1.31,5.85,3.6380000710487366,1.3314,4.68,1.68,20210618,,0,4.194,6.193,8.0,0.0,9.83,17.126
187154,2021,L,L2021,1.0,train,False,264,0.5009153284855621,6,5083,1.29,5.08,3.359499990940094,1.3105,4.72,1.66,20210618,,1,4.194,6.193,8.0,0.0,9.83,17.09
187196,2021,G,G2021,5.904761904761905,val,False,61,0.11525994847260074,5,2432,1.45,2.43,1.4079999923706055,1.4783,8.59,0.57,20210622,neoclassical_tearing_mode,0,4.194,6.193,8.0,0.0,9.83,17.162
187201,2021,R,R2021,16.523809523809526,test,True,31,0.05329121082412481,5,6941,1.45,6.94,4.29449987411499,1.4793,7.47,0.57,20210622,,0,4.194,6.193,8.0,0.0,9.83,17.197
187301,2021,L,L2021,1.0,train,False,283,0.5464544871757789,7,5490,0.99,5.49,3.9915000796318054,1.0059,2.75,0.64,20210624,,1,4.194,6.193,8.0,0.0,9.83,17.231
187327,2021,R,R2021,16.523809523809526,train,False,276,0.529369296516112,7,5568,0.99,5.5,3.992500126361847,1.0084,2.74,0.67,20210624,,0,4.194,6.193,8.0,0.0,9.83,17.231
187328,2021,L,L2021,1.0,val,False,115,0.23711244951848737,-33,2623,1.0,2.61,1.9320000410079956,1.0284,2.72,0.67,20210624,,1,4.194,6.193,8.0,0.0,9.83,17.192
189004,2022,R,R2022,16.22222222222222,train,False,127,0.2578119552142381,7,6473,1.0,6.47,5.136450171470642,1.0138,6.74,0.57,20220427,,0,4.194,6.193,7.0,0.0,9.83,16.384
189008,2022,R,R2022,16.22222222222222,train,False,279,0.5389814113683539,7,6407,1.0,6.41,5.140099942684174,1.0156,6.8,0.57,20220427,,0,4.194,6.193,7.0,0.0,9.83,16.384
189044,2022,R,R2022,16.22222222222222,val,False,79,0.15136223992239087,5,6825,1.5,6.82,4.434100031852722,1.5341,9.48,0.59,20220428,,0,4.194,6.193,7.0,0.0,9.83,16.384
189046,2022,G,G2022,5.8474576271186445,train,False,245,0.4740595373469636,5,5794,1.54,5.8,4.587550163269043,1.5512,8.38,0.59,20220428,neoclassical_tearing_mode,0,4.194,6.193,7.0,0.0,9.83,16.384
189051,2022,L,L2022,1.0,train,False,204,0.40930684474341245,5,7011,1.53,7.01,4.652649998664856,1.5385,11.32,0.58,20220428,,1,4.194,6.193,7.0,0.0,9.83,16.384
189061,2022,G,G2022,5.8474576271186445,val,False,53,0.09283107220979595,6,6616,0.93,6.62,5.143699765205383,0.9469,8.75,0.58,20220428,neoclassical_tearing_mode,0,4.194,6.193,7.0,0.0,9.83,16.384
189085,2022,G,G2022,5.8474576271186445,train,False,320,0.6305072166609815,5,6015,1.52,6.02,4.64425003528595,1.5359,11.15,0.59,20220429,neoclassical_tearing_mode,0,4.194,6.193,7.0,0.0,9.83,16.384
189138,2022,G,G2022,5.8474576271186445,train,False,223,0.4351395149798848,9,6015,0.75,6.0,4.741499811410904,0.7713,11.28,0.55,20220503,neoclassical_tearing_mode,0,4.194,6.193,7.0,0.0,9.83,16.384
189272,2022,G,G2022,5.8474576271186445,train,False,135,0.27320162351886884,7,7000,0.75,7.0,5.728349983692169,0.7721,12.78,2.62,20220506,neoclassical_tearing_mode,0,4.194,6.193,7.0,0.0,9.83,16.384
189284,2022,R,R2022,16.22222222222222,train,False,186,0.3714161726164094,12,6800,1.0,6.8,4.997850120067596,1.0145,12.79,1.81,20220509,,0,4.194,6.193,7.0,0.0,9.83,16.384
189311,2022,G,G2022,5.8474576271186445,train,False,466,0.9557901455870805,9,7015,1.0,7.02,5.046600043773651,1.0148,12.17,1.83,20220509,neoclassical_tearing_mode,0,4.194,6.193,7.0,0.0,9.83,16.384
189324,2022,R,R2022,16.22222222222222,val,False,59,0.11183579705129527,8,5708,1.23,5.71,4.179199993610382,1.2501,6.13,0.59,20220510,,0,4.194,6.193,7.0,0.0,9.83,16.384
189325,2022,R,R2022,16.22222222222222,train,False,259,0.48889812321836074,7,5737,1.24,5.71,4.167349874973297,1.2541,4.92,0.0,20220510,,0,4.194,6.193,7.0,0.0,9.83,16.384
189361,2022,R,R2022,16.22222222222222,test,True,12,0.023126760740979416,6,4211,1.64,4.21,3.1189998388290405,1.6981,12.59,0.59,20220511,,0,4.194,6.193,7.0,0.0,9.83,16.384
189365,2022,G,G2022,5.8474576271186445,train,False,344,0.6937854457572361,6,6184,1.6,6.19,4.087399959564209,1.6153,14.27,0.59,20220511,high_confinement_mode;low_confinement_mode;neoclassical_tearing_mode,0,4.194,6.193,7.0,0.0,9.83,16.384
189369,2022,L,L2022,1.0,train,False,198,0.396593309764947,6,5478,1.6,5.48,4.092850089073181,1.6134,12.58,0.59,20220511,neoclassical_tearing_mode,1,4.194,6.193,7.0,0.0,9.83,16.384
189370,2022,L,L2022,1.0,train,False,432,0.8968276715506998,7,5542,1.6,5.54,4.092800140380859,1.6186,12.56,0.59,20220511,,1,4.194,6.193,7.0,0.0,9.83,16.384
189500,2022,G,G2022,5.8474576271186445,train,False,256,0.4830824858526792,8,3051,2.07,3.05,1.608699917793274,2.12,12.04,0.59,20220517,neoclassical_tearing_mode,0,4.194,6.193,7.0,0.0,9.83,16.384
189501,2022,G,G2022,5.8474576271186445,train,False,387,0.7944945583112911,7,5377,1.7,5.38,3.337100028991699,1.7277,10.73,0.59,20220517,neoclassical_tearing_mode,0,4.194,6.193,7.0,0.0,9.83,16.384
189513,2022,G,G2022,5.8474576271186445,train,False,295,0.5677998407036103,8,5230,1.61,5.23,3.4160001277923584,1.6324,8.77,0.58,20220517,neoclassical_tearing_mode,0,4.194,6.193,7.0,0.0,9.83,16.384
189514,2022,G,G2022,5.8474576271186445,train,False,408,0.8412330993846912,7,5601,1.01,5.6,3.9313502311706543,1.0298,10.74,0.59,20220517,neoclassical_tearing_mode,0,4.194,6.193,7.0,0.0,9.83,16.384
189538,2022,G,G2022,5.8474576271186445,train,False,403,0.8285021170700965,8,4253,1.75,4.25,2.8238000869750977,1.8144,10.91,0.6,20220518,neoclassical_tearing_mode,0,4.194,6.193,7.0,0.0,9.83,16.384
189540,2022,G,G2022,5.8474576271186445,train,False,285,0.5565322589569629,8,2582,1.74,2.58,1.1565500497817993,1.7682,12.88,0.6,20220518,neoclassical_tearing_mode,0,4.194,6.193,7.0,0.0,9.83,16.384
189541,2022,G,G2022,5.8474576271186445,train,False,199,0.39678674163026373,8,3918,1.75,3.92,2.4899001121520996,1.7941,12.98,0.6,20220518,neoclassical_tearing_mode,0,4.194,6.193,7.0,0.0,9.83,16.384
189547,2022,G,G2022,5.8474576271186445,train,False,215,0.4262783198693773,8,6251,1.3,6.25,4.987449944019318,1.3296,6.97,0.6,20220518,neoclassical_tearing_mode,0,4.194,6.193,7.0,0.0,9.83,16.384
189559,2022,R,R2022,16.22222222222222,val,False,65,0.11668028051688918,6,5862,1.01,5.86,4.601099729537964,1.0222,7.67,2.66,20220518,,0,4.194,6.193,7.0,0.0,9.83,16.384
189570,2022,R,R2022,16.22222222222222,train,False,221,0.4319908425129921,7,7037,1.59,7.04,5.290849924087524,1.6188,8.09,2.62,20220518,,0,4.194,6.193,7.0,0.0,9.83,16.384
189577,2022,G,G2022,5.8474576271186445,test,True,21,0.034854949230629026,7,2806,1.9,2.8,1.4585000276565552,1.9375,12.3,0.59,20220519,neoclassical_tearing_mode,0,4.194,6.193,7.0,0.0,9.83,16.384
189578,2022,G,G2022,5.8474576271186445,train,False,464,0.9534246180163115,7,2458,1.93,2.45,1.1134001016616821,1.9749,12.32,0.59,20220519,neoclassical_tearing_mode,0,4.194,6.193,7.0,0.0,9.83,16.384
189580,2022,G,G2022,5.8474576271186445,train,False,412,0.8505230239450075,8,3533,1.82,3.53,2.1919500827789307,1.8789,12.32,0.59,20220519,neoclassical_tearing_mode,0,4.194,6.193,7.0,0.0,9.83,16.384
189684,2022,R,R2022,16.22222222222222,train,False,396,0.8116512229134101,12,6731,0.62,6.73,5.8213000893592834,0.634,2.69,1.14,20220523,,0,4.194,6.193,7.0,0.0,9.83,16.384
189688,2022,R,R2022,16.22222222222222,train,False,102,0.20642354197637733,11,6723,0.62,6.72,5.820999950170517,0.6306,2.7,0.96,20220523,,0,4.194,6.193,7.0,0.0,9.83,16.384
189732,2022,G,G2022,5.8474576271186445,train,False,487,0.9886397360080966,7,6249,0.74,6.25,5.254499912261963,0.749,13.73,0.0,20220524,neoclassical_tearing_mode,0,4.194,6.193,7.0,0.0,9.83,16.384
189741,2022,G,G2022,5.8474576271186445,train,False,266,0.5055709114448674,7,6928,0.74,6.93,5.253199964761734,0.7577,11.61,0.59,20220524,neoclassical_tearing_mode,0,4.194,6.193,7.0,0.0,9.83,16.384
189872,2022,G,G2022,5.8474576271186445,train,False,191,0.3863907941340398,5,3905,-1.11,3.91,2.608000099658966,1.1369,8.15,0.58,20220614,edge_localized_mode,0,4.194,6.193,7.0,0.0,9.83,16.384
189873,2022,G,G2022,5.8474576271186445,train,False,205,0.4100311870507293,4,5947,-1.11,5.95,5.145549893379211,1.1386,6.67,0.58,20220614,edge_localized_mode,0,4.194,6.193,7.0,0.0,9.83,16.384
189879,2022,G,G2022,5.8474576271186445,train,False,454,0.9377686172556761,5,5906,-1.13,5.91,5.144000232219696,1.1526,8.02,1.4,20220614,edge_localized_mode,0,4.194,6.193,7.0,0.0,9.83,16.384
189885,2022,G,G2022,5.8474576271186445,train,False,150,0.2950833615562748,4,2956,-1.11,2.96,2.196349859237671,1.1355,8.14,1.42,20220614,edge_localized_mode;neoclassical_tearing_mode,0,4.194,6.193,7.0,0.0,9.83,16.384
189886,2022,G,G2022,5.8474576271186445,train,False,441,0.9157698741207331,4,2523,-1.11,2.52,1.3296499848365784,1.136,8.04,1.46,20220614,edge_localized_mode,0,4.194,6.193,7.0,0.0,9.83,16.384
189990,2022,R,R2022,16.22222222222222,train,False,355,0.7122207824397251,5,5432,0.93,5.43,3.4448001980781555,0.9382,4.73,2.33,20220620,,0,4.194,6.193,7.0,0.0,9.83,16.384
189998,2022,L,L2022,1.0,train,False,282,0.5422168125001554,5,5906,0.91,5.91,4.437400043010712,0.9233,4.68,2.3,20220620,,1,4.194,6.193,7.0,0.0,9.83,16.384
190010,2022,R,R2022,16.22222222222222,train,False,354,0.7103939541845603,5,6015,0.91,6.02,4.439649999141693,0.9233,6.69,2.29,20220620,,0,4.194,6.193,7.0,0.0,9.83,16.384
190018,2022,R,R2022,16.22222222222222,train,False,183,0.35986095637191556,6,5491,0.91,5.49,4.426999807357788,0.9154,4.71,1.58,20220620,,0,4.194,6.193,7.0,0.0,9.83,16.384
190046,2022,G,G2022,5.8474576271186445,train,False,253,0.48168598506774096,6,6893,1.01,6.89,5.691049814224243,1.0278,6.57,0.65,20220622,neoclassical_tearing_mode,0,4.194,6.193,7.0,0.0,0.0,16.384
190056,2022,G,G2022,5.8474576271186445,train,False,166,0.31842592117874635,6,6769,1.02,6.77,4.682850003242493,1.0354,8.11,0.65,20220622,neoclassical_tearing_mode,0,4.194,6.193,7.0,0.0,9.83,16.384
190094,2022,R,R2022,16.22222222222222,train,False,146,0.2884400175799089,6,6484,1.0,6.48,5.165249943733215,1.0159,9.76,0.57,20220623,,0,4.194,6.193,7.0,0.0,9.83,16.384
190102,2022,R,R2022,16.22222222222222,train,False,492,0.9905054949151137,6,6410,1.0,6.41,5.164750039577484,1.0171,8.21,0.58,20220623,,0,4.194,6.193,7.0,0.0,9.83,16.384
190129,2022,R,R2022,16.22222222222222,train,False,470,0.9655460809308123,5,5844,0.91,5.84,4.438399851322174,0.9222,4.47,2.36,20220624,,0,4.194,6.193,7.0,0.0,9.83,16.384
190156,2022,G,G2022,5.8474576271186445,train,False,280,0.5391012241529236,6,5086,1.02,5.09,4.503299951553345,1.0306,7.23,0.66,20220627,neoclassical_tearing_mode,0,4.194,6.193,7.0,0.0,9.83,16.384
190177,2022,R,R2022,16.22222222222222,train,False,155,0.30434849446327716,6,5608,1.16,5.61,4.275100231170654,1.1737,8.09,0.63,20220627,,0,4.194,6.193,7.0,0.0,9.83,16.384
190182,2022,G,G2022,5.8474576271186445,train,False,393,0.8066895705759264,6,5610,1.15,5.61,4.305200219154358,1.1685,8.13,1.33,20220627,neoclassical_tearing_mode,0,4.194,6.193,7.0,0.0,9.83,16.384
190212,2022,R,R2022,16.22222222222222,train,False,316,0.6193816124095548,7,5944,1.29,5.95,4.48170006275177,1.3102,4.08,0.58,20220628,,0,4.194,6.193,7.0,0.0,9.83,16.384
190218,2022,R,R2022,16.22222222222222,train,False,103,0.2103295746512813,6,4927,1.33,4.93,4.111250042915344,1.3487,4.05,0.58,20220628,,0,4.194,6.193,7.0,0.0,9.83,16.384
190271,2022,G,G2022,5.8474576271186445,train,False,373,0.7629888955094914,7,5221,1.38,5.22,4.129800081253052,1.3995,8.76,0.56,20220629,neoclassical_tearing_mode,0,4.194,6.193,7.0,0.0,9.83,16.384
190273,2022,G,G2022,5.8474576271186445,train,False,348,0.7020804109688024,7,4341,1.38,4.34,3.218899965286255,1.3987,8.56,0.56,20220629,neoclassical_tearing_mode,0,4.194,6.193,7.0,0.0,9.83,16.384
190298,2022,L,L2022,1.0,train,False,455,0.9377773519463081,5,6639,1.32,6.64,5.587449789047241,1.3359,9.29,0.55,20220630,,1,4.194,6.193,7.0,0.0,9.83,16.384
190299,2022,L,L2022,1.0,train,False,453,0.9375173865506355,7,5418,1.39,5.41,4.249650001525879,1.4015,9.74,0.56,20220630,neoclassical_tearing_mode,1,4.194,6.193,7.0,0.0,9.83,16.384
190300,2022,L,L2022,1.0,val,False,78,0.147019235098026,7,3317,1.39,3.32,2.2223000526428223,1.4003,9.55,0.56,20220630,neoclassical_tearing_mode,1,4.194,6.193,7.0,0.0,9.83,16.384
190301,2022,R,R2022,16.22222222222222,test,True,23,0.037369045466048446,7,5704,1.39,5.7,4.608899831771851,1.401,7.86,0.56,20220630,,0,4.194,6.193,7.0,0.0,9.83,16.384
190335,2022,R,R2022,16.22222222222222,val,False,73,0.13241927947939697,6,2977,1.39,2.98,1.8694499731063843,1.4056,9.53,2.46,20220701,,0,4.194,6.193,7.0,0.0,9.83,16.384
190364,2022,R,R2022,16.22222222222222,test,True,4,0.005260471433937734,6,3815,1.31,3.82,2.8120500445365906,1.3325,7.05,0.55,20220705,,0,4.194,6.193,8.0,0.0,9.83,16.384
190379,2022,R,R2022,16.22222222222222,train,False,312,0.6080199136208382,5,2698,1.38,2.67,1.6651499271392822,1.4171,8.11,0.55,20220705,,0,4.194,6.193,8.0,0.0,9.83,16.384
190414,2022,R,R2022,16.22222222222222,test,True,27,0.04336748698557201,6,5618,1.04,5.62,5.071700155735016,1.0512,9.31,0.57,20220706,,0,4.194,6.193,7.0,0.0,9.83,16.384
190450,2022,L,L2022,1.0,train,False,457,0.9413114090419714,6,6158,1.04,6.16,5.146449863910675,1.0544,9.39,0.57,20220707,,1,4.194,6.193,7.0,0.0,9.83,16.384
190524,2022,G,G2022,5.8474576271186445,test,True,6,0.010883094809103886,6,5249,-1.12,5.25,4.010049879550934,1.1253,9.75,0.0,20220711,edge_localized_mode,0,4.194,6.193,7.0,0.0,9.83,16.384
190526,2022,G,G2022,5.8474576271186445,train,False,462,0.9492532332776509,5,6088,-1.12,6.09,5.044799864292145,1.129,11.54,1.2,20220711,edge_localized_mode,0,4.194,6.193,7.0,0.0,9.83,16.384
190532,2022,G,G2022,5.8474576271186445,test,True,17,0.03069907035246492,6,5415,-1.43,5.41,2.543950080871582,1.4674,7.12,1.34,20220711,edge_localized_mode,0,4.194,6.193,7.0,0.0,9.83,16.384
190586,2022,R,R2022,16.22222222222222,train,False,230,0.44677824699417307,6,7317,0.85,7.32,4.841649949550629,0.8612,0.6,1.69,20220713,,0,4.194,6.193,7.0,0.0,9.83,16.384
190602,2022,R,R2022,16.22222222222222,train,False,490,0.9902395362613224,6,8400,0.86,8.4,7.8349000215530396,0.8764,2.64,0.6,20220713,,0,4.194,6.193,7.0,0.0,9.83,16.384
190604,2022,L,L2022,1.0,test,True,32,0.0548660959390989,6,9025,0.88,9.03,7.936050057411194,0.8867,2.67,0.6,20220713,,1,4.194,6.193,7.0,0.0,9.83,16.384
190627,2022,G,G2022,5.8474576271186445,train,False,493,0.9918352198788415,4,5888,-1.12,5.89,5.04755026102066,1.1365,8.08,1.81,20220714,edge_localized_mode,0,4.194,6.193,7.0,0.0,9.83,16.384
190632,2022,G,G2022,5.8474576271186445,train,False,219,0.4295794339911392,5,6131,-1.12,6.13,5.058700144290924,1.1294,6.34,1.82,20220714,edge_localized_mode,0,4.194,6.193,7.0,0.0,9.83,16.384
190637,2022,G,G2022,5.8474576271186445,val,False,60,0.11196136866331449,5,6138,-1.12,6.14,5.056799829006195,1.1334,8.01,1.75,20220714,edge_localized_mode,0,4.194,6.193,7.0,0.0,9.83,16.384
190643,2022,G,G2022,5.8474576271186445,train,False,149,0.2948196443917198,4,5335,-1.12,5.34,4.727549850940704,1.1448,8.23,1.25,20220714,edge_localized_mode;neoclassical_tearing_mode,0,4.194,6.193,7.0,0.0,9.83,16.384
190646,2022,G,G2022,5.8474576271186445,test,True,39,0.0762922662766773,4,6139,-1.13,6.14,5.057750165462494,1.145,8.05,1.28,20220714,edge_localized_mode,0,4.194,6.193,7.0,0.0,9.83,16.384
190695,2022,R,R2022,16.22222222222222,train,False,113,0.23497411438863788,5,6122,-1.12,6.12,4.722250163555145,1.1319,8.13,1.31,20220718,,0,4.194,6.193,7.0,0.0,9.83,16.384
190736,2022,L,L2022,1.0,train,False,325,0.6448561895968904,8,5382,1.65,5.38,3.9766502380371094,1.6633,6.22,0.0,20220719,neoclassical_tearing_mode,1,4.194,6.193,7.0,9.998,9.83,10.158
190738,2022,L,L2022,1.0,train,False,482,0.9824128450781557,7,5660,1.65,5.66,3.980449914932251,1.6662,6.22,0.59,20220719,neoclassical_tearing_mode,1,4.194,6.193,7.0,0.0,9.83,16.384
190776,2022,R,R2022,16.22222222222222,train,False,311,0.6003243009596297,7,6337,1.01,6.34,5.121800184249878,1.029,9.68,0.66,20220720,,0,4.194,6.193,7.0,0.0,9.83,16.384
190779,2022,L,L2022,1.0,test,True,24,0.03840819995607361,6,6422,1.01,6.42,5.139950156211853,1.0289,9.65,0.67,20220720,,1,4.194,6.193,7.0,0.0,9.83,16.384
190785,2022,R,R2022,16.22222222222222,test,True,48,0.10494612979380244,7,6324,1.01,6.32,5.136349976062775,1.0254,9.63,0.69,20220720,,0,4.194,6.193,7.0,0.0,9.83,16.384
190787,2022,L,L2022,1.0,train,False,475,0.971146703831778,6,5411,1.02,5.41,4.773049771785736,1.0415,9.61,0.67,20220720,,1,4.194,6.193,7.0,0.0,9.83,16.384
190788,2022,L,L2022,1.0,train,False,257,0.486378557939251,5,5685,1.01,5.65,5.090299844741821,1.0281,9.61,0.68,20220720,,1,4.194,6.193,7.0,0.0,9.83,16.384
190790,2022,R,R2022,16.22222222222222,train,False,147,0.29139673972218577,6,6400,1.01,6.4,5.128100037574768,1.0245,9.61,0.68,20220720,,0,4.194,6.193,7.0,0.0,9.83,16.384
190799,2022,R,R2022,16.22222222222222,train,False,377,0.7675408654707068,6,6409,1.02,6.41,5.136550009250641,1.0251,8.74,0.68,20220720,,0,4.194,6.193,7.0,0.0,9.83,16.384
190820,2022,L,L2022,1.0,test,True,33,0.05613759611929581,5,2387,1.15,2.39,1.7409499287605286,1.1651,8.57,0.67,20220721,,1,4.194,6.193,7.0,0.0,9.83,16.384
190857,2022,G,G2022,5.8474576271186445,test,True,30,0.049863176639782264,5,7032,0.91,7.03,5.017850160598755,0.9263,9.43,2.63,20220722,high_confinement_mode;low_confinement_mode,0,4.194,6.193,7.0,0.0,9.83,16.384
190957,2022,R,R2022,16.22222222222222,train,False,336,0.6758349095084544,6,4661,1.5,4.66,3.1898499727249146,1.5153,9.97,0.55,20220727,,0,4.194,6.193,7.0,0.0,9.83,16.384
190991,2022,G,G2022,5.8474576271186445,val,False,72,0.13227849333521494,7,7013,1.02,7.01,5.691900074481964,1.0322,7.31,1.61,20220728,neoclassical_tearing_mode,0,4.194,6.193,7.0,0.0,9.83,16.384
190992,2022,R,R2022,16.22222222222222,train,False,326,0.646319212392475,7,7017,1.02,7.02,5.690950036048889,1.0393,7.24,1.65,20220728,,0,4.194,6.193,7.0,0.0,9.83,16.384
191009,2022,L,L2022,1.0,train,False,302,0.581671162485929,7,6343,1.02,6.34,5.182149827480316,1.0284,4.94,1.62,20220728,,1,4.194,6.193,7.0,0.0,9.83,16.384
191183,2022,R,R2022,16.22222222222222,train,False,439,0.9131917176255566,8,6309,1.01,6.31,5.188450038433075,1.0223,14.53,0.57,20220811,,0,4.194,6.193,7.0,0.0,9.83,16.384
191228,2022,R,R2022,16.22222222222222,train,False,329,0.6611831666181458,10,3925,1.03,3.93,2.4768500328063965,1.0409,0.61,1.68,20220812,,0,4.194,6.193,7.0,0.0,9.83,16.384
191313,2022,R,R2022,16.22222222222222,train,False,188,0.3794580401731233,9,3935,1.04,3.94,2.4771499037742615,1.0521,0.61,1.68,20220816,,0,4.194,6.193,7.0,0.0,9.83,16.384
191316,2022,R,R2022,16.22222222222222,train,False,284,0.5471417718828848,9,3933,1.04,3.93,2.4770500659942627,1.0583,0.62,1.68,20220816,,0,4.194,6.193,7.0,0.0,9.83,16.384
191320,2022,R,R2022,16.22222222222222,train,False,157,0.3075052790136733,9,3932,1.03,3.93,2.4061999917030334,1.0492,0.61,1.67,20220816,,0,4.194,6.193,7.0,0.0,9.83,16.384
191326,2022,R,R2022,16.22222222222222,train,False,133,0.2723440090241411,9,3944,1.04,3.94,2.4814999103546143,1.0467,0.95,0.61,20220816,,0,4.194,6.193,7.0,0.0,9.83,16.384
191376,2022,G,G2022,5.8474576271186445,train,False,371,0.7578913605019363,8,5350,-1.34,5.35,4.543849945068359,1.3533,6.69,0.0,20220818,high_confinement_mode;low_confinement_mode,0,4.194,6.193,7.0,0.0,9.83,16.384
191380,2022,R,R2022,16.22222222222222,test,True,47,0.09627096966816857,8,5278,-1.34,5.27,4.511299967765808,1.3518,2.56,0.75,20220818,,0,4.194,6.193,7.0,0.0,9.83,16.384
191382,2022,R,R2022,16.22222222222222,train,False,100,0.20324837529810322,8,5344,-1.34,5.34,4.552200198173523,1.3629,2.56,0.56,20220818,,0,4.194,6.193,7.0,0.0,9.83,16.384
191384,2022,R,R2022,16.22222222222222,train,False,192,0.38756404957386326,7,5604,-1.34,5.6,4.552850246429443,1.3556,2.56,0.56,20220818,,0,4.194,6.193,7.0,0.0,9.83,16.384
191448,2022,G,G2022,5.8474576271186445,train,False,372,0.7627081546445674,7,6478,0.74,6.48,5.778749763965607,0.7588,14.96,0.55,20220819,neoclassical_tearing_mode,0,4.194,6.193,7.0,0.0,9.83,16.384
191470,2022,R,R2022,16.22222222222222,train,False,123,0.2530993252165533,6,6113,1.01,6.11,5.162900030612946,1.0286,10.82,0.57,20220822,,0,4.194,6.193,7.0,0.0,9.83,16.384
191489,2022,R,R2022,16.22222222222222,train,False,258,0.4880580393412335,6,5614,1.02,5.61,5.079350233078003,1.0269,9.54,0.57,20220822,,0,4.194,6.193,7.0,0.0,9.83,16.384
191499,2022,R,R2022,16.22222222222222,train,False,488,0.9892915316507243,7,4212,-1.12,4.21,3.6040998697280884,1.15,5.58,0.59,20220823,,0,4.194,6.193,7.0,0.0,9.83,16.384
191506,2022,L,L2022,1.0,train,False,207,0.41350110682576047,6,5274,-1.1,5.27,4.546000063419342,1.1101,3.06,0.62,20220823,,1,4.194,6.193,7.0,0.0,9.83,16.384
191519,2022,R,R2022,16.22222222222222,train,False,481,0.9798072174050024,6,5530,-0.62,5.53,4.945499897003174,0.6341,5.08,0.58,20220823,,0,4.194,6.193,7.0,0.0,9.83,16.384
191521,2022,R,R2022,16.22222222222222,train,False,476,0.9716825390923757,7,5526,-0.62,5.53,4.942399814724922,0.6335,5.7,0.61,20220823,,0,4.194,6.193,7.0,0.0,9.83,16.384
191549,2022,L,L2022,1.0,test,True,38,0.06986107053134606,5,3397,2.01,3.4,1.9620500802993774,2.0256,16.82,0.59,20220824,neoclassical_tearing_mode,2,4.194,6.193,7.0,0.0,9.83,16.384
191596,2022,R,R2022,16.22222222222222,train,False,364,0.7481933716153223,6,6327,1.26,6.33,4.4481000900268555,1.2681,6.86,0.57,20220825,,0,4.194,6.193,7.0,0.0,9.83,16.384
191670,2022,G,G2022,5.8474576271186445,train,False,413,0.8547395929897476,6,5462,1.68,5.45,4.2170000076293945,1.7312,7.88,0.59,20220830,neoclassical_tearing_mode,0,4.194,6.193,7.0,0.0,9.83,16.384
191672,2022,L,L2022,1.0,train,False,174,0.3337745317138781,6,4324,1.75,4.33,3.095000147819519,1.7772,7.81,0.59,20220830,neoclassical_tearing_mode,1,4.194,6.193,7.0,0.0,9.83,16.384
191674,2022,G,G2022,5.8474576271186445,test,True,46,0.09019973810058214,6,4894,1.67,4.89,3.709950089454651,1.6935,7.78,0.59,20220830,neoclassical_tearing_mode,0,4.194,6.193,7.0,0.0,9.83,16.384
191677,2022,G,G2022,5.8474576271186445,train,False,158,0.3077183505304864,6,4425,1.74,4.42,3.526399850845337,1.7555,6.08,0.59,20220830,neoclassical_tearing_mode,0,4.194,6.193,7.0,0.0,9.83,16.384
191782,2022,G,G2022,5.8474576271186445,train,False,179,0.35023670534410084,8,5631,-1.49,5.63,1.5611000061035156,1.5117,5.82,0.0,20220906,high_confinement_mode;low_confinement_mode,0,4.194,6.193,7.0,0.0,9.83,16.384
191968,2022,L,L2022,1.0,train,False,430,0.8939811546508977,5,4333,1.63,4.33,3.393800139427185,1.6444,9.25,1.17,20220913,,1,4.194,6.193,7.0,0.0,9.83,16.384
192003,2022,G,G2022,5.8474576271186445,val,False,52,0.092622399937195,7,4783,1.6,4.78,3.9345499873161316,1.6337,9.29,0.0,20220914,neoclassical_tearing_mode,0,4.194,6.193,7.0,0.0,9.83,16.384
192010,2022,L,L2022,1.0,train,False,122,0.2508852620479695,6,4744,1.51,4.74,3.9473001956939697,1.5249,7.39,1.32,20220914,,1,4.194,6.193,7.0,0.0,9.83,16.384
192015,2022,R,R2022,16.22222222222222,train,False,111,0.23231600967482788,7,5676,1.5,5.68,4.345950186252594,1.5165,6.59,1.09,20220914,,0,4.194,6.193,7.0,0.0,9.83,16.384
192045,2022,L,L2022,1.0,train,False,437,0.9064005489137277,8,8025,1.05,8.03,6.503949761390686,1.0652,7.86,0.56,20220915,,1,4.194,6.193,7.0,0.0,9.83,16.384
192090,2022,R,R2022,16.22222222222222,train,False,175,0.33618170844501927,6,6883,1.54,6.88,5.079899847507477,1.5469,5.52,1.23,20220916,,0,4.194,6.193,7.0,0.0,9.83,16.384
192148,2022,R,R2022,16.22222222222222,train,False,106,0.22249962769885964,7,5840,0.91,5.84,4.473649799823761,0.9137,1.95,0.58,20220920,,0,4.194,6.193,7.0,0.0,9.83,16.384
192149,2022,R,R2022,16.22222222222222,train,False,231,0.44833668017970335,6,5871,0.91,5.87,4.475999891757965,0.916,1.96,0.6,20220920,,0,4.194,6.193,7.0,0.0,9.83,16.384
192152,2022,R,R2022,16.22222222222222,train,False,289,0.5625235675837479,6,5876,0.9,5.88,4.479700088500977,0.9143,2.78,0.58,20220920,,0,4.194,6.193,7.0,0.0,9.83,16.384
192154,2022,R,R2022,16.22222222222222,test,True,37,0.06971695717228178,7,5835,0.9,5.84,4.475699841976166,0.9123,4.31,0.0,20220920,,0,4.194,6.193,7.0,0.0,9.83,16.384
192159,2022,L,L2022,1.0,train,False,249,0.47759727201348606,6,5865,0.9,5.87,4.4799500703811646,0.9132,4.35,0.0,20220920,,1,4.194,6.193,7.0,0.0,9.83,16.384
192221,2022,L,L2022,1.0,train,False,461,0.9464282066258762,6,8021,1.06,8.02,6.505549848079681,1.0644,8.25,0.56,20220922,,1,4.194,6.193,7.0,0.0,9.83,16.384
192222,2022,L,L2022,1.0,train,False,442,0.9181415762525951,7,7797,1.05,7.79,5.4968501925468445,1.0626,8.25,0.56,20220922,,1,4.194,6.193,7.0,0.0,9.83,16.384
192223,2022,L,L2022,1.0,train,False,268,0.5090922075078431,6,7872,1.05,7.85,5.501199841499329,1.0623,8.23,0.56,20220922,,1,4.194,6.193,7.0,0.0,9.83,16.384
192224,2022,L,L2022,1.0,test,True,3,0.004865580484814367,7,7271,1.05,7.26,5.499749779701233,1.0602,8.12,0.56,20220922,,1,4.194,6.193,7.0,0.0,9.83,16.384
192226,2022,L,L2022,1.0,val,False,57,0.10629519119242734,7,7374,1.05,7.36,5.500099956989288,1.0675,8.09,0.56,20220922,,1,4.194,6.193,7.0,0.0,9.83,16.384
192228,2022,L,L2022,1.0,train,False,406,0.8339678352437201,6,7223,1.05,7.21,5.5015997886657715,1.0612,8.14,0.56,20220922,,2,4.194,6.193,7.0,0.0,9.83,16.384
192229,2022,L,L2022,1.0,train,False,234,0.45425799173058523,6,7400,1.05,7.38,5.486950039863586,1.0641,8.0,0.56,20220922,,1,4.194,6.193,7.0,0.0,9.83,16.384
192230,2022,L,L2022,1.0,train,False,382,0.7807190723937745,7,7302,1.05,7.3,5.502699911594391,1.0562,8.15,0.56,20220922,,2,4.194,6.193,7.0,0.0,9.83,16.384
192231,2022,L,L2022,1.0,train,False,172,0.3319409619075675,6,7413,1.05,7.4,5.482350051403046,1.0605,8.11,0.56,20220922,,2,4.194,6.193,7.0,0.0,9.83,16.384
192232,2022,L,L2022,1.0,val,False,83,0.1572082164635658,7,7291,1.05,7.28,5.5038498640060425,1.0621,8.13,0.56,20220922,,2,4.194,6.193,7.0,0.0,9.83,16.384
192233,2022,L,L2022,1.0,train,False,307,0.58833133553298,6,7079,1.05,7.08,5.484299838542938,1.0589,8.14,0.56,20220922,,2,4.194,6.193,7.0,0.0,9.83,16.384
192275,2022,L,L2022,1.0,train,False,340,0.6835108450294655,8,5693,1.2,5.69,4.345599889755249,1.217,3.56,0.62,20220923,,1,4.194,6.193,7.0,0.0,9.83,16.384
192276,2022,L,L2022,1.0,train,False,211,0.42177163533983747,8,5698,1.2,5.7,4.4093499183654785,1.2155,3.57,0.62,20220923,,1,4.194,6.193,7.0,0.0,9.83,16.384
192277,2022,R,R2022,16.22222222222222,train,False,451,0.9357629587080378,8,5693,1.2,5.69,4.410549759864807,1.2164,3.53,0.62,20220923,,0,4.194,6.193,7.0,0.0,9.83,16.384
192279,2022,R,R2022,16.22222222222222,train,False,414,0.8577511117904626,8,5697,1.2,5.7,4.412149786949158,1.2135,3.85,0.61,20220923,,0,4.194,6.193,7.0,0.0,9.83,16.384
192309,2022,R,R2022,16.22222222222222,train,False,429,0.8923727564599415,7,6271,1.01,6.27,5.133599877357483,1.0229,7.91,0.65,20220926,,0,4.194,6.193,7.0,0.0,9.83,16.384
192387,2022,G,G2022,5.8474576271186445,train,False,415,0.8607473782492137,7,5109,1.01,5.11,4.560350060462952,1.0158,9.03,0.7,20220928,neoclassical_tearing_mode,0,4.194,6.193,7.0,0.0,9.83,16.384
192404,2022,R,R2022,16.22222222222222,train,False,313,0.6149809694504813,6,6308,1.01,6.31,5.1465001702308655,1.0187,9.91,0.71,20220928,,0,4.194,6.193,7.0,0.0,9.83,16.384
192423,2022,L,L2022,1.0,test,True,34,0.05625746794019715,8,7039,1.02,7.04,5.166549980640411,1.0371,7.8,,20220929,,1,4.194,6.193,7.0,0.0,9.83,16.384
192424,2022,L,L2022,1.0,train,False,486,0.9877815667270767,8,6589,1.02,6.59,5.201150000095367,1.0367,7.85,0.58,20220929,,1,4.194,6.193,7.0,0.0,9.83,16.384
192425,2022,R,R2022,16.22222222222222,val,False,90,0.1718241914634214,8,6596,1.02,6.6,5.196099936962128,1.0321,9.23,0.58,20220929,,0,4.194,6.193,7.0,0.0,9.83,16.384
192431,2022,L,L2022,1.0,train,False,224,0.43783745633394977,8,6080,1.02,6.08,5.124949812889099,1.0293,9.59,,20220929,,1,4.194,6.193,7.0,0.0,9.83,16.384
192432,2022,L,L2022,1.0,train,False,156,0.30652169384387074,8,2414,1.08,2.41,1.8817498683929443,1.0954,9.06,0.58,20220929,,1,4.194,6.193,7.0,0.0,9.83,16.384
192433,2022,L,L2022,1.0,train,False,168,0.3261248801847793,8,2901,1.08,2.9,2.364150106906891,1.0945,10.5,,20220929,,1,4.194,6.193,7.0,0.0,9.83,16.384
192434,2022,L,L2022,1.0,test,True,26,0.04250335063987315,8,6027,1.02,6.03,5.126350045204163,1.0307,10.47,0.58,20220929,,1,4.194,6.193,7.0,0.0,9.83,16.384
192721,2022,G,G2022,5.8474576271186445,train,False,112,0.23345168498383104,6,5198,-1.1,5.2,4.55239999294281,1.1204,5.59,0.0,20221108,edge_localized_mode,0,4.194,6.193,7.0,0.0,9.83,16.384
192732,2022,G,G2022,5.8474576271186445,val,False,76,0.13877871178383733,6,5191,-1.11,5.19,4.549599885940552,1.1265,8.01,0.6,20221108,edge_localized_mode,0,4.194,6.193,7.0,0.0,9.83,16.384
192735,2022,R,R2022,16.22222222222222,train,False,248,0.47624697331929616,6,6243,-1.12,6.24,4.546400189399719,1.1282,9.86,1.47,20221108,,0,4.194,6.193,7.0,0.0,9.83,16.384
192741,2022,G,G2022,5.8474576271186445,train,False,405,0.8312405198806093,6,4180,-1.11,4.18,3.5467000007629395,1.1271,11.34,1.11,20221108,edge_localized_mode,0,4.194,6.193,7.0,0.0,9.83,16.384
192751,2022,G,G2022,5.8474576271186445,train,False,126,0.2576634657529708,6,6109,-1.1,6.11,4.538199841976166,1.1188,10.15,1.01,20221109,edge_localized_mode;high_confinement_mode;low_confinement_mode,0,4.194,6.193,7.0,0.0,9.83,16.384
192755,2022,R,R2022,16.22222222222222,train,False,232,0.4499978271787794,9,5583,-1.1,5.58,4.537450134754181,1.1149,10.14,1.01,20221109,,0,4.194,6.193,7.0,0.0,9.83,16.384
192756,2022,G,G2022,5.8474576271186445,test,True,43,0.08580645237353404,9,5358,-1.1,5.36,4.5373000502586365,1.1172,13.54,1.01,20221109,edge_localized_mode;high_confinement_mode;low_confinement_mode,0,4.194,6.193,7.0,0.0,9.83,16.384
192761,2022,G,G2022,5.8474576271186445,train,False,310,0.5954661064803617,8,5567,-1.1,5.57,4.530500173568726,1.1194,8.01,0.6,20221109,edge_localized_mode;high_confinement_mode;low_confinement_mode,0,4.194,6.193,7.0,0.0,9.83,16.384
192766,2022,G,G2022,5.8474576271186445,train,False,350,0.7057245133870271,9,5585,-1.1,5.59,4.531650185585022,1.1203,7.99,1.08,20221109,edge_localized_mode,0,4.194,6.193,7.0,0.0,9.83,16.384
192914,2022,G,G2022,5.8474576271186445,val,False,85,0.16014217211232815,10,7152,1.03,7.15,5.057700037956238,1.0419,16.22,1.67,20221117,neoclassical_tearing_mode,0,4.194,6.193,7.0,0.0,9.83,16.384
192969,2022,R,R2022,16.22222222222222,test,True,5,0.005422083405166686,8,6986,1.0,6.99,5.58424985408783,1.018,3.03,0.58,20221121,,0,4.194,6.193,7.0,0.0,9.83,16.384
192996,2022,R,R2022,16.22222222222222,train,False,366,0.7486167149916535,10,5799,1.28,5.8,4.965649843215942,1.2932,8.26,0.59,20221122,,0,4.194,6.193,7.0,0.0,9.83,16.384
193008,2022,R,R2022,16.22222222222222,train,False,140,0.2784684322850028,9,4780,1.47,4.78,3.94715017080307,1.4952,8.58,0.59,20221122,,0,4.194,6.193,7.0,0.0,9.83,16.384
193016,2022,R,R2022,16.22222222222222,train,False,386,0.7923762847076233,10,6057,1.28,6.06,4.965449810028076,1.2936,7.17,0.59,20221122,,0,4.194,6.193,7.0,0.0,9.83,16.384
193022,2022,L,L2022,1.0,train,False,124,0.2535950398020075,9,6109,1.28,6.11,4.965050220489502,1.2964,7.15,0.59,20221122,,1,4.194,6.193,7.0,0.0,9.83,16.384
193024,2022,R,R2022,16.22222222222222,train,False,277,0.5366479718224181,12,5622,1.33,5.62,4.878900051116943,1.3609,7.31,0.59,20221122,,0,4.194,6.193,7.0,0.0,9.83,16.384
193075,2022,R,R2022,16.22222222222222,val,False,81,0.15500632693082125,7,5648,-0.52,5.65,5.072550155222416,0.5311,3.78,0.6,20221128,,0,4.194,6.193,7.0,0.0,9.83,16.384
193087,2022,R,R2022,16.22222222222222,train,False,235,0.4564805137114508,8,5862,-0.8,5.86,4.843050122261047,0.8124,3.5,0.56,20221128,,0,4.194,6.193,7.0,0.0,9.83,16.384
193106,2022,L,L2022,1.0,test,True,14,0.024636867221140578,10,6058,1.29,6.06,4.964200019836426,1.2988,7.03,0.59,20221129,,1,4.194,6.193,7.0,0.0,9.83,16.384
193107,2022,L,L2022,1.0,train,False,401,0.822276917400568,12,5883,1.28,5.88,4.965499818325043,1.2919,7.83,0.59,20221129,neoclassical_tearing_mode,1,4.194,6.193,7.0,0.0,9.83,16.384
193108,2022,L,L2022,1.0,train,False,409,0.8417746636110891,9,5893,1.28,5.89,4.968349993228912,1.2961,7.13,0.59,20221129,neoclassical_tearing_mode,1,4.194,6.193,7.0,0.0,9.83,16.384
193119,2022,L,L2022,1.0,train,False,315,0.6152070797736123,10,5887,1.28,5.89,4.964099884033203,1.2965,9.45,0.59,20221129,,1,4.194,6.193,7.0,0.0,9.83,16.384
193148,2022,G,G2022,5.8474576271186445,train,False,294,0.5661349801490715,8,6679,0.75,6.68,5.7311499416828156,0.7606,14.77,0.55,20221130,neoclassical_tearing_mode,0,4.194,6.193,7.0,0.0,9.83,16.384
193162,2022,R,R2022,16.22222222222222,train,False,281,0.5399149757753184,7,6681,0.74,6.68,5.7364499270915985,0.7585,15.0,0.55,20221130,,0,4.194,6.193,7.0,0.0,9.83,16.384
193164,2022,R,R2022,16.22222222222222,train,False,391,0.8030354323201786,7,6518,0.65,6.52,5.703650146722794,0.6589,14.87,0.56,20221130,,0,4.194,6.193,7.0,0.0,9.83,16.384
193266,2022,L,L2022,1.0,train,False,218,0.42940540657175785,6,7524,1.37,7.53,6.643699765205383,1.3827,10.88,0.54,20221205,,1,4.194,6.193,7.0,0.0,9.83,16.384
193267,2022,G,G2022,5.8474576271186445,train,False,331,0.6635577360233372,6,3649,1.32,3.64,2.7309499382972717,1.3426,15.46,0.54,20221205,neoclassical_tearing_mode,0,4.194,6.193,7.0,0.0,9.83,16.384
193273,2022,L,L2022,1.0,train,False,298,0.572994023844042,5,3187,1.37,3.18,2.2991999983787537,1.3887,14.66,0.0,20221205,neoclassical_tearing_mode,1,4.194,6.193,7.0,0.0,9.83,16.384
193276,2022,L,L2022,1.0,val,False,55,0.10079875254114323,6,2754,1.4,2.75,1.865750014781952,1.425,12.08,0.54,20221205,,1,4.194,6.193,7.0,0.0,9.83,16.384
193277,2022,L,L2022,1.0,test,True,42,0.08545155260402269,5,5586,1.32,5.57,4.688199877738953,1.3385,13.74,0.55,20221205,,1,4.194,6.193,7.0,0.0,9.83,16.384
193280,2022,L,L2022,1.0,train,False,465,0.9543160147426683,6,6388,1.36,6.39,5.4908998012542725,1.371,11.71,0.54,20221205,,2,4.194,6.193,7.0,0.0,9.83,16.384
193281,2022,L,L2022,1.0,train,False,197,0.39300413894934355,6,6366,1.33,6.37,5.456199944019318,1.3444,12.04,0.0,20221205,,1,4.194,6.193,7.0,0.0,9.83,16.384
193282,2022,L,L2022,1.0,train,False,446,0.9212430025849923,5,5247,1.33,5.25,2.230549931526184,1.3412,12.04,1.62,20221205,neoclassical_tearing_mode,2,4.194,6.193,7.0,0.0,9.83,16.384
193353,2022,R,R2022,16.22222222222222,train,False,236,0.45695968332871906,9,6240,1.21,6.23,3.0928499698638916,1.2184,8.85,0.63,20221207,,0,4.194,6.193,7.0,0.0,9.83,16.384
193793,2023,L,L2023,1.0,train,False,404,0.8299370052396698,9,6421,0.63,6.42,5.55920022726059,0.6364,12.9,1.06,20230113,,1,4.194,6.193,7.0,0.0,9.83,16.384
193802,2023,L,L2023,1.0,train,False,448,0.9267218223090028,8,6259,0.61,6.26,5.573849976062775,0.6201,7.27,1.02,20230113,,1,4.194,6.193,7.0,0.0,9.83,16.384
193832,2023,R,R2023,16.27906976744186,train,False,469,0.964319328997788,13,5041,1.05,5.04,3.9179000854492188,1.0615,9.44,0.93,20230116,,0,4.194,6.193,7.0,0.0,9.83,16.384
194025,2023,G,G2023,5.947368421052632,train,False,480,0.9793405344123981,10,4618,0.84,4.62,3.77144992351532,0.847,6.91,1.35,20230124,neoclassical_tearing_mode,0,4.194,6.193,7.0,0.0,9.83,16.384
194026,2023,G,G2023,5.947368421052632,train,False,367,0.7487241024825207,6,4834,0.82,4.83,3.9752498269081116,0.8339,5.51,1.8,20230124,neoclassical_tearing_mode,0,4.194,6.193,7.0,0.0,9.83,16.384
194071,2023,G,G2023,5.947368421052632,train,False,255,0.482034363300822,7,3863,1.06,3.86,2.5927499532699585,1.0711,6.18,1.8,20230125,neoclassical_tearing_mode,0,4.194,6.193,7.0,0.0,9.83,16.384
194099,2023,R,R2023,16.27906976744186,train,False,251,0.47950272082160184,9,6726,0.82,6.73,4.480649828910828,0.831,5.24,1.67,20230126,,0,4.194,6.193,7.0,0.0,9.83,16.384
194115,2023,L,L2023,1.0,train,False,417,0.8685444608866044,9,3785,0.83,3.79,3.004300057888031,0.8494,5.33,1.82,20230126,,1,4.194,6.193,7.0,0.0,9.83,16.384
194154,2023,G,G2023,5.947368421052632,train,False,324,0.6448183392848081,7,3302,0.81,3.3,2.345099985599518,0.8133,10.74,1.58,20230127,neoclassical_tearing_mode,0,4.194,6.193,7.0,0.0,9.83,16.384
194155,2023,R,R2023,16.27906976744186,train,False,148,0.29379742092518346,10,6122,0.51,6.12,5.666999846696854,0.5177,5.61,1.62,20230127,,0,4.194,6.193,7.0,0.0,9.83,16.384
194160,2023,R,R2023,16.27906976744186,train,False,119,0.24629154353276617,8,5790,0.8,5.79,4.774099886417389,0.8189,8.49,1.01,20230127,,0,4.194,6.193,7.0,0.0,9.83,16.384
194199,2023,R,R2023,16.27906976744186,train,False,209,0.41541528107239867,9,4756,0.8,4.76,3.5471502542495728,0.8133,9.37,2.45,20230130,,0,4.194,6.193,7.0,0.0,9.83,16.384
194207,2023,R,R2023,16.27906976744186,test,True,19,0.033454139774320206,9,3640,0.6,3.64,2.9974000453948975,0.6161,8.18,2.39,20230130,,0,4.194,6.193,7.0,0.0,9.83,16.384
194213,2023,R,R2023,16.27906976744186,train,False,270,0.5183352022623673,9,6475,0.61,6.48,4.731550186872482,0.6161,11.3,2.35,20230130,,0,4.194,6.193,7.0,0.0,9.83,16.384
194219,2023,R,R2023,16.27906976744186,train,False,359,0.7331764206255437,9,5232,0.6,5.23,4.200650006532669,0.6149,13.53,2.36,20230130,,0,4.194,6.193,7.0,0.0,9.83,16.384
194232,2023,R,R2023,16.27906976744186,train,False,421,0.8755678870794245,10,6791,0.61,6.79,5.8070001900196075,0.619,11.6,2.29,20230131,,0,4.194,6.193,7.0,0.0,9.83,16.384
194238,2023,R,R2023,16.27906976744186,train,False,321,0.6369299863016742,9,4921,0.61,4.92,4.540350168943405,0.619,11.8,0.0,20230131,,0,4.194,6.193,7.0,0.0,9.83,16.384
194347,2023,R,R2023,16.27906976744186,train,False,222,0.43211409271526735,7,6786,0.61,6.79,5.033650130033493,0.6239,5.98,0.93,20230206,,0,4.194,6.193,7.0,0.0,9.83,16.384
194401,2023,R,R2023,16.27906976744186,train,False,468,0.9618326646109279,9,4306,0.63,4.31,3.180500090122223,0.6467,3.38,0.57,20230207,,0,4.194,6.193,7.0,0.0,9.83,16.384
194403,2023,G,G2023,5.947368421052632,train,False,262,0.49760018464798705,9,3922,0.67,3.92,2.779049962759018,0.6761,3.36,0.62,20230207,neoclassical_tearing_mode,0,4.194,6.193,7.0,0.0,9.83,16.384
194408,2023,G,G2023,5.947368421052632,train,False,227,0.44182869943691466,8,2237,0.78,2.24,1.7303000092506409,0.7829,2.7,0.0,20230207,neoclassical_tearing_mode,0,4.194,6.193,7.0,0.0,9.83,16.384
194410,2023,G,G2023,5.947368421052632,train,False,334,0.6731980438293317,8,2232,0.78,2.23,1.7893999218940735,0.791,6.31,0.0,20230207,neoclassical_tearing_mode,0,4.194,6.193,7.0,0.0,9.83,16.384
194412,2023,G,G2023,5.947368421052632,train,False,378,0.7751856227373206,8,3361,1.1,3.36,2.0771000385284424,1.1224,7.65,0.86,20230207,neoclassical_tearing_mode,0,4.194,6.193,7.0,0.0,9.83,16.384
194445,2023,R,R2023,16.27906976744186,val,False,64,0.1163115106485294,9,7196,0.81,7.2,5.598499834537506,0.8212,11.93,1.79,20230208,,0,4.194,6.193,7.0,0.0,9.83,16.384
194597,2023,L,L2023,1.0,train,False,260,0.4934432320541107,8,6469,0.83,6.47,5.347949743270874,0.8404,0.6,1.69,20230301,,1,4.194,6.193,7.0,0.0,9.83,16.384
194598,2023,L,L2023,1.0,train,False,228,0.4422329212162256,8,2062,0.9,2.06,1.5600500404834747,0.9032,0.6,1.68,20230301,,1,4.194,6.193,7.0,0.0,9.83,16.384
194600,2023,L,L2023,1.0,val,False,54,0.09461699288719998,9,2857,0.91,2.86,1.748999923467636,0.9247,0.6,1.68,20230301,,1,4.194,6.193,7.0,0.0,9.83,16.384
194602,2023,R,R2023,16.27906976744186,train,False,363,0.7420815743874155,8,2905,0.92,2.91,1.8884000480175018,0.9308,0.6,1.68,20230301,,0,4.194,6.193,7.0,0.0,9.83,16.384
194603,2023,L,L2023,1.0,train,False,361,0.7370490921150584,8,4431,0.91,4.43,3.915699779987335,0.9172,0.6,1.68,20230301,,1,4.194,6.193,7.0,0.0,9.83,16.384
194605,2023,L,L2023,1.0,train,False,239,0.46305348280094877,8,3996,0.9,4.0,3.4824500679969788,0.9112,0.6,1.69,20230301,,1,4.194,6.193,7.0,0.0,9.83,16.384
194608,2023,L,L2023,1.0,train,False,128,0.26069340656551965,9,3939,0.9,3.94,3.4278499484062195,0.9111,0.6,1.69,20230301,,1,4.194,6.193,7.0,0.0,9.83,16.384
194609,2023,L,L2023,1.0,test,True,44,0.08870872483218348,9,4180,0.9,4.18,3.666099965572357,0.9123,0.6,1.69,20230301,,1,4.194,6.193,7.0,0.0,9.83,16.384
194837,2023,R,R2023,16.27906976744186,train,False,443,0.9190225248950554,10,7024,0.63,7.02,5.797999978065491,0.6435,7.91,0.89,20230324,,0,4.194,6.193,7.0,0.0,9.83,16.384
194843,2023,L,L2023,1.0,train,False,180,0.35203054713055554,10,7017,0.63,7.02,5.805349916219711,0.6389,7.57,1.02,20230324,,1,4.194,6.193,7.0,0.0,9.83,16.384
194959,2023,R,R2023,16.27906976744186,train,False,202,0.40286456279495864,6,6168,1.01,6.17,4.5760499238967896,1.0203,2.36,2.97,20230403,,0,4.194,6.193,7.0,0.0,9.83,16.384
195016,2023,G,G2023,5.947368421052632,train,False,110,0.23098155752256308,15,6881,0.88,6.88,4.762800216674805,0.8883,15.54,2.26,20230405,neoclassical_tearing_mode,0,4.194,6.193,7.0,0.0,9.83,16.384
195024,2023,G,G2023,5.947368421052632,train,False,114,0.2352095383696938,15,6934,0.88,6.93,4.7556997537612915,0.8926,13.62,2.95,20230405,neoclassical_tearing_mode,0,4.194,6.193,7.0,0.0,9.83,16.384
195031,2023,G,G2023,5.947368421052632,test,True,36,0.06756172064139816,14,6915,0.88,6.92,4.7585002183914185,0.889,13.49,2.85,20230405,neoclassical_tearing_mode,0,4.194,6.193,7.0,0.0,9.83,16.384
195034,2023,G,G2023,5.947368421052632,train,False,497,0.9957351075818792,15,6870,0.88,6.87,4.754549860954285,0.8894,13.54,2.83,20230405,neoclassical_tearing_mode,0,4.194,6.193,7.0,0.0,9.83,16.384
195035,2023,G,G2023,5.947368421052632,train,False,356,0.720586574589228,18,6875,0.88,6.88,4.760649800300598,0.8902,13.62,2.78,20230405,neoclassical_tearing_mode,0,4.194,6.193,7.0,0.0,9.83,16.384
195040,2023,L,L2023,1.0,train,False,399,0.8186974271602134,26,6977,1.05,6.98,5.01384973526001,1.0676,11.76,2.74,20230405,,1,4.194,6.193,7.0,0.0,9.83,16.384
195062,2023,L,L2023,1.0,train,False,431,0.8947578203532499,22,6879,0.88,6.88,4.753949761390686,0.8888,15.32,2.75,20230406,neoclassical_tearing_mode,1,4.194,6.193,7.0,0.0,9.83,16.384
195064,2023,R,R2023,16.27906976744186,train,False,494,0.9926279054929548,20,6955,0.87,6.96,4.773450136184692,0.8894,12.87,2.76,20230406,,0,4.194,6.193,7.0,0.0,9.83,16.384
195066,2023,L,L2023,1.0,val,False,67,0.12009692548083105,21,6909,0.88,6.91,4.760650038719177,0.8885,13.05,2.84,20230406,,1,4.194,6.193,7.0,0.0,9.83,16.384
195101,2023,L,L2023,1.0,train,False,314,0.6151425031257435,21,6887,0.87,6.89,4.7586997747421265,0.8867,13.24,2.86,20230407,,1,4.194,6.193,7.0,0.0,9.83,16.384
195102,2023,L,L2023,1.0,train,False,141,0.27892378373966265,22,6883,0.88,6.88,4.755299925804138,0.8855,13.39,2.85,20230407,neoclassical_tearing_mode,1,4.194,6.193,7.0,0.0,9.83,16.384
195103,2023,L,L2023,1.0,train,False,265,0.5036551684441437,20,6877,0.88,6.88,4.752200126647949,0.8853,13.34,2.94,20230407,neoclassical_tearing_mode,1,4.194,6.193,7.0,0.0,9.83,16.384
195107,2023,G,G2023,5.947368421052632,train,False,220,0.43029218473901726,17,6367,0.83,6.37,4.396249890327454,0.84,13.38,1.56,20230407,neoclassical_tearing_mode,0,4.194,6.193,7.0,0.0,9.83,16.384
195111,2023,G,G2023,5.947368421052632,train,False,145,0.2831355629580264,21,6403,0.88,6.4,4.261750221252441,0.8888,15.38,2.9,20230407,neoclassical_tearing_mode,0,4.194,6.193,7.0,0.0,9.83,16.384
195159,2023,G,G2023,5.947368421052632,train,False,271,0.5192255280617843,8,7023,0.86,7.02,5.596900045871735,0.8734,14.63,0.0,20230411,neoclassical_tearing_mode,0,4.194,6.193,7.0,0.0,9.83,16.384
195169,2023,R,R2023,16.27906976744186,train,False,383,0.784891845860997,6,2552,0.76,2.55,2.086300104856491,0.7654,13.77,0.0,20230411,,0,4.194,6.193,7.0,0.0,9.83,16.384
195186,2023,R,R2023,16.27906976744186,train,False,152,0.2993045035405744,7,5237,1.0,5.24,3.4822999238967896,1.011,2.64,2.75,20230412,,0,4.194,6.193,7.0,0.0,9.83,16.384
195187,2023,L,L2023,1.0,train,False,273,0.5249689923764644,8,5283,1.0,5.28,3.4830998182296753,1.0112,2.65,2.72,20230412,,1,4.194,6.193,7.0,0.0,9.83,16.384
195263,2023,R,R2023,16.27906976744186,train,False,143,0.2798889740466712,7,7031,0.92,7.03,5.844150125980377,0.93,11.42,3.23,20230417,,0,4.194,6.193,7.0,0.0,9.83,16.384
195279,2023,L,L2023,1.0,train,False,164,0.3152055961252947,7,5520,0.92,5.52,5.131150096654892,0.9317,14.84,3.22,20230417,,1,4.194,6.193,7.0,0.0,9.83,16.384
195280,2023,L,L2023,1.0,train,False,301,0.5804006640122156,7,6830,0.92,6.83,5.825649827718735,0.9273,14.91,3.35,20230417,,1,4.194,6.193,7.0,0.0,9.83,16.384
195281,2023,L,L2023,1.0,train,False,389,0.797630406545641,7,6855,0.91,6.86,5.833699941635132,0.9288,14.9,3.16,20230417,,1,4.194,6.193,7.0,0.0,9.83,16.384
195282,2023,L,L2023,1.0,train,False,238,0.4614168546622052,7,7034,0.92,7.04,5.83039990067482,0.9268,14.71,3.25,20230417,,1,4.194,6.193,7.0,0.0,9.83,16.384
195528,2023,G,G2023,5.947368421052632,train,False,380,0.7762139890178822,6,8100,1.11,8.13,5.369750082492828,1.1212,9.76,0.58,20230511,high_confinement_mode;low_confinement_mode,0,4.194,6.193,7.0,0.0,9.83,16.384
195626,2023,L,L2023,1.0,train,False,370,0.7555818755389321,10,7597,1.0,7.6,5.061650037765503,1.0164,12.15,3.23,20230516,high_confinement_mode;low_confinement_mode,1,4.194,6.193,8.0,0.0,9.83,16.384
195637,2023,R,R2023,16.27906976744186,train,False,327,0.6487903327534763,10,6926,1.03,6.93,4.565750062465668,1.0402,15.84,3.22,20230516,,0,4.194,6.193,8.0,0.0,9.83,16.384
195642,2023,L,L2023,1.0,train,False,351,0.7059826060395368,10,6928,1.21,6.93,4.3577499985694885,1.23,15.74,3.3,20230516,high_confinement_mode;low_confinement_mode,1,4.194,6.193,8.0,0.0,9.83,16.384
195645,2023,R,R2023,16.27906976744186,train,False,420,0.8746433347360151,9,6571,1.22,6.57,4.355150043964386,1.2425,15.73,3.27,20230516,,0,4.194,6.193,8.0,0.0,9.83,16.384
195646,2023,R,R2023,16.27906976744186,val,False,71,0.13072775025641659,9,6655,1.22,6.66,4.350149869918823,1.2347,15.81,3.21,20230516,,0,4.194,6.193,8.0,0.0,9.83,16.384
195649,2023,L,L2023,1.0,train,False,213,0.42398432549868564,10,6271,1.21,6.27,4.352500021457672,1.2285,15.86,3.24,20230516,high_confinement_mode;low_confinement_mode,1,4.194,6.193,8.0,0.0,9.83,16.384
195717,2023,R,R2023,16.27906976744186,test,True,20,0.03386621903930951,6,5934,1.32,5.94,4.437699973583221,1.3301,8.09,0.55,20230518,,0,4.194,6.193,8.0,0.0,9.83,16.384
195736,2023,R,R2023,16.27906976744186,train,False,267,0.5062924332074014,5,7716,1.33,7.72,5.943900108337402,1.3437,10.84,0.55,20230518,,0,4.194,6.193,7.0,0.0,9.83,16.384
195786,2023,R,R2023,16.27906976744186,val,False,63,0.11589403230283866,6,4729,1.11,4.73,4.208749830722809,1.1183,2.75,3.34,20230519,,0,4.194,6.193,7.0,0.0,9.83,16.384
195836,2023,G,G2023,5.947368421052632,train,False,418,0.8726219797886217,4,5255,-1.4,5.25,4.08335018157959,1.4169,9.3,0.59,20230523,edge_localized_mode,0,4.194,6.193,7.0,0.0,9.83,16.384
195871,2023,R,R2023,16.27906976744186,train,False,440,0.9146350174836607,5,3401,-1.11,3.4,2.387600064277649,1.1325,10.38,0.0,20230524,,0,4.194,6.193,7.0,0.0,9.83,16.384
195896,2023,R,R2023,16.27906976744186,train,False,368,0.7499312622377892,7,2737,1.46,2.69,1.5963499546051025,1.4847,10.3,3.13,20230525,,0,4.194,6.193,7.0,0.0,9.83,16.384
195910,2023,R,R2023,16.27906976744186,train,False,438,0.912040412975342,6,6981,1.39,6.98,5.532299757003784,1.4012,8.09,3.25,20230525,,0,4.194,6.193,7.0,0.0,9.83,16.384
195952,2023,L,L2023,1.0,train,False,291,0.5630537743563666,8,4527,1.9,4.53,2.819149971008301,1.9148,10.5,0.6,20230530,,2,4.194,6.193,7.0,0.0,9.83,16.384
195956,2023,L,L2023,1.0,train,False,339,0.6809043260740263,6,4484,1.91,4.48,2.817449927330017,1.9207,16.49,0.6,20230530,,2,4.194,6.193,7.0,0.0,9.83,16.384
195959,2023,R,R2023,16.27906976744186,train,False,159,0.3087595615225165,6,6087,1.02,6.09,3.5880497694015503,1.0359,16.24,0.6,20230530,,0,4.194,6.193,7.0,0.0,9.83,16.384
195989,2023,R,R2023,16.27906976744186,train,False,357,0.7216678361333927,12,5067,1.05,5.07,4.056250214576721,1.0074,10.43,3.2,20230531,,0,4.194,6.193,7.0,0.0,9.83,16.384
196020,2023,R,R2023,16.27906976744186,train,False,360,0.7347367934631779,6,7017,1.22,7.02,5.549249947071075,1.2242,6.11,0.6,20230601,,0,4.194,6.193,7.0,0.0,9.83,16.384
196093,2023,L,L2023,1.0,train,False,177,0.3448173277674811,5,6100,1.1,6.1,4.46369993686676,1.1096,3.12,0.64,20230605,,2,4.194,6.193,7.0,0.0,9.83,16.384
196096,2023,L,L2023,1.0,train,False,167,0.3210774820274499,5,5684,1.1,5.68,4.4994001388549805,1.1101,3.1,0.64,20230605,,1,4.194,6.193,7.0,0.0,9.83,16.384
196099,2023,L,L2023,1.0,train,False,165,0.3174372966792115,5,4954,1.24,4.96,3.6477001905441284,1.2561,2.86,3.2,20230605,,1,4.194,6.193,7.0,0.0,9.83,16.384
196101,2023,L,L2023,1.0,train,False,458,0.9418145489228262,5,4772,1.24,4.77,3.6064502000808716,1.2547,3.11,0.64,20230605,,1,4.194,6.193,7.0,0.0,9.83,16.384
196146,2023,R,R2023,16.27906976744186,train,False,303,0.5840434949083129,9,3984,1.11,3.99,2.9214000701904297,1.1171,5.14,3.02,20230606,,0,4.194,6.193,7.0,0.0,9.83,16.384
196153,2023,L,L2023,1.0,test,True,10,0.017425979433181835,7,4161,1.11,4.16,2.9207500219345093,1.1174,5.16,3.01,20230606,,1,4.194,6.193,7.0,0.0,9.83,16.384
196154,2023,L,L2023,1.0,train,False,237,0.4585067716738086,7,4161,1.11,4.16,2.9201000928878784,1.1253,5.15,3.02,20230606,,1,4.194,6.193,7.0,0.0,9.83,16.384
196324,2023,R,R2023,16.27906976744186,train,False,347,0.7015347584434668,7,5645,1.64,5.65,4.392749786376953,1.6604,9.1,0.0,20230616,,0,4.194,6.193,7.0,0.0,9.83,16.384
196332,2023,R,R2023,16.27906976744186,val,False,74,0.13342962381629755,7,5658,1.63,5.65,4.447250008583069,1.6436,8.03,3.02,20230616,,0,4.194,6.193,7.0,0.0,9.83,16.384
196350,2023,R,R2023,16.27906976744186,train,False,274,0.5251183057081672,8,5605,1.11,5.61,3.9879000186920166,1.127,6.95,0.58,20230616,,0,4.194,6.193,7.0,0.0,9.83,16.384
196375,2023,R,R2023,16.27906976744186,train,False,463,0.9530710197201497,8,6776,1.54,6.78,5.370299816131592,1.5498,6.21,2.72,20230619,,0,4.194,6.193,7.0,0.0,9.83,16.384
196405,2023,R,R2023,16.27906976744186,train,False,161,0.3113044450532048,7,5870,1.5,5.87,4.374899923801422,1.5153,7.95,2.84,20230620,,0,4.194,6.193,7.0,0.0,9.83,16.384
196451,2023,R,R2023,16.27906976744186,train,False,402,0.8269611398437089,7,6716,1.54,6.72,5.3734501004219055,1.5522,5.75,2.9,20230621,,0,4.194,6.193,7.0,0.0,9.83,16.384
196491,2023,R,R2023,16.27906976744186,train,False,181,0.3543301921959683,8,6625,1.54,6.63,5.27810001373291,1.5535,6.83,2.77,20230622,,0,4.194,6.193,7.0,0.0,9.83,16.384
196494,2023,L,L2023,1.0,train,False,214,0.42543190868178393,8,5746,1.5,5.75,3.7642499208450317,1.5115,5.8,2.86,20230622,,1,4.194,6.193,7.0,0.0,9.83,16.384
196505,2023,L,L2023,1.0,train,False,456,0.941119273507642,8,4605,0.71,4.61,3.428150102496147,0.7202,4.91,2.28,20230622,,1,4.194,6.193,7.0,0.0,9.83,16.384
196541,2023,G,G2023,5.947368421052632,val,False,58,0.1083770773839715,8,7017,-1.12,7.02,4.4598002433776855,1.1401,9.08,1.14,20230627,edge_localized_mode,0,4.194,6.193,7.0,0.0,9.83,16.384
196577,2023,R,R2023,16.27906976744186,train,False,473,0.970591195759637,8,7448,1.33,7.45,5.685100197792053,1.3421,9.02,0.0,20230628,,0,4.194,6.193,7.0,0.0,9.83,16.384
196627,2023,R,R2023,16.27906976744186,train,False,322,0.6413198628866459,8,3315,1.37,3.32,2.2950499057769775,1.3926,10.83,0.55,20230629,,0,4.194,6.193,7.0,0.0,9.83,16.384
196632,2023,R,R2023,16.27906976744186,train,False,460,0.9460570702788186,8,3253,1.39,3.24,2.222249984741211,1.4067,10.9,0.55,20230629,,0,4.194,6.193,7.0,0.0,9.83,16.384
198672,2024,R,R2024,16.227272727272727,train,False,425,0.886445786577574,9,5935,-1.05,5.94,4.568400025367737,1.0589,2.62,0.61,20240517,,0,4.194,6.193,7.0,9.0,9.83,16.384
198806,2024,R,R2024,16.227272727272727,val,False,70,0.12758621760191383,8,5505,1.16,5.51,3.7955000400543213,1.1693,9.45,2.36,20240530,,0,4.194,6.193,7.0,9.0,9.83,16.384
198899,2024,R,R2024,16.227272727272727,train,False,98,0.18828913696149488,24,6928,0.87,6.93,4.753250002861023,0.8793,9.59,1.83,20240603,,0,4.194,6.193,7.0,9.0,9.83,16.384
198955,2024,L,L2024,1.0,test,True,13,0.024091937110557137,8,8036,0.97,8.04,6.1802998483181,0.9842,12.65,2.86,20240605,,1,4.194,6.193,7.5,9.0,9.83,16.384
198971,2024,L,L2024,1.0,train,False,139,0.2758711214264634,8,8015,0.96,8.01,5.613249778747559,0.9784,12.11,2.85,20240605,,1,4.194,6.193,7.5,9.0,9.83,16.384
199054,2024,R,R2024,16.227272727272727,train,False,388,0.796730684658576,9,7125,0.73,7.12,5.675399899482727,0.7451,10.67,2.87,20240611,,0,4.194,6.193,7.5,9.0,9.83,16.384
199071,2024,L,L2024,1.0,train,False,346,0.6958200471703099,9,6163,0.57,6.16,4.689650177955627,0.5852,10.36,0.55,20240611,,1,4.194,6.193,7.5,9.0,9.83,16.384
199073,2024,L,L2024,1.0,train,False,444,0.9202583196949706,9,6158,0.57,6.16,4.6938499212265015,0.5826,10.39,0.55,20240611,,1,4.194,6.193,7.5,9.0,9.83,16.384
199087,2024,L,L2024,1.0,val,False,94,0.18108586376729008,7,6038,1.43,6.04,4.285600125789642,1.4454,11.09,0.0,20240612,,1,4.194,6.193,7.5,9.0,9.83,16.384
199122,2024,R,R2024,16.227272727272727,test,True,16,0.028395649992755217,8,6267,0.73,6.27,3.4583499431610107,0.7353,11.11,3.38,20240614,,0,4.194,6.193,7.5,9.0,9.83,16.384
199183,2024,R,R2024,16.227272727272727,train,False,362,0.7419426122521564,8,5822,1.0,5.82,4.702049970626831,1.0164,0.58,1.69,20240618,,0,4.194,6.193,7.5,9.0,9.83,16.384
199216,2024,R,R2024,16.227272727272727,train,False,178,0.3481094953910903,7,2730,1.91,2.72,1.434899926185608,1.9769,14.12,0.0,20240619,,0,4.194,6.193,7.5,9.0,9.83,16.384
199217,2024,R,R2024,16.227272727272727,train,False,410,0.8438032461610205,7,4612,1.85,4.61,3.3146997690200806,1.8617,9.76,0.02,20240619,,0,4.194,6.193,7.5,9.0,9.83,16.384
199230,2024,R,R2024,16.227272727272727,test,True,35,0.06025941409542788,7,4755,1.81,4.73,3.390799880027771,1.8264,12.31,0.59,20240619,,0,4.194,6.193,7.5,9.0,9.83,16.384
199281,2024,R,R2024,16.227272727272727,train,False,318,0.6243265965298368,10,6195,0.92,6.2,4.42404979467392,0.9418,12.83,0.52,20240624,,0,4.194,6.193,7.5,9.0,9.83,16.384
199557,2024,R,R2024,16.227272727272727,test,True,25,0.03974459104991606,9,7015,1.43,7.01,4.352700233459473,1.4387,14.05,2.1,20240710,,0,4.194,6.193,7.5,9.0,9.83,16.384
199560,2024,R,R2024,16.227272727272727,train,False,247,0.47471129698956593,8,7012,1.43,7.01,4.348850071430206,1.4355,12.33,3.23,20240710,,0,4.194,6.193,7.5,9.0,9.83,16.384
199563,2024,R,R2024,16.227272727272727,train,False,479,0.9759989749722856,8,7015,1.42,7.01,4.353199899196625,1.4352,9.51,3.25,20240710,,0,4.194,6.193,7.5,9.0,9.83,16.384
199569,2024,R,R2024,16.227272727272727,test,True,11,0.01946173575649232,8,2560,1.64,2.55,1.4457498788833618,1.6508,11.08,2.08,20240710,,0,4.194,6.193,7.5,9.0,9.83,16.384
199712,2024,R,R2024,16.227272727272727,train,False,411,0.8458777554445548,8,3459,1.46,3.46,2.402349889278412,1.4807,7.31,0.61,20240723,,0,4.194,6.193,7.5,9.0,9.83,16.384
199789,2024,L,L2024,1.0,train,False,151,0.2988859615745027,9,5837,1.62,5.84,4.214549899101257,1.6278,7.63,3.29,20240726,,1,4.194,6.193,7.5,9.0,9.83,16.384
199790,2024,L,L2024,1.0,train,False,116,0.23750103641425735,9,3622,1.61,3.62,1.8224499225616455,1.6243,7.46,3.45,20240726,,1,4.194,6.193,7.5,9.0,9.83,16.384
199907,2024,L,L2024,1.0,train,False,445,0.9209962106500481,7,2665,1.11,2.66,1.9767500162124634,1.1236,3.54,0.59,20240808,,1,4.194,6.193,7.5,9.0,9.83,16.384
199908,2024,L,L2024,1.0,train,False,250,0.4782678760435959,8,2907,1.1,2.91,2.218799889087677,1.1091,2.73,0.59,20240808,,1,4.194,6.193,7.5,9.0,9.83,16.384
199909,2024,L,L2024,1.0,val,False,86,0.16133170810144115,7,6750,1.0,6.75,5.475699841976166,1.0231,4.78,0.59,20240808,,1,4.194,6.193,7.5,9.0,9.83,16.384
199910,2024,L,L2024,1.0,train,False,343,0.6918927706388219,7,6650,1.0,6.65,5.482499897480011,1.0182,6.79,0.59,20240808,,1,4.194,6.193,7.5,9.0,9.83,16.384
199911,2024,L,L2024,1.0,train,False,428,0.8923018520417177,8,6188,1.01,6.19,4.978100001811981,1.0203,8.67,0.59,20240808,,1,4.194,6.193,7.5,9.0,9.83,16.384
199912,2024,L,L2024,1.0,train,False,275,0.5277819280677011,8,6270,1.01,6.27,4.979749917984009,1.024,8.45,0.59,20240808,,1,4.194,6.193,7.5,9.0,9.83,16.384
199919,2024,R,R2024,16.227272727272727,test,True,29,0.04941371237272559,8,5309,1.12,5.31,4.612300217151642,1.1265,8.84,0.59,20240808,,0,4.194,6.193,7.5,9.0,9.83,16.384
199921,2024,L,L2024,1.0,val,False,56,0.10234126360333407,8,5418,1.01,5.42,4.674399971961975,1.0182,8.83,0.59,20240808,,1,4.194,6.193,7.5,9.0,9.83,16.384
199951,2024,R,R2024,16.227272727272727,test,True,28,0.04831748699356965,9,5677,0.92,5.66,1.55430006980896,0.9311,8.13,0.64,20240809,,0,4.194,6.193,7.5,9.0,9.83,16.384
200007,2024,L,L2024,1.0,train,False,210,0.4160290118813522,8,4864,1.36,4.86,4.1921000480651855,1.3746,2.51,0.59,20240812,,1,4.194,6.193,7.5,9.0,9.83,16.384
200009,2024,L,L2024,1.0,train,False,349,0.7028421646397366,8,5152,1.36,5.15,4.467050135135651,1.376,4.21,0.59,20240812,,1,4.194,6.193,7.5,9.0,9.83,16.384
200012,2024,L,L2024,1.0,train,False,467,0.9584288771342652,8,6048,1.36,6.05,5.047699868679047,1.3772,7.32,0.59,20240812,,1,4.194,6.193,7.5,9.0,9.83,16.384
200013,2024,L,L2024,1.0,train,False,176,0.34279277442539824,8,6022,1.36,6.02,5.053450107574463,1.3778,5.56,0.59,20240812,,1,4.194,6.193,7.5,9.0,9.83,16.384
200014,2024,L,L2024,1.0,train,False,345,0.6956514404329626,8,5246,1.36,5.25,4.536100208759308,1.3839,4.17,0.59,20240812,,1,4.194,6.193,7.5,9.0,9.83,16.384
200083,2024,L,L2024,1.0,train,False,299,0.575419238698782,7,5313,1.11,5.31,3.535400092601776,1.1271,6.96,0.57,20240814,,2,4.194,6.193,7.5,9.0,9.83,16.384
200127,2024,L,L2024,1.0,train,False,131,0.2633915456786231,8,5200,1.11,5.2,3.533850133419037,1.1242,0.57,1.75,20240815,,1,4.194,6.193,7.5,9.0,9.83,16.384
200129,2024,R,R2024,16.227272727272727,train,False,353,0.7101334571709509,7,5204,1.11,5.2,3.5366998314857483,1.1287,7.22,0.57,20240815,,0,4.194,6.193,7.5,9.0,9.83,16.384
200149,2024,R,R2024,16.227272727272727,train,False,400,0.8219982262725317,8,6061,1.34,6.05,4.5515998005867,1.3502,1.63,0.58,20240819,,0,4.194,6.193,7.5,9.0,9.83,16.384
200198,2024,R,R2024,16.227272727272727,val,False,68,0.12130757613408413,9,6985,1.23,6.98,4.794650018215179,1.2379,15.37,3.13,20240820,,0,4.194,6.193,7.5,9.0,9.83,16.384
200199,2024,L,L2024,1.0,train,False,381,0.7783879334527948,10,4740,1.22,4.74,3.8199998140335083,1.2268,15.25,3.13,20240820,,1,4.194,6.193,7.5,9.0,9.83,16.384
200219,2024,R,R2024,16.227272727272727,train,False,436,0.9026291059542009,10,6107,1.22,6.11,4.819750010967255,1.228,14.98,3.13,20240820,,0,4.194,6.193,7.5,9.0,9.83,16.384
200320,2024,R,R2024,16.227272727272727,val,False,93,0.17970325803913245,6,6400,1.21,6.36,4.370650053024292,1.2214,10.02,0.58,20240823,,0,4.194,6.193,7.5,9.0,9.83,16.384
200385,2024,G,G2024,1.0,val,False,77,0.1412991341151036,6,5058,-1.27,5.06,4.163150131702423,1.275,13.37,0.59,20240827,edge_localized_mode,0,4.194,6.193,7.5,9.0,9.83,16.384
200427,2024,R,R2024,16.227272727272727,val,False,87,0.1678115390763891,8,3572,0.91,3.57,2.5362000465393066,0.9152,4.38,3.3,20240828,,0,4.194,6.193,7.5,9.0,9.83,16.384
200435,2024,R,R2024,16.227272727272727,train,False,376,0.7664660678358981,7,7035,0.92,7.04,5.843599826097488,0.9299,11.17,0.59,20240829,,0,4.194,6.193,7.5,9.0,9.83,16.384
200551,2024,R,R2024,16.227272727272727,train,False,394,0.8088091208188246,11,7012,1.0,7.01,5.052999973297119,1.0116,11.91,0.59,20240905,,0,4.194,6.193,7.5,9.0,9.83,16.384
200563,2024,L,L2024,1.0,train,False,261,0.4947527153517833,6,7022,1.02,7.02,4.482200086116791,1.028,9.51,0.58,20240905,,1,4.194,6.193,7.5,9.0,9.83,16.384
200596,2024,R,R2024,16.227272727272727,train,False,246,0.47425383012710254,7,6066,1.5,6.07,4.230949759483337,1.5123,9.73,3.27,20240906,,0,4.194,6.193,7.5,9.0,9.83,16.384
200610,2024,L,L2024,1.0,train,False,225,0.43798876569732315,8,4031,1.29,4.03,2.897149920463562,1.2961,10.28,3.26,20240906,,1,4.194,6.193,7.5,9.0,9.83,16.384
200636,2024,R,R2024,16.227272727272727,train,False,134,0.27299300143106303,7,5118,1.61,5.12,2.081249952316284,1.6221,7.9,0.59,20240909,,0,4.194,6.193,7.5,9.0,9.83,16.384
200672,2024,R,R2024,16.227272727272727,train,False,305,0.5864462384170648,8,5204,1.46,5.2,4.224600195884705,1.4708,9.0,0.59,20240910,,0,4.194,6.193,7.5,9.0,9.83,16.384
200704,2024,R,R2024,16.227272727272727,train,False,309,0.5920002487828944,14,2352,0.61,2.35,1.534700095653534,0.6229,0.94,0.57,20240911,,0,4.194,6.193,7.5,9.0,9.83,16.384
200712,2024,R,R2024,16.227272727272727,train,False,217,0.4275357175069875,14,3111,0.81,3.11,1.9302499294281006,0.8229,2.66,0.94,20240911,,0,4.194,6.193,7.5,9.0,9.83,16.384
200738,2024,R,R2024,16.227272727272727,train,False,384,0.7884285519229709,8,3928,1.1,3.92,1.9686999320983887,1.1091,2.66,1.57,20240912,,0,4.194,6.193,7.5,9.0,9.83,16.384
200847,2024,R,R2024,16.227272727272727,train,False,323,0.6433137619578262,11,2986,0.81,2.99,1.938050091266632,0.8262,2.88,0.93,20240918,,0,4.194,6.193,7.5,9.0,9.83,16.384
200875,2024,R,R2024,16.227272727272727,train,False,385,0.7899609717483549,9,4512,1.2,4.51,2.7548499703407288,1.2173,2.63,1.16,20240919,,0,4.194,6.193,7.5,9.0,9.83,16.384
200882,2024,L,L2024,1.0,train,False,160,0.30973288559031736,9,4789,1.21,4.79,2.755400061607361,1.2219,5.03,1.16,20240919,,1,4.194,6.193,7.5,9.0,9.83,16.384
200889,2024,R,R2024,16.227272727272727,train,False,489,0.9900502682808618,9,4965,1.21,4.96,2.7594500184059143,1.2286,5.01,1.14,20240919,,0,4.194,6.193,7.5,9.0,9.83,16.384
200917,2024,R,R2024,16.227272727272727,train,False,130,0.2628732428855815,8,5630,1.21,5.63,3.1611000895500183,1.2216,5.04,1.15,20240920,,0,4.194,6.193,7.5,9.0,9.83,16.384
200954,2024,R,R2024,16.227272727272727,val,False,92,0.1757072723349502,5,5963,0.92,5.96,4.494450211524963,0.9289,6.92,1.03,20240923,,0,4.194,6.193,7.5,9.0,9.83,16.384
200958,2024,R,R2024,16.227272727272727,train,False,352,0.7089888987469266,6,6301,0.92,6.3,4.490800082683563,0.9341,10.21,1.03,20240923,,0,4.194,6.193,7.5,9.0,9.83,16.384
200986,2024,R,R2024,16.227272727272727,train,False,407,0.8399187692828779,8,5067,1.12,5.07,3.5322499871253967,1.1242,7.0,0.57,20240924,,0,4.194,6.193,7.5,9.0,9.83,16.384
200990,2024,R,R2024,16.227272727272727,train,False,101,0.20484036194253777,7,5088,1.11,5.09,3.5322498083114624,1.121,7.88,0.57,20240924,,0,4.194,6.193,7.5,9.0,9.83,16.384
201099,2024,R,R2024,16.227272727272727,train,False,189,0.3822952870049264,8,4715,1.3,4.72,3.554649770259857,1.3099,0.58,0.58,20240930,,0,4.194,6.193,7.5,9.0,9.83,16.384
201107,2024,L,L2024,1.0,test,True,9,0.01585933788588026,8,4432,1.44,4.43,3.339550256729126,1.4563,0.58,0.58,20240930,,1,4.194,6.193,7.5,9.0,9.83,16.384
201180,2024,R,R2024,16.227272727272727,train,False,471,0.9664020729226465,7,6427,0.9,6.43,5.397299826145172,0.9123,3.81,1.29,20241002,,0,4.194,6.193,7.5,9.0,9.83,16.384
201227,2024,L,L2024,1.0,train,False,193,0.3892827030434862,11,5504,1.23,5.17,4.296849966049194,1.2408,13.36,0.6,20241003,,1,4.194,6.193,7.5,9.0,9.83,16.384
201264,2024,R,R2024,16.227272727272727,train,False,358,0.7308128781929234,9,5313,1.72,5.31,4.435250163078308,1.7239,3.34,0.6,20241004,,0,4.194,6.193,9.0,9.0,9.83,16.384
201270,2024,R,R2024,16.227272727272727,val,False,75,0.13432406155825818,9,5306,1.52,5.31,3.673050045967102,1.5284,4.53,0.6,20241004,,0,4.194,6.193,9.0,9.0,9.83,16.384
201395,2024,L,L2024,1.0,val,False,105,0.2149892062184813,6,5849,1.01,5.85,5.067199945449829,1.027,0.58,1.8,20241022,,1,4.194,6.193,7.55,9.0,9.83,16.384
201447,2024,R,R2024,16.227272727272727,val,False,91,0.17266030336148142,9,2500,1.33,2.5,1.7404500842094421,1.3533,3.1,0.58,20241023,,0,4.194,6.193,7.55,9.0,9.83,16.384
201488,2024,R,R2024,16.227272727272727,test,True,2,0.004222252816690662,12,7107,0.72,7.11,5.900100111961365,0.7326,11.48,2.94,20241028,,0,4.194,6.193,7.55,9.0,9.83,16.384
201490,2024,R,R2024,16.227272727272727,train,False,185,0.3712226304456631,11,7125,0.72,7.13,4.431349992752075,0.7297,11.4,2.93,20241028,,0,4.194,6.193,7.55,9.0,9.83,16.384
201494,2024,R,R2024,16.227272727272727,train,False,129,0.26072404227575474,11,6849,0.73,6.85,4.562900185585022,0.7416,10.81,2.89,20241028,,0,4.194,6.193,7.55,9.0,9.83,16.384
201707,2024,R,R2024,16.227272727272727,train,False,117,0.23814823677292402,10,5906,0.87,5.91,5.201550185680389,0.8877,0.62,1.71,20241107,,0,4.194,6.193,10.05,9.0,9.83,16.384
201713,2024,R,R2024,16.227272727272727,train,False,426,0.8865135362377807,10,2628,0.93,2.63,1.9237999320030212,0.9437,0.62,1.72,20241107,,0,4.194,6.193,10.05,9.0,9.83,16.384
201822,2024,R,R2024,16.227272727272727,train,False,427,0.8917719481581127,10,5368,1.33,5.37,3.1635499000549316,1.3406,11.59,2.8,20241113,,0,4.194,6.193,7.55,9.0,9.83,16.384
201831,2024,R,R2024,16.227272727272727,train,False,435,0.9019914553509193,10,5369,1.32,5.37,3.171099901199341,1.3336,11.5,2.78,20241113,,0,4.194,6.193,7.55,9.0,9.83,16.384
201880,2024,R,R2024,16.227272727272727,train,False,203,0.40377322897391277,7,5218,0.62,5.18,2.894399881362915,0.623,3.44,1.65,20241115,,0,4.194,6.193,7.55,9.0,9.83,16.384
201948,2024,L,L2024,1.0,train,False,187,0.3778906720454597,10,6389,0.91,6.39,5.6860498785972595,0.9228,0.61,1.71,20241119,,1,4.194,6.193,7.55,9.0,9.83,16.384
201973,2024,R,R2024,16.227272727272727,val,False,62,0.11562331068412232,7,3375,1.98,3.34,1.8734501600265503,1.9932,14.28,0.57,20241120,,0,4.194,6.193,7.55,9.0,9.83,16.384
201978,2024,R,R2024,16.227272727272727,train,False,137,0.2742492383525941,7,5395,1.99,5.4,3.264950156211853,2.0015,10.62,0.57,20241120,,0,4.194,6.193,7.55,9.0,9.83,16.384
201991,2024,L,L2024,1.0,train,False,474,0.970744280379812,7,6385,1.83,6.39,3.4310001134872437,1.8478,10.11,2.49,20241120,,1,4.194,6.193,7.55,9.0,9.83,16.384
202000,2024,R,R2024,16.227272727272727,train,False,201,0.4007070941229014,7,5025,2.22,5.02,3.0487500429153442,2.2337,14.33,2.48,20241120,,0,4.194,6.193,7.55,9.0,9.83,16.384
202028,2024,R,R2024,16.227272727272727,train,False,330,0.6623325238697287,10,5502,0.71,5.5,3.962500214576721,0.7138,5.66,0.61,20241121,,0,4.194,6.193,7.55,9.0,9.83,16.384
202041,2024,R,R2024,16.227272727272727,train,False,308,0.5889857567940477,7,5638,-1.1,5.64,4.545649826526642,1.1105,3.2,0.62,20241121,,0,4.194,6.193,7.55,9.0,9.83,16.384
202098,2024,L,L2024,1.0,train,False,478,0.9753329244197234,11,3864,0.89,3.86,2.9975001215934753,0.9039,0.59,1.7,20241202,,1,4.194,6.193,7.55,9.0,9.83,16.384
202100,2024,L,L2024,1.0,train,False,263,0.5008512744378693,11,3790,0.9,3.79,2.9141499400138855,0.9057,0.6,1.7,20241202,,1,4.194,6.193,7.55,9.0,9.83,16.384
202101,2024,R,R2024,16.227272727272727,train,False,252,0.4798172218227061,10,3821,0.89,3.82,2.9342001080513,0.9077,0.59,1.69,20241202,,0,4.194,6.193,7.55,9.0,9.83,16.384
202102,2024,L,L2024,1.0,train,False,154,0.3038784617452002,11,3873,0.89,3.87,3.037899911403656,0.9059,0.59,1.7,20241202,,1,4.194,6.193,7.55,9.0,9.83,16.384
202103,2024,L,L2024,1.0,train,False,338,0.680203242439192,10,2266,0.98,2.27,1.4389499425888062,0.9892,0.59,1.7,20241202,,1,4.194,6.193,7.55,9.0,9.83,16.384
202110,2024,L,L2024,1.0,train,False,342,0.6906596978093662,10,2076,0.96,2.08,1.2418000102043152,0.9726,1.12,0.58,20241202,,1,4.194,6.193,7.55,9.0,9.83,16.384
202112,2024,L,L2024,1.0,test,True,7,0.0139525920274483,10,3635,0.98,3.64,2.7937499284744263,0.9959,1.49,0.56,20241202,,1,4.194,6.193,7.55,9.0,9.83,16.384
202150,2024,R,R2024,16.227272727272727,train,False,375,0.765553753194551,8,5045,-0.86,5.04,2.3064998984336853,0.8705,2.07,0.64,20241203,,0,4.194,6.193,7.55,9.0,9.83,16.384
202162,2024,R,R2024,16.227272727272727,train,False,390,0.8012106651047212,7,6271,-0.86,6.16,3.664850175380707,0.8682,3.25,1.64,20241203,,0,4.194,6.193,7.55,9.0,9.83,16.384
202181,2024,R,R2024,16.227272727272727,train,False,317,0.6228057114253732,9,6248,1.31,6.25,4.870399832725525,1.32,6.52,0.58,20241204,,0,4.194,6.193,7.55,9.0,9.83,16.384
202186,2024,R,R2024,16.227272727272727,train,False,226,0.4380269174172863,9,5634,1.31,5.63,4.643649995326996,1.3241,6.49,0.58,20241204,,0,4.194,6.193,7.55,9.0,9.83,16.384
202188,2024,R,R2024,16.227272727272727,test,True,22,0.03584704765311089,8,4876,1.35,4.88,3.89000004529953,1.3699,7.86,0.58,20241204,,0,4.194,6.193,7.55,9.0,9.83,16.384
202197,2024,R,R2024,16.227272727272727,train,False,233,0.45307399584652075,9,5740,1.3,5.74,4.751049995422363,1.3232,7.83,0.58,20241204,,0,4.194,6.193,7.55,9.0,9.83,16.384
202205,2024,R,R2024,16.227272727272727,train,False,484,0.9848400124851582,9,3134,1.3,3.13,2.132799983024597,1.3217,9.03,3.1,20241204,,0,4.194,6.193,7.55,9.0,9.83,16.384
202206,2024,R,R2024,16.227272727272727,train,False,328,0.6598399207857526,9,4584,1.3,4.58,3.596499800682068,1.322,9.06,3.08,20241204,,0,4.194,6.193,7.55,9.0,9.83,16.384
203012,2025,R,R2025,16.18867924528302,train,False,121,0.25031599008231875,8,5959,0.7,5.93,4.483950197696686,0.7063,4.44,0.62,20250430,,0,4.194,6.193,7.55,9.0,9.83,16.384
203033,2025,L,L2025,1.0,train,False,184,0.3630181665340825,11,5442,0.72,5.45,3.9993000626564026,0.7301,7.14,0.61,20250501,,1,4.194,6.193,7.55,9.0,9.83,16.384
203041,2025,L,L2025,1.0,val,False,89,0.17047143575440757,11,5413,0.71,5.42,4.171000123023987,0.6369,10.85,1.15,20250501,,1,4.194,6.193,7.55,9.0,9.83,16.384
203132,2025,R,R2025,16.18867924528302,train,False,170,0.33019444572397244,6,5641,1.82,5.64,3.4281500577926636,1.8293,13.15,0.57,20250506,,0,4.194,6.193,9.0,9.0,9.83,16.384
203136,2025,R,R2025,16.18867924528302,train,False,496,0.995180224873223,6,6411,1.52,6.41,3.952099919319153,1.5368,10.74,3.17,20250506,,0,4.194,6.193,9.0,9.0,9.83,16.384
203138,2025,R,R2025,16.18867924528302,train,False,200,0.4003119222210531,6,6408,1.82,6.41,3.4370001554489136,1.8339,11.55,2.7,20250506,,0,4.194,6.193,9.0,9.0,9.83,16.384
203174,2025,R,R2025,16.18867924528302,train,False,450,0.9337743643097088,6,2705,1.81,2.69,1.2240500450134277,1.8202,13.01,0.57,20250507,,0,4.194,6.193,9.0,9.0,9.83,16.384
203187,2025,R,R2025,16.18867924528302,train,False,423,0.8830178724568473,6,3114,1.81,3.07,1.595000147819519,1.8237,10.91,0.57,20250507,,0,4.194,6.193,9.0,9.0,9.83,16.384
203293,2025,R,R2025,16.18867924528302,train,False,241,0.4650755636545268,6,5661,-1.41,5.66,4.374850213527679,1.4276,10.54,1.31,20250514,,0,4.194,6.193,9.0,9.0,9.83,16.384
203294,2025,R,R2025,16.18867924528302,train,False,379,0.7759888840872469,6,5670,-1.41,5.67,4.354250192642212,1.4251,10.5,1.26,20250514,,0,4.194,6.193,9.0,9.0,9.83,16.384
203349,2025,R,R2025,16.18867924528302,train,False,449,0.9309171753496276,8,6726,1.37,6.73,4.491850137710571,1.3917,2.63,0.62,20250516,,0,4.194,6.193,9.5,9.0,9.83,16.384
203397,2025,R,R2025,16.18867924528302,train,False,472,0.970138549686736,8,4916,0.8,4.92,3.555050015449524,0.8212,6.4,1.08,20250520,,0,4.194,6.193,9.0,8.84,9.83,16.384
203401,2025,L,L2025,1.0,train,False,500,0.9991807691792282,7,4541,0.73,4.54,3.6892499327659607,0.7414,4.6,2.01,20250520,,1,4.194,6.193,9.0,0.0,9.83,16.384
203413,2025,R,R2025,16.18867924528302,train,False,243,0.4720143131131357,7,3116,1.62,3.11,1.8358500003814697,1.6433,8.08,1.07,20250521,,0,4.194,6.193,9.0,9.0,9.83,16.384
203462,2025,R,R2025,16.18867924528302,train,False,306,0.588187978928609,8,7016,0.86,7.02,5.1095998883247375,0.8728,12.73,0.61,20250522,,0,4.194,6.193,8.0,9.0,9.83,16.384
203470,2025,R,R2025,16.18867924528302,train,False,169,0.3298668682885533,6,5986,1.68,5.98,4.813649773597717,1.7244,8.62,0.59,20250527,,0,4.194,6.193,8.0,9.0,9.83,16.384
203498,2025,R,R2025,16.18867924528302,train,False,374,0.7651146204808353,7,6248,1.37,6.25,4.279600024223328,1.4067,2.95,0.61,20250528,,0,4.194,6.193,9.0,9.0,9.83,16.384
203507,2025,R,R2025,16.18867924528302,train,False,297,0.569971657888287,8,6351,1.37,6.35,4.3752002120018005,1.3882,4.98,2.99,20250528,,0,4.194,6.193,9.0,9.0,9.83,16.384
203512,2025,R,R2025,16.18867924528302,train,False,254,0.4818360150259779,7,3255,1.42,3.26,2.2535000443458557,1.4656,4.88,1.9,20250528,,0,4.194,6.193,9.0,9.0,9.83,16.384
203521,2025,R,R2025,16.18867924528302,train,False,424,0.8832910067442766,7,5574,1.37,5.57,4.2799500823020935,1.3893,4.92,31.86,20250528,,0,4.194,6.193,9.0,9.0,9.83,16.384
203530,2025,R,R2025,16.18867924528302,train,False,341,0.6867269479031226,8,5517,0.63,5.52,2.2074500620365143,0.645,13.25,0.57,20250529,,0,4.194,6.193,9.0,9.0,9.83,16.384
203552,2025,R,R2025,16.18867924528302,test,True,40,0.07944643793566519,6,7021,0.82,7.02,5.341800034046173,0.8334,13.11,0.57,20250529,,0,4.194,6.193,9.0,9.0,9.83,16.384
203563,2025,R,R2025,16.18867924528302,train,False,491,0.9904163408536161,8,5637,1.37,5.64,4.2774001359939575,1.3902,3.83,3.17,20250530,,0,4.194,6.193,9.0,9.0,9.83,16.384
203576,2025,R,R2025,16.18867924528302,train,False,163,0.31371573162689004,7,6527,1.37,6.5,4.35845011472702,1.3943,2.78,2.14,20250530,,0,4.194,6.193,9.0,9.0,9.83,16.384
203626,2025,R,R2025,16.18867924528302,train,False,433,0.8969456511122543,6,3099,1.62,3.1,1.5150001049041748,1.6336,14.26,0.57,20250603,,0,4.194,6.193,9.0,9.0,9.83,16.384
203629,2025,R,R2025,16.18867924528302,train,False,125,0.25718306707331107,6,6520,1.65,6.52,3.984450101852417,1.6652,2.6,0.57,20250603,,0,4.194,6.193,9.0,9.0,9.83,16.384
203643,2025,R,R2025,16.18867924528302,train,False,300,0.5763352807261705,6,3908,1.92,3.91,2.319000005722046,1.932,13.46,2.67,20250603,,0,4.194,6.193,9.0,9.0,9.83,16.384
203661,2025,R,R2025,16.18867924528302,train,False,392,0.8066010416691637,6,4222,1.75,4.22,3.0567498207092285,1.784,9.8,0.59,20250604,,0,4.194,6.193,9.0,9.0,9.83,16.384
203667,2025,R,R2025,16.18867924528302,train,False,319,0.6289544925056124,6,6002,1.56,6.0,4.159700155258179,1.5857,9.38,0.59,20250604,,0,4.194,6.193,9.0,9.0,9.83,16.384
203719,2025,R,R2025,16.18867924528302,train,False,136,0.27421046046392367,7,5377,1.11,5.38,3.5289500951766968,1.123,11.69,0.57,20250609,,0,4.194,6.193,9.0,9.0,9.83,16.384
203745,2025,R,R2025,16.18867924528302,train,False,304,0.5848247421676909,7,5565,1.11,5.57,3.531900107860565,1.1261,8.73,0.57,20250610,,0,4.194,6.193,9.0,9.0,9.83,16.384
203746,2025,R,R2025,16.18867924528302,train,False,365,0.7485588851311903,7,5588,1.11,5.59,3.532249867916107,1.1261,8.92,0.56,20250610,,0,4.194,6.193,9.0,9.0,9.83,16.384
203764,2025,R,R2025,16.18867924528302,train,False,369,0.7548600349496465,7,5095,1.11,5.1,3.5361498594284058,1.1229,8.94,0.56,20250611,,0,4.194,6.193,9.0,9.0,9.83,16.384
203778,2025,R,R2025,16.18867924528302,val,False,95,0.18282006969795206,7,5139,1.11,5.14,3.536799967288971,1.1238,8.14,0.56,20250611,,0,4.194,6.193,9.0,9.0,9.83,16.384
203784,2025,R,R2025,16.18867924528302,train,False,269,0.5105552564521284,7,4983,1.19,4.97,3.41444993019104,1.2082,4.63,0.58,20250611,,0,4.194,6.193,9.0,9.0,9.83,16.384
203785,2025,R,R2025,16.18867924528302,train,False,278,0.5387339536368512,7,3300,1.11,3.3,2.555500030517578,1.1236,8.04,0.56,20250611,,0,4.194,6.193,9.0,9.0,9.83,16.384
203827,2025,R,R2025,16.18867924528302,train,False,208,0.4147081228801941,7,6385,0.85,6.38,5.113199889659882,0.8613,12.94,0.59,20250613,,0,4.194,6.193,9.0,9.0,9.83,16.384
203876,2025,R,R2025,16.18867924528302,train,False,288,0.5607936294826972,7,4577,1.42,4.58,3.729099929332733,1.4552,6.63,2.42,20250616,,0,4.194,6.193,9.0,9.0,9.83,16.384
203941,2025,R,R2025,16.18867924528302,train,False,142,0.27959838459462083,7,6963,0.91,6.94,5.813900172710419,0.9292,10.73,3.03,20250618,,0,4.194,6.193,9.0,9.0,9.83,16.384
203959,2025,R,R2025,16.18867924528302,train,False,109,0.2293736422791416,7,6916,0.91,6.92,5.789550006389618,0.919,14.29,3.02,20250618,,0,4.194,6.193,9.0,9.0,9.83,16.384
204093,2025,R,R2025,16.18867924528302,train,False,397,0.812178982087639,7,5345,1.11,5.34,3.5312500596046448,1.1224,9.06,0.57,20250625,,0,4.194,6.193,8.5,9.0,9.83,16.384
204141,2025,R,R2025,16.18867924528302,train,False,162,0.31370270927190125,7,6809,1.43,6.81,4.157450079917908,1.4467,11.18,2.57,20250627,,0,4.194,6.193,8.5,9.0,9.83,16.384
204144,2025,R,R2025,16.18867924528302,train,False,292,0.5642673358509042,7,6028,1.43,6.03,4.154199957847595,1.4464,11.1,2.99,20250627,,0,4.194,6.193,8.5,9.0,9.83,16.384
204225,2025,R,R2025,16.18867924528302,train,False,196,0.39291355523474214,9,3992,0.72,3.99,2.8985999822616577,0.7303,5.95,0.61,20250702,,0,4.194,6.193,9.0,9.0,9.83,16.384
204232,2025,L,L2025,1.0,test,True,41,0.07973945872769284,9,4485,0.8,4.77,3.4032500982284546,0.7345,5.91,0.61,20250702,,3,4.194,6.193,9.0,9.0,9.83,16.384
204233,2025,R,R2025,16.18867924528302,train,False,99,0.19967449027880596,10,6162,0.72,6.16,3.215199887752533,0.7307,5.91,0.61,20250702,,0,4.194,6.193,9.0,9.0,9.83,16.384
204237,2025,L,L2025,1.0,train,False,182,0.35449050376575886,10,3964,0.72,3.96,2.901250123977661,0.7353,5.92,0.61,20250702,,1,4.194,6.193,9.0,9.0,9.83,16.384
204238,2025,L,L2025,1.0,train,False,194,0.39148053955591827,11,3983,0.82,4.28,2.902899920940399,0.7356,5.83,0.61,20250702,,1,4.194,6.193,9.0,9.0,9.83,16.384
204240,2025,L,L2025,1.0,train,False,118,0.2457145001306754,10,3979,0.71,3.98,2.897299885749817,0.7294,5.83,0.61,20250702,,2,4.194,6.193,9.0,9.0,9.83,16.384
204242,2025,L,L2025,1.0,train,False,395,0.8090628141111796,11,5395,0.72,5.39,3.0185500383377075,0.7245,5.82,0.61,20250702,,1,4.194,6.193,9.0,9.0,9.83,16.384
204243,2025,L,L2025,1.0,train,False,144,0.2816402082110526,10,5497,0.71,5.49,3.143899917602539,0.7225,5.89,0.61,20250702,,1,4.194,6.193,9.0,9.0,9.83,16.384
204244,2025,L,L2025,1.0,train,False,195,0.3920689723258591,10,5523,0.72,5.52,2.500900149345398,0.7255,5.87,0.61,20250702,,2,4.194,6.193,9.0,9.0,9.83,16.384
204256,2025,R,R2025,16.18867924528302,train,False,132,0.26461378898781657,11,5497,1.01,5.5,1.6270999908447266,1.0243,6.29,0.61,20250702,,0,4.194,6.193,9.0,9.0,9.83,16.384
204261,2025,R,R2025,16.18867924528302,train,False,244,0.47279905575591624,11,4294,1.1,4.29,2.2960498332977295,1.1133,5.8,0.61,20250702,,0,4.194,6.193,9.0,9.0,9.83,16.384
204324,2025,R,R2025,16.18867924528302,train,False,485,0.9866130787003815,10,6452,0.61,6.45,5.753749787807465,0.6287,4.51,2.49,20250707,,0,4.194,6.193,9.0,9.0,9.83,16.384
204530,2025,R,R2025,16.18867924528302,val,False,88,0.16924735923377882,7,6251,1.37,6.18,3.3564500212669373,1.3954,2.83,2.95,20250716,,0,4.194,6.193,9.5,11.0,9.83,16.384
204531,2025,R,R2025,16.18867924528302,train,False,240,0.4644017526832704,6,5894,1.37,5.84,3.356249988079071,1.396,2.84,0.62,20250716,,0,4.194,6.193,9.5,11.0,9.83,16.384
204560,2025,R,R2025,16.18867924528302,train,False,153,0.30046514889483655,7,5757,1.37,5.7,3.3520001769065857,1.3893,2.89,0.6,20250717,,0,4.194,6.193,9.5,11.0,9.83,16.384
204652,2025,R,R2025,16.18867924528302,train,False,434,0.8977953303363655,6,3014,1.5,3.01,2.0990501046180725,1.5248,2.8,2.05,20250723,,0,4.194,6.193,9.5,11.0,9.83,16.384
204687,2025,R,R2025,16.18867924528302,train,False,459,0.9428862171058662,6,5336,1.37,5.32,3.352150082588196,1.3902,2.81,2.05,20250724,,0,4.194,6.193,11.5,11.0,9.83,16.384
204689,2025,R,R2025,16.18867924528302,train,False,272,0.5243213954400819,7,5336,1.37,5.33,3.351699948310852,1.3907,3.57,2.06,20250724,,0,4.194,6.193,11.5,11.0,9.83,16.384
204840,2025,R,R2025,16.18867924528302,train,False,498,0.9982361517598037,7,4119,0.97,4.12,3.3489498496055603,0.9819,11.16,0.54,20250806,,0,4.194,6.193,11.5,11.0,9.83,16.384
204937,2025,R,R2025,16.18867924528302,train,False,138,0.27462171208142555,7,5152,1.11,5.15,3.535150110721588,1.1238,7.99,0.57,20250811,,0,4.194,6.193,10.0,11.0,9.83,16.384
