shot,windows,correct,share_correct,called_share,class_name,called_name,corpus_shot,year,intervals_ms,confident_learning_ms
179634,2031,0,0.0,1.0,L,QH,False,2019,800-5000,800-5000
185871,1474,49,0.0332,0.5488,H,WP,True,2021,2110-5170,2110-5170
184810,1331,26,0.0195,0.9805,H,QH,False,2021,2239-5006,2239-5006
190507,1308,108,0.0826,0.883,QH,WP,True,2022,1372-4244,1799-2000;1372-1787;2010-2079;2090-4244
190670,957,0,0.0,0.9781,WP,H,True,2022,3000-5000,3000-5000
190514,904,0,0.0,0.9889,WP,QH,True,2022,3024-4916,3024-4916
195865,863,0,0.0,0.5342,WP,H,True,2023,2592-4401,
191376,839,30,0.0358,0.9642,L,H,True,2022,300-2058,300-2058
195821,661,0,0.0,0.7141,QH,H,True,2023,1600-3400,1600-3400
190666,622,11,0.0177,0.9823,QH,H,True,2022,2686-4000,2686-4000
184433,560,0,0.0,0.9768,L,QH,False,2021,365-1552,
196493,463,0,0.0,0.9374,L,WP,True,2023,1520-2518,1520-2518
191782,413,2,0.0048,0.9952,L,H,True,2022,400-2127,400-2127
184433,402,1,0.0025,0.9975,H,QH,False,2021,3063-3927,3063-3927
161608,387,0,0.0,0.3928,WP,QH,False,2015,3741-5461,
190508,325,22,0.0677,0.5046,L,H,True,2022,834-1539,
174653,266,1,0.0038,0.9812,WP,QH,False,2018,4130-4799,4363-4799;4130-4320
189329,255,1,0.0039,0.9961,L,H,True,2022,1162-1989,1162-1212;1842-1989;1242-1417;1642-1818;1442-1618
172211,239,4,0.0167,0.9833,QH,H,False,2017,1500-2030,1500-2030
154771,229,0,0.0,0.7031,L,QH,False,2013,2167-2680,
182682,228,0,0.0,0.9211,H,WP,False,2020,1948-3819,1948-3819
182665,216,0,0.0,0.9861,QH,WP,False,2020,1800-2300,1800-2300
159372,198,0,0.0,1.0,L,QH,False,2014,921-1367,921-1367
