shot,windows,status,axis_residual,rows_displaced,r_min_cm,r_max_cm,z_span_cm,tree,start,rows_covering,channels_in_band,outer_psin,reaches
149992,540,ok,0.0004,0.0,222.542,229.4589,10.7463,efit01,0.0,6.0,29.0,1.0785,True
149993,1465,ok,0.0004,0.0,221.5149,228.3893,10.7141,efit01,0.0,6.0,36.0,1.0484,True
149994,1030,ok,0.0006,0.0,221.5149,228.3893,10.7141,efit01,0.0,6.0,36.0,1.0308,True
149995,1280,ok,0.0005,0.0,221.5149,228.3893,10.7141,efit01,0.0,6.0,36.0,1.0333,True
149996,445,ok,0.0005,0.0,221.5149,228.3893,10.7141,efit01,0.0,6.0,36.0,1.0294,True
152814,212,ok,0.0002,8.0,186.46,212.0,4.21,efit01,0.0,0.0,0.0,0.5581,False
154482,249,ok,0.0003,0.0,199.888,205.802,9.7104,efit01,0.0,0.0,0.0,0.5403,False
154771,250,ok,0.0002,0.0,222.364,229.622,9.6816,efit01,0.0,6.0,30.0,1.0409,True
156679,1123,ok,0.0004,1.0,213.8786,228.6812,16.5694,efit01,0.0,5.0,25.0,1.0466,True
156680,977,ok,0.0004,1.0,213.8786,228.6812,16.5694,efit01,0.0,5.0,24.0,1.0637,True
157082,244,ok,0.0004,1.0,215.5759,230.5582,8.2919,efit01,0.0,1.0,4.0,1.2638,True
157083,977,ok,0.0004,1.0,209.5808,223.91,8.2544,efit01,0.0,5.0,21.0,1.0355,True
157087,195,ok,0.0003,1.0,209.5808,223.91,8.2544,efit01,0.0,5.0,21.0,1.0356,True
157088,1465,ok,0.0002,1.0,209.5808,223.91,8.2544,efit01,0.0,5.0,23.0,1.0379,True
157089,732,ok,0.0003,1.0,214.7288,229.622,8.2844,efit01,0.0,5.0,21.0,1.0877,True
157092,488,ok,0.0004,1.0,214.7288,229.622,8.2844,efit01,0.0,5.0,20.0,1.0873,True
157096,488,ok,0.0003,1.0,214.7288,229.622,8.2844,efit01,0.0,5.0,20.0,1.0853,True
157097,488,ok,0.0004,1.0,214.7288,229.622,8.2844,efit01,0.0,5.0,20.0,1.0924,True
157109,1343,ok,0.0003,1.0,214.7288,229.622,8.2844,efit01,0.0,5.0,20.0,1.0893,True
157116,977,ok,0.0002,1.0,200.7528,214.03,8.2604,efit01,0.0,0.0,0.0,0.7122,False
157117,1123,ok,0.0003,1.0,197.1348,209.952,8.2844,efit01,0.0,0.0,0.0,0.5672,False
157126,1587,ok,0.0004,1.0,198.0439,210.9783,8.2773,efit01,0.0,0.0,0.0,0.585,False
157141,977,ok,0.0004,1.0,198.0439,210.9783,8.2773,efit01,0.0,0.0,0.0,0.5596,False
157152,684,ok,0.0003,1.0,198.0439,210.9783,8.2773,efit01,0.0,0.0,0.0,0.6219,False
159144,244,ok,0.0008,1.0,213.0252,227.736,8.2716,efit01,0.0,5.0,20.0,0.9642,False
159149,488,ok,0.0006,1.0,214.7288,229.622,8.2844,efit01,0.0,5.0,25.0,1.0486,True
159161,732,ok,0.0006,1.0,214.7288,229.622,8.2844,efit01,0.0,5.0,25.0,1.0445,True
159172,1465,ok,0.0006,1.0,211.3092,225.832,8.2616,efit01,0.0,5.0,25.0,1.0048,True
159174,977,ok,0.0006,1.0,211.3092,225.832,8.2616,efit01,0.0,5.0,29.0,1.0041,True
159175,977,ok,0.0006,1.0,211.3092,225.832,8.2616,efit01,0.0,5.0,28.0,1.0041,True
159182,439,ok,0.0005,1.0,211.3092,225.832,8.2616,efit01,0.0,5.0,24.0,1.0004,True
159184,977,ok,0.0004,1.0,211.3092,225.832,8.2616,efit01,0.0,5.0,24.0,1.0004,True
159186,195,ok,0.0003,1.0,211.3092,225.832,8.2616,efit01,0.0,5.0,24.0,1.008,True
159190,1465,ok,0.0004,1.0,211.3092,225.832,8.2616,efit01,0.0,5.0,25.0,0.9998,True
159191,244,ok,0.0004,1.0,211.3092,225.832,8.2616,efit01,0.0,5.0,24.0,1.0013,True
159370,488,ok,0.0004,1.0,213.8786,228.6812,8.2776,efit01,0.0,5.0,25.0,1.02,True
159372,706,ok,0.0006,1.0,213.8786,228.6812,8.2776,efit01,0.0,5.0,25.0,1.0233,True
159377,488,ok,0.0006,1.0,213.8786,228.6812,8.2776,efit01,0.0,5.0,25.0,1.024,True
159531,488,ok,0.0005,1.0,211.3092,225.832,8.2616,efit01,0.0,5.0,24.0,1.0011,True
159533,244,ok,0.0005,1.0,211.3092,225.832,8.2616,efit01,0.0,5.0,24.0,1.0011,True
159534,830,ok,0.0004,1.0,211.3092,225.832,8.2616,efit01,0.0,5.0,25.0,1.0,True
159536,195,ok,0.0004,1.0,211.3092,225.832,8.2616,efit01,0.0,5.0,24.0,1.0018,True
159537,928,ok,0.0005,1.0,211.3092,225.832,8.2616,efit01,0.0,5.0,24.0,1.0001,True
159540,488,ok,0.0004,1.0,212.1687,226.7863,8.2663,efit01,0.0,5.0,25.0,1.0271,True
159543,342,ok,0.0004,1.0,212.1687,226.7863,8.2663,efit01,0.0,5.0,25.0,1.0302,True
159544,586,ok,0.0004,1.0,212.1687,226.7863,8.2663,efit01,0.0,5.0,25.0,1.0286,True
159551,635,ok,0.0004,1.0,212.1687,226.7863,8.2663,efit01,0.0,5.0,25.0,1.0315,True
159552,586,ok,0.0004,1.0,212.1687,226.7863,8.2663,efit01,0.0,5.0,25.0,1.0325,True
159553,488,ok,0.0004,1.0,212.1687,226.7863,8.2663,efit01,0.0,5.0,24.0,1.0338,True
159554,244,ok,0.0004,1.0,212.1687,226.7863,8.2663,efit01,0.0,5.0,25.0,1.0329,True
159562,1465,ok,0.0004,1.0,212.1687,226.7863,8.2663,efit01,0.0,5.0,25.0,1.0292,True
159581,488,ok,0.0004,1.0,212.1687,226.7863,8.2663,efit01,0.0,5.0,24.0,1.0354,True
159590,391,ok,0.0004,1.0,212.1687,226.7863,8.2663,efit01,0.0,5.0,24.0,1.0339,True
159600,244,ok,0.0005,1.0,214.7288,229.622,8.2844,efit01,0.0,5.0,21.0,1.0554,True
159605,732,ok,0.0006,1.0,214.7288,229.622,8.2844,efit01,0.0,5.0,21.0,1.0499,True
160026,195,ok,0.0004,1.0,212.1687,226.7863,8.2663,efit01,0.0,5.0,25.0,1.0291,True
160054,488,ok,0.0004,1.0,212.1687,226.7863,8.2663,efit01,0.0,5.0,25.0,1.0237,True
160055,732,ok,0.0005,1.0,212.1687,226.7863,8.2663,efit01,0.0,5.0,25.0,1.0254,True
160057,244,ok,0.0004,1.0,212.1687,226.7863,8.2663,efit01,0.0,5.0,25.0,1.0261,True
160058,488,ok,0.0005,1.0,212.1687,226.7863,8.2663,efit01,0.0,5.0,25.0,1.0293,True
160060,293,ok,0.0004,1.0,212.1687,226.7863,8.2663,efit01,0.0,5.0,22.0,1.0287,True
160061,488,ok,0.0004,1.0,212.1687,226.7863,8.2663,efit01,0.0,5.0,25.0,1.0292,True
160062,244,ok,0.0004,1.0,212.1687,226.7863,8.2663,efit01,0.0,5.0,25.0,1.029,True
160068,195,ok,0.0004,1.0,212.1687,226.7863,8.2663,efit01,0.0,5.0,25.0,1.0285,True
160073,488,ok,0.0004,1.0,212.1687,226.7863,8.2663,efit01,0.0,5.0,25.0,1.0301,True
160086,244,ok,0.0003,1.0,212.1687,226.7863,8.2663,efit01,0.0,5.0,25.0,1.0296,True
160777,488,ok,0.0006,2.0,191.6701,210.9783,6.8968,efit01,0.0,0.0,0.0,0.618,False
160778,586,ok,0.0003,2.0,191.6701,210.9783,6.8968,efit01,0.0,0.0,0.0,0.5877,False
160781,830,ok,0.0003,2.0,191.6701,210.9783,6.8968,efit01,0.0,0.0,0.0,0.5895,False
160785,342,ok,0.0003,2.0,185.0558,209.8366,8.2102,efit01,0.0,0.0,0.0,0.5967,False
160791,488,ok,0.0003,2.0,188.0192,213.0484,8.2076,efit01,0.0,0.0,0.0,0.6822,False
161320,977,ok,0.0007,1.0,214.7288,229.622,8.2844,efit01,0.0,5.0,22.0,1.0462,True
161329,1064,ok,0.0007,1.0,213.3504,229.7524,9.7972,efit01,0.0,5.0,22.0,1.0581,True
161364,732,ok,0.0008,1.0,212.2704,228.7294,9.796,efit01,0.0,5.0,22.0,1.0262,True
161376,928,ok,0.0007,1.0,212.2704,228.7294,9.796,efit01,0.0,5.0,21.0,1.0245,True
161608,1076,ok,0.0004,1.0,212.1687,226.7863,8.2663,efit01,0.0,5.0,23.0,1.0677,True
162905,270,ok,0.0003,1.0,212.1687,226.7863,8.2663,efit01,0.0,6.0,33.0,0.9899,True
163456,488,ok,0.0005,0.0,211.45,218.036,19.3008,efit01,0.0,0.0,0.0,0.7245,False
163458,977,ok,0.0005,0.0,220.59,227.736,19.3068,efit01,0.0,6.0,30.0,1.0299,True
163460,488,ok,0.0004,0.0,220.59,227.736,19.3068,efit01,0.0,6.0,30.0,1.0328,True
163461,488,ok,0.0005,0.0,220.59,227.736,19.3068,efit01,0.0,6.0,30.0,1.0344,True
163464,488,ok,0.0004,0.0,220.59,227.736,19.3068,efit01,0.0,6.0,29.0,1.0341,True
163465,488,ok,0.0003,0.0,220.59,227.736,19.3068,efit01,0.0,6.0,27.0,1.0349,True
163466,488,ok,0.0004,0.0,220.59,227.736,19.3068,efit01,0.0,6.0,29.0,1.0352,True
163469,439,ok,0.0004,0.0,220.59,227.736,19.3068,efit01,0.0,6.0,30.0,1.0327,True
163478,586,ok,0.0003,0.0,222.364,229.622,19.3212,efit01,0.0,6.0,30.0,1.0315,True
163482,244,ok,0.0004,0.0,220.59,227.736,19.3068,efit01,0.0,6.0,29.0,1.0333,True
163498,610,ok,0.0004,0.0,220.0412,227.7036,22.8892,efit01,0.0,6.0,25.0,1.0344,True
163500,610,ok,0.0005,0.0,220.0412,227.7036,22.8892,efit01,0.0,6.0,25.0,1.0418,True
163502,415,ok,0.0004,0.0,220.0412,227.7036,22.8892,efit01,0.0,6.0,25.0,1.0427,True
163503,98,ok,0.0004,0.0,220.0412,227.7036,22.8892,efit01,0.0,6.0,24.0,1.0364,True
163505,1458,ok,0.0004,0.0,220.0412,227.7036,22.8892,efit01,0.0,6.0,24.0,1.0432,True
163508,1125,ok,0.0004,0.0,220.0412,227.7036,22.8892,efit01,0.0,6.0,25.0,1.0442,True
163509,98,ok,0.0003,0.0,220.0412,227.7036,22.8892,efit01,0.0,6.0,25.0,1.0498,True
163512,1357,ok,0.0003,0.0,222.1788,229.7524,22.8848,efit01,0.0,6.0,27.0,1.047,True
163518,1660,ok,0.0003,0.0,222.1788,229.7524,22.8848,efit01,0.0,6.0,29.0,1.0469,True
163525,1415,ok,0.0003,0.0,215.7768,223.5724,22.8968,efit01,2.0,1.0,4.0,0.8951,False
164793,940,ok,0.0005,0.0,222.364,229.622,9.6816,efit01,0.0,6.0,30.0,1.0287,True
164798,897,ok,0.0006,0.0,222.364,229.622,9.6816,efit01,0.0,6.0,31.0,1.0254,True
164866,333,ok,0.0002,0.0,222.364,229.622,9.6816,efit01,0.0,6.0,30.0,1.0179,True
164869,1421,ok,0.0005,0.0,222.364,229.622,9.6816,efit01,0.0,6.0,30.0,1.0156,True
164870,1514,ok,0.0004,0.0,222.364,229.622,9.6816,efit01,0.0,6.0,24.0,1.0494,True
164872,366,ok,0.0003,0.0,223.2442,230.5582,9.6904,efit01,0.0,6.0,26.0,1.0472,True
164879,1410,ok,0.0004,0.0,222.364,229.622,9.6816,efit01,0.0,6.0,28.0,1.0179,True
164880,1419,ok,0.0003,0.0,222.1788,229.7524,11.44,efit01,0.0,6.0,25.0,1.0273,True
164882,244,ok,0.0004,0.0,222.1788,229.7524,11.44,efit01,0.0,6.0,27.0,1.0293,True
164884,1409,ok,0.0004,0.0,222.1788,229.7524,11.44,efit01,0.0,6.0,24.0,1.0283,True
164901,1374,ok,0.0003,0.0,222.1788,229.7524,11.44,efit01,0.0,6.0,26.0,1.0283,True
164903,293,ok,0.0004,0.0,222.1788,229.7524,11.44,efit01,0.0,6.0,30.0,1.0322,True
165107,800,ok,0.0003,0.0,222.364,229.622,9.6816,efit01,0.0,6.0,30.0,1.0534,True
165113,773,ok,0.0007,0.0,222.364,229.622,9.6816,efit01,0.0,6.0,33.0,1.0263,True
165721,1221,ok,0.0006,0.0,214.5475,231.0638,9.7938,efit01,0.0,6.0,25.0,1.0414,True
165726,1098,ok,0.0005,0.0,214.5475,231.0638,9.7938,efit01,0.0,6.0,24.0,1.036,True
166609,2064,ok,0.0003,0.0,219.6962,226.7863,9.66,efit01,0.0,6.0,35.0,1.0001,True
167587,146,ok,0.0002,0.0,218.798,225.832,9.6544,efit01,0.0,6.0,29.0,1.0313,True
167588,879,ok,0.0004,0.0,218.798,225.832,9.6544,efit01,0.0,6.0,31.0,1.031,True
167589,1543,ok,0.0005,0.0,218.798,225.832,9.6544,efit01,0.0,6.0,30.0,1.0304,True
167603,244,ok,0.0004,0.0,218.798,225.832,9.6544,efit01,0.0,6.0,32.0,1.0266,True
169332,342,ok,0.0004,1.0,213.8786,228.6812,16.5694,efit01,1.0,6.0,29.0,1.0365,True
169344,977,ok,0.0007,1.0,212.1687,226.7863,16.5487,efit01,1.0,6.0,29.0,1.0402,True
169350,244,ok,0.0004,1.0,212.1687,226.7863,16.5487,efit01,1.0,6.0,28.0,1.0455,True
169366,977,ok,0.0004,1.0,214.7288,229.622,16.5816,efit01,1.0,6.0,25.0,1.0265,True
169367,171,ok,0.0004,1.0,214.7288,229.622,16.5816,efit01,1.0,6.0,30.0,1.0264,True
169369,1075,ok,0.0003,1.0,214.7288,229.622,16.5816,efit01,1.0,6.0,27.0,1.0293,True
169370,654,ok,0.0004,1.0,214.7288,229.622,16.5816,efit01,1.0,6.0,26.0,1.0311,True
169371,499,ok,0.0003,1.0,214.7288,229.622,16.5816,efit01,1.0,6.0,29.0,1.0273,True
169372,1150,ok,0.0003,1.0,214.7288,229.622,16.5816,efit01,1.0,6.0,26.0,1.0262,True
169373,547,ok,0.0003,1.0,214.7288,229.622,16.5816,efit01,1.0,6.0,27.0,1.0293,True
169379,1288,ok,0.0004,1.0,214.7288,229.622,16.5816,efit01,1.0,6.0,28.0,1.0274,True
169380,1612,ok,0.0003,1.0,214.7288,229.622,16.5816,efit01,1.0,6.0,26.0,1.0299,True
169383,947,ok,0.0003,1.0,214.7288,229.622,16.5816,efit01,1.0,6.0,28.0,1.0305,True
169385,1003,ok,0.0003,1.0,214.7288,229.622,16.5816,efit01,1.0,6.0,26.0,1.0319,True
169387,814,ok,0.0003,1.0,214.7288,229.622,16.5816,efit01,1.0,6.0,26.0,1.0323,True
169389,146,ok,0.0003,1.0,214.7288,229.622,16.5816,efit01,1.0,6.0,30.0,1.0334,True
169391,692,ok,0.0003,1.0,213.0252,227.736,16.5584,efit01,1.0,6.0,23.0,0.9673,False
169845,1440,ok,0.0004,1.0,212.6678,226.8208,19.374,efit01,1.0,6.0,19.0,0.9484,False
169848,177,ok,0.0004,1.0,215.5258,229.9717,19.6347,efit01,1.0,6.0,29.0,1.0503,True
169849,861,ok,0.0004,1.0,215.5258,229.9717,19.6347,efit01,1.0,6.0,27.0,1.0603,True
169850,894,ok,0.0004,1.0,215.5258,229.9717,19.6347,efit01,1.0,6.0,29.0,1.0572,True
169851,1419,ok,0.0003,1.0,215.5258,229.9717,19.6347,efit01,1.0,6.0,27.0,1.0597,True
169858,278,ok,0.0003,1.0,213.5202,230.7691,21.7983,efit01,1.0,6.0,24.0,1.0817,True
169859,1652,ok,0.0003,1.0,213.5202,230.7691,21.7983,efit01,1.0,6.0,24.0,1.0857,True
169865,172,ok,0.0003,1.0,213.5202,230.7691,21.7983,efit01,1.0,6.0,24.0,1.0849,True
169869,1547,ok,0.0003,1.0,213.5202,230.7691,21.7983,efit01,1.0,6.0,24.0,1.0883,True
169873,1552,ok,0.0003,1.0,213.5202,230.7691,21.7983,efit01,1.0,6.0,24.0,1.0878,True
169875,301,ok,0.0004,1.0,213.5202,230.7691,21.7983,efit01,1.0,6.0,25.0,1.0813,True
169877,827,ok,0.0004,1.0,213.5202,230.7691,21.7983,efit01,1.0,6.0,24.0,1.088,True
170012,293,ok,0.0003,1.0,210.7197,227.8029,21.6049,efit01,1.0,6.0,25.0,1.0656,True
170015,322,ok,0.0002,1.0,210.7197,227.8029,21.6049,efit01,1.0,6.0,27.0,1.0619,True
170021,541,ok,0.0002,1.0,210.7197,227.8029,21.6049,efit01,1.0,6.0,26.0,1.072,True
170063,449,ok,0.0007,1.0,212.6678,226.8208,19.374,efit01,1.0,6.0,37.0,1.0509,True
170085,421,ok,0.0006,1.0,212.6678,226.8208,19.374,efit01,1.0,6.0,37.0,1.0515,True
170086,492,ok,0.0007,1.0,212.6678,226.8208,19.374,efit01,1.0,6.0,37.0,1.0501,True
170430,418,ok,0.0008,1.0,212.6678,226.8208,9.4212,efit01,1.0,6.0,39.0,1.0113,True
170433,778,ok,0.0007,1.0,212.6678,226.8208,9.4212,efit01,1.0,6.0,35.0,1.0071,True
171469,1920,ok,0.0005,0.0,221.2557,227.8697,10.8807,efit01,0.0,6.0,31.0,1.041,True
171470,420,ok,0.0004,0.0,221.2557,227.8697,10.8807,efit01,0.0,6.0,38.0,1.0288,True
171471,1495,ok,0.0004,0.0,221.2557,227.8697,10.8807,efit01,0.0,6.0,38.0,1.0281,True
171472,1676,ok,0.0004,0.0,221.2557,227.8697,10.8807,efit01,0.0,6.0,38.0,1.0281,True
171473,1159,ok,0.0004,0.0,221.2557,227.8697,10.8807,efit01,0.0,6.0,38.0,1.0279,True
171474,1205,ok,0.0004,0.0,221.2557,227.8697,10.8807,efit01,0.0,6.0,38.0,1.0277,True
171475,706,ok,0.0005,0.0,221.2557,227.8697,10.8807,efit01,0.0,6.0,39.0,1.0289,True
171565,814,ok,0.0003,0.0,221.2557,227.8697,10.8807,efit01,0.0,6.0,35.0,1.0133,True
172208,1422,ok,0.0005,0.0,223.3174,229.9717,11.2912,efit01,0.0,6.0,30.0,1.0302,True
172211,269,ok,0.0004,0.0,221.2557,227.8697,11.1923,efit01,0.0,6.0,30.0,1.0301,True
172212,1465,ok,0.0004,0.0,221.2557,227.8697,11.1923,efit01,0.0,6.0,30.0,1.0297,True
172214,977,ok,0.0005,0.0,202.1049,208.1837,10.3167,efit01,0.0,0.0,0.0,0.4462,False
172222,757,ok,0.0003,0.0,202.1049,208.1837,10.3167,efit01,0.0,0.0,0.0,0.4378,False
172223,732,ok,0.0004,0.0,202.1049,208.1837,10.3167,efit01,0.0,0.0,0.0,0.4209,False
172224,977,ok,0.0004,0.0,202.1049,208.1837,10.3167,efit01,0.0,0.0,0.0,0.4194,False
174601,1190,ok,0.0004,0.0,223.3174,229.9717,11.2912,efit01,0.0,6.0,30.0,1.0286,True
174602,1677,ok,0.0003,0.0,223.3174,229.9717,11.2912,efit01,0.0,6.0,28.0,1.0343,True
174618,857,ok,0.0003,2.0,207.9067,229.1812,15.8388,efit01,2.0,6.0,25.0,1.0283,True
174619,607,ok,0.0003,2.0,207.9067,229.1812,15.8388,efit01,2.0,6.0,27.0,1.0264,True
174621,398,ok,0.0003,2.0,207.9067,229.1812,15.8388,efit01,2.0,6.0,27.0,1.0267,True
174631,122,ok,0.0005,2.0,206.003,227.1041,15.7006,efit01,2.0,6.0,26.0,0.9964,True
174634,635,ok,0.0005,2.0,208.8587,230.2163,15.9083,efit01,2.0,6.0,29.0,1.0947,True
174635,244,ok,0.0005,2.0,207.9067,229.1812,15.8388,efit01,2.0,6.0,28.0,1.062,True
174636,488,ok,0.0004,2.0,206.9548,228.1438,15.7695,efit01,2.0,6.0,29.0,1.0277,True
174653,1324,ok,0.0003,2.0,207.9067,229.1812,15.8388,efit01,2.0,6.0,29.0,1.0244,True
174656,1036,ok,0.0003,2.0,205.0724,231.129,17.507,efit01,2.0,6.0,22.0,1.1085,True
174658,1332,ok,0.0004,2.0,205.0724,231.129,17.507,efit01,2.0,6.0,23.0,1.1063,True
174660,811,ok,0.0004,2.0,204.1252,230.1516,17.4659,efit01,2.0,6.0,23.0,1.0686,True
174675,1112,ok,0.0003,2.0,181.295,199.255,14.0175,efit01,0.0,0.0,0.0,0.1987,False
175472,152,ok,0.0005,0.0,222.5332,229.1812,11.2505,efit01,0.0,6.0,30.0,1.0804,True
175476,375,ok,0.0004,0.0,221.4917,228.1438,11.2008,efit01,0.0,6.0,24.0,1.0063,True
175477,951,ok,0.0005,0.0,221.4917,228.1438,11.2008,efit01,0.0,6.0,26.0,1.0083,True
175478,994,ok,0.0005,0.0,220.4512,227.1041,11.1514,efit01,0.0,6.0,25.0,0.9744,False
175481,364,ok,0.0005,0.0,219.4118,226.0621,11.1022,efit01,0.0,6.0,25.0,0.972,False
175490,1285,ok,0.0004,0.0,223.5759,230.2163,11.3005,efit01,0.0,6.0,30.0,1.0389,True
175491,1205,ok,0.0003,0.0,223.5759,230.2163,11.3005,efit01,0.0,6.0,27.0,1.038,True
175499,437,ok,0.0003,1.0,216.1398,230.2163,9.8244,efit01,0.0,6.0,28.0,1.0457,True
175500,409,ok,0.0003,1.0,216.1398,230.2163,9.8244,efit01,0.0,6.0,30.0,1.0477,True
175513,708,ok,0.0003,1.0,213.9123,231.129,10.8847,efit01,0.0,6.0,25.0,1.0752,True
175514,1389,ok,0.0003,1.0,213.9123,231.129,10.8847,efit01,0.0,6.0,24.0,1.0814,True
175527,488,ok,0.0003,1.0,202.1049,215.5137,9.2357,efit01,0.0,0.0,0.0,0.5711,False
175530,146,ok,0.0003,1.0,202.1049,215.5137,9.2357,efit01,0.0,0.0,0.0,0.5941,False
175539,530,ok,0.0003,1.0,202.1049,215.5137,9.2357,efit01,0.0,0.0,0.0,0.5963,False
175549,371,ok,0.0004,0.0,221.4917,228.1438,11.2008,efit01,0.0,6.0,30.0,1.0066,True
175554,1206,ok,0.0004,0.0,221.4917,228.1438,11.2008,efit01,0.0,6.0,30.0,1.0083,True
175555,1223,ok,0.0004,0.0,221.4917,228.1438,11.2008,efit01,0.0,6.0,30.0,1.0082,True
175560,116,ok,0.0005,0.0,221.4917,228.1438,11.2008,efit01,0.0,6.0,30.0,1.0107,True
175564,1214,ok,0.0004,0.0,221.4917,228.1438,11.2008,efit01,0.0,6.0,30.0,1.0083,True
175567,95,ok,0.0003,0.0,221.4917,228.1438,11.2008,efit01,0.0,6.0,30.0,1.0142,True
175587,110,ok,0.0004,0.0,221.4917,228.1438,11.2008,efit01,0.0,6.0,30.0,1.0107,True
175591,659,ok,0.0005,0.0,221.4917,228.1438,11.2008,efit01,0.0,6.0,35.0,1.0292,True
175592,174,ok,0.0004,0.0,221.4917,228.1438,11.2008,efit01,0.0,6.0,26.0,1.0076,True
175598,83,ok,0.0004,0.0,221.4917,228.1438,11.2008,efit01,0.0,6.0,30.0,0.9917,True
175599,1060,ok,0.0004,0.0,223.5759,230.2163,11.3005,efit01,0.0,6.0,30.0,1.0381,True
175600,938,ok,0.0004,0.0,225.6644,232.2794,11.4013,efit01,0.0,6.0,24.0,1.1037,True
175826,856,ok,0.0003,0.0,221.4917,228.1438,11.2008,efit01,0.0,6.0,36.0,1.0415,True
175827,700,ok,0.0003,0.0,221.4917,228.1438,11.2008,efit01,0.0,6.0,36.0,1.0436,True
175828,694,ok,0.0003,0.0,221.4917,228.1438,11.2008,efit01,0.0,6.0,36.0,1.0415,True
175831,1360,ok,0.0004,0.0,221.4917,228.1438,11.2008,efit01,0.0,6.0,36.0,1.0421,True
175832,1352,ok,0.0004,0.0,221.4917,228.1438,11.2008,efit01,0.0,6.0,36.0,1.045,True
175833,1352,ok,0.0003,0.0,221.4917,228.1438,11.2008,efit01,0.0,6.0,36.0,1.0449,True
175834,1386,ok,0.0003,0.0,221.4917,228.1438,11.2008,efit01,0.0,6.0,36.0,1.0451,True
176404,422,ok,0.0003,0.0,220.4512,227.1041,11.1514,efit01,0.0,6.0,40.0,1.027,True
176975,1705,ok,0.0006,0.0,222.5332,229.1812,11.2505,efit01,0.0,6.0,30.0,1.0144,True
176994,1329,ok,0.0005,0.0,220.4512,227.1041,11.1514,efit01,0.0,6.0,30.0,1.0409,True
179205,1316,ok,0.0005,8.0,212.0863,226.0621,4.8677,efit01,0.0,3.0,11.0,0.9455,False
179209,1552,ok,0.0006,8.0,214.1087,228.1438,4.9196,efit01,0.0,3.0,15.0,1.0135,True
179211,1417,ok,0.0004,8.0,214.1087,228.1438,4.9196,efit01,0.0,3.0,15.0,1.0045,True
179212,1530,ok,0.0005,8.0,214.1087,228.1438,4.9196,efit01,0.0,3.0,14.0,1.0173,True
179213,1321,ok,0.0006,8.0,214.1087,228.1438,4.9196,efit01,0.0,3.0,15.0,1.0173,True
179214,1251,ok,0.0004,8.0,214.1087,228.1438,4.9196,efit01,0.0,3.0,12.0,1.0186,True
179216,1499,ok,0.0004,8.0,214.1087,228.1438,4.9196,efit01,0.0,3.0,13.0,1.0179,True
179219,1463,ok,0.0006,8.0,214.1087,228.1438,4.9196,efit01,0.0,3.0,15.0,1.0153,True
179220,1445,ok,0.0006,8.0,214.1087,228.1438,4.9196,efit01,0.0,3.0,14.0,1.01,True
179223,1313,ok,0.0005,8.0,214.1087,228.1438,4.9196,efit01,0.0,3.0,13.0,1.0095,True
179314,2060,ok,0.0005,8.0,216.1398,230.2163,4.9721,efit01,0.0,6.0,18.0,1.0934,True
179321,2054,ok,0.0003,8.0,216.1398,230.2163,4.9721,efit01,1.0,4.0,16.0,1.0792,True
179328,1771,ok,0.0003,8.0,216.1398,230.2163,4.9721,efit01,0.0,6.0,18.0,1.1017,True
179331,1776,ok,0.0002,8.0,214.1087,228.1438,4.9196,efit01,0.0,3.0,18.0,1.0221,True
179333,885,ok,0.0003,8.0,214.1087,228.1438,4.9196,efit01,0.0,3.0,15.0,1.0303,True
179334,845,ok,0.0004,8.0,214.1087,228.1438,4.9196,efit01,0.0,3.0,18.0,1.0239,True
179634,2051,ok,0.0005,0.0,221.4917,228.1438,11.2008,efit01,0.0,6.0,36.0,1.0204,True
179677,1703,ok,0.0003,0.0,221.4917,228.1438,11.2008,efit01,0.0,6.0,32.0,1.0227,True
179678,1556,ok,0.0004,0.0,221.4917,228.1438,11.2008,efit01,0.0,6.0,32.0,1.0194,True
179703,695,ok,0.0004,0.0,221.4917,228.1438,11.2008,efit01,0.0,6.0,38.0,1.0183,True
179704,1770,ok,0.0003,0.0,221.4917,228.1438,11.2008,efit01,0.0,6.0,30.0,1.0229,True
179712,1681,ok,0.0002,0.0,220.999,229.1688,12.4068,efit01,0.0,6.0,24.0,1.0664,True
179718,1936,ok,0.0004,0.0,220.999,229.1688,12.4068,efit01,0.0,6.0,25.0,1.0563,True
179720,1744,ok,0.0002,0.0,220.999,229.1688,12.4068,efit01,0.0,6.0,24.0,1.0651,True
179727,1815,ok,0.0002,0.0,220.999,229.1688,12.4068,efit01,0.0,6.0,24.0,1.0641,True
179759,1906,ok,0.0005,0.0,222.5332,229.1812,11.2505,efit01,0.0,6.0,30.0,1.0527,True
179829,1293,ok,0.0005,0.0,220.999,229.1688,12.4068,efit01,0.0,6.0,22.0,1.1551,True
179833,1644,ok,0.0004,0.0,220.4512,227.1041,11.1514,efit01,0.0,6.0,28.0,1.0891,True
179944,2066,ok,0.0003,0.0,221.996,230.1516,12.4386,efit01,0.0,6.0,25.0,1.0783,True
179959,393,ok,0.0004,0.0,221.996,230.1516,12.4386,efit01,0.0,6.0,24.0,1.0858,True
179960,232,ok,0.0003,0.0,221.996,230.1516,12.4386,efit01,0.0,6.0,24.0,1.0959,True
179961,1846,ok,0.0004,0.0,221.996,230.1516,12.4386,efit01,0.0,6.0,26.0,1.0862,True
180354,1875,ok,0.0002,3.0,212.0863,226.0621,6.621,efit01,0.0,5.0,29.0,1.03,True
180363,1859,ok,0.0005,3.0,212.0863,226.0621,6.621,efit01,0.0,5.0,28.0,1.0321,True
180536,1533,ok,0.0004,0.0,220.4512,227.1041,11.1514,efit01,0.0,6.0,29.0,1.0866,True
180537,1440,ok,0.0005,0.0,220.4512,227.1041,11.1514,efit01,0.0,6.0,29.0,1.0856,True
182627,183,ok,0.0005,2.0,217.1586,231.249,7.9309,efit01,0.0,6.0,15.0,1.1413,True
182659,448,ok,0.0004,2.0,217.1586,231.249,7.9309,efit01,2.0,6.0,30.0,1.0866,True
182660,578,ok,0.0003,2.0,217.1586,231.249,7.9309,efit01,2.0,6.0,30.0,1.091,True
182665,244,ok,0.0004,2.0,217.1586,231.249,7.9309,efit01,2.0,6.0,30.0,1.0879,True
182682,914,ok,0.0003,2.0,217.1586,231.249,7.9309,efit01,2.0,6.0,30.0,1.078,True
184427,2484,ok,0.0005,0.0,220.0007,228.1808,11.953,efit01,0.0,6.0,30.0,1.0583,True
184429,2539,ok,0.0005,0.0,221.4917,228.1438,10.8904,efit01,0.0,6.0,35.0,1.0573,True
184430,1669,ok,0.0006,0.0,221.4917,228.1438,10.8904,efit01,0.0,6.0,34.0,1.0583,True
184431,984,ok,0.0004,0.0,221.4917,228.1438,10.8904,efit01,0.0,6.0,30.0,1.0661,True
184433,1002,ok,0.0004,0.0,221.4917,228.1438,10.8904,efit01,0.0,6.0,30.0,1.0652,True
184434,665,ok,0.0004,0.0,221.4917,228.1438,10.8904,efit01,0.0,6.0,30.0,1.0653,True
184437,1019,ok,0.0004,0.0,221.4917,228.1438,10.8904,efit01,0.0,6.0,33.0,1.0644,True
184440,675,ok,0.0005,0.0,221.4917,228.1438,10.8904,efit01,0.0,6.0,30.0,1.0648,True
184441,688,ok,0.0005,0.0,221.4917,228.1438,10.8904,efit01,0.0,6.0,19.0,0.9227,False
184442,598,ok,0.0004,0.0,221.4917,228.1438,10.8904,efit01,0.0,6.0,30.0,1.0653,True
184443,1792,ok,0.0004,0.0,221.4917,228.1438,10.8904,efit01,0.0,6.0,33.0,1.0611,True
184444,597,ok,0.0005,0.0,221.4917,228.1438,10.8904,efit01,0.0,6.0,30.0,1.0644,True
184445,1528,ok,0.0005,0.0,221.4917,228.1438,10.8904,efit01,0.0,6.0,34.0,1.0611,True
184446,1423,ok,0.0005,0.0,221.4917,228.1438,10.8904,efit01,0.0,6.0,34.0,1.0607,True
184448,1423,ok,0.0005,0.0,221.4917,228.1438,10.8904,efit01,0.0,6.0,34.0,1.0598,True
184449,1458,ok,0.0005,0.0,221.4917,228.1438,10.8904,efit01,0.0,6.0,35.0,1.0557,True
184451,1317,ok,0.0004,0.0,221.4917,228.1438,10.8904,efit01,0.0,6.0,33.0,1.0612,True
184452,1458,ok,0.0005,0.0,221.4917,228.1438,10.8904,efit01,0.0,6.0,34.0,1.06,True
184453,1546,ok,0.0005,0.0,221.4917,228.1438,10.8904,efit01,0.0,6.0,35.0,1.0591,True
184454,1599,ok,0.0005,0.0,224.6196,231.249,11.0346,efit01,0.0,6.0,12.0,1.1442,True
184458,1528,ok,0.0005,0.0,221.4917,228.1438,10.8904,efit01,0.0,6.0,35.0,1.0574,True
184460,2133,ok,0.0006,0.0,221.4917,228.1438,10.8904,efit01,0.0,6.0,36.0,1.0522,True
184461,1773,ok,0.0006,0.0,221.4917,228.1438,10.8904,efit01,0.0,6.0,36.0,1.0549,True
184463,1423,ok,0.0006,0.0,221.4917,228.1438,10.8904,efit01,0.0,6.0,32.0,1.0539,True
184466,1493,ok,0.0005,0.0,221.4917,228.1438,10.8904,efit01,0.0,6.0,35.0,1.0556,True
184467,1581,ok,0.0006,0.0,221.4917,228.1438,10.8904,efit01,0.0,6.0,33.0,1.0547,True
184468,1511,ok,0.0005,0.0,221.4917,228.1438,10.8904,efit01,0.0,6.0,36.0,1.0554,True
184471,1387,ok,0.0006,0.0,221.4917,228.1438,10.8904,efit01,0.0,6.0,36.0,1.0525,True
184473,1008,ok,0.0008,0.0,221.4917,228.1438,10.8904,efit01,0.0,6.0,35.0,1.055,True
184475,1440,ok,0.0006,0.0,221.4917,228.1438,10.8904,efit01,0.0,6.0,30.0,1.0379,True
184476,1493,ok,0.0007,0.0,221.4917,228.1438,10.8904,efit01,0.0,6.0,30.0,1.039,True
184773,1358,ok,0.0002,0.0,223.5759,230.2163,10.9864,efit01,0.0,6.0,30.0,1.0516,True
184796,1690,ok,0.0002,0.0,218.3736,225.0177,10.7481,efit01,0.0,6.0,27.0,0.9783,False
184801,1868,ok,0.0003,0.0,221.4917,228.1438,10.8904,efit01,0.0,6.0,18.0,1.148,True
184807,146,ok,0.0004,0.0,219.4118,226.0621,10.795,efit01,0.0,6.0,25.0,1.0728,True
184810,1830,ok,0.0003,0.0,220.4512,227.1041,10.8426,efit01,0.0,6.0,24.0,1.1104,True
184812,770,ok,0.0004,0.0,220.4512,227.1041,10.8426,efit01,0.0,6.0,24.0,1.1074,True
184813,806,ok,0.0004,0.0,220.4512,227.1041,10.8426,efit01,0.0,6.0,24.0,1.1061,True
184815,1660,ok,0.0003,0.0,220.4512,227.1041,10.8426,efit01,0.0,6.0,24.0,1.1188,True
184818,1221,ok,0.0004,0.0,220.4512,227.1041,10.8426,efit01,0.0,6.0,24.0,1.1072,True
184822,1303,ok,0.0003,0.0,221.996,230.1516,12.0049,efit01,0.0,6.0,22.0,1.0494,True
184825,1117,ok,0.0003,0.0,220.0007,228.1808,11.953,efit01,0.0,6.0,22.0,1.0632,True
184826,783,ok,0.0003,0.0,222.5332,229.1812,10.9383,efit01,0.0,6.0,30.0,1.0889,True
184829,387,ok,0.0003,0.0,222.5332,229.1812,10.9383,efit01,0.0,6.0,30.0,1.0905,True
184857,1853,ok,0.0004,0.0,224.6196,231.249,11.0346,efit01,0.0,6.0,30.0,1.0697,True
184858,1396,ok,0.0003,0.0,224.6196,231.249,11.0346,efit01,0.0,6.0,30.0,1.0766,True
184861,1296,ok,0.0003,0.0,224.6196,231.249,11.0346,efit01,0.0,6.0,30.0,1.0745,True
184903,1686,ok,0.0003,0.0,224.6196,231.249,11.0346,efit01,0.0,6.0,30.0,1.078,True
184961,382,ok,0.0003,0.0,224.6196,231.249,11.0346,efit01,0.0,6.0,12.0,1.1626,True
184964,742,ok,0.0003,0.0,224.6196,231.249,11.0346,efit01,0.0,6.0,30.0,1.081,True
184968,1059,ok,0.0003,0.0,224.6196,231.249,11.0346,efit01,0.0,6.0,30.0,1.0787,True
185458,2952,ok,0.0003,0.0,220.4512,227.1041,10.8426,efit01,0.0,6.0,30.0,1.062,True
185461,2327,ok,0.0003,0.0,220.4512,227.1041,10.8426,efit01,0.0,6.0,31.0,1.0645,True
185469,2435,ok,0.0004,0.0,220.4512,227.1041,10.8426,efit01,0.0,6.0,30.0,1.0587,True
185474,808,ok,0.0003,0.0,220.4512,227.1041,10.8426,efit01,0.0,6.0,30.0,1.0657,True
185490,2051,ok,0.0006,0.0,220.4512,227.1041,10.8426,efit01,0.0,6.0,26.0,1.0842,True
185491,2094,ok,0.0006,0.0,220.4512,227.1041,10.8426,efit01,0.0,6.0,26.0,1.0829,True
185492,2576,ok,0.0007,0.0,220.4512,227.1041,10.8426,efit01,0.0,6.0,26.0,1.0806,True
185493,2309,ok,0.0007,0.0,220.4512,227.1041,10.8426,efit01,0.0,6.0,26.0,1.0811,True
185497,1127,ok,0.0007,0.0,220.4512,227.1041,10.8426,efit01,0.0,6.0,28.0,1.0791,True
185498,867,ok,0.0006,0.0,220.4512,227.1041,10.8426,efit01,0.0,6.0,29.0,1.077,True
185499,1208,ok,0.0007,0.0,220.4512,227.1041,10.8426,efit01,0.0,6.0,27.0,1.0756,True
185502,393,ok,0.0007,0.0,220.4512,227.1041,10.8426,efit01,0.0,6.0,25.0,1.0899,True
185503,1568,ok,0.0005,0.0,220.4512,227.1041,10.8426,efit01,0.0,6.0,26.0,1.0928,True
185871,2301,ok,0.0004,0.0,220.4512,227.1041,10.8426,efit01,0.0,6.0,24.0,1.1089,True
185872,2204,ok,0.0005,0.0,220.4512,227.1041,10.8426,efit01,0.0,6.0,24.0,1.11,True
185875,98,ok,0.0006,0.0,220.4512,227.1041,10.8426,efit01,0.0,6.0,29.0,1.0812,True
185876,2456,ok,0.0004,0.0,220.4512,227.1041,10.8426,efit01,0.0,6.0,24.0,1.1118,True
185915,755,ok,0.0004,0.0,220.4512,227.1041,10.8426,efit01,0.0,6.0,25.0,1.0873,True
185918,1929,ok,0.0004,0.0,224.6196,231.249,11.0346,efit01,0.0,0.0,4.0,1.2221,True
185920,580,no_geometry_file,,,,,,,,,,,False
186230,1177,ok,0.0004,8.0,211.0783,225.0177,4.6977,efit01,0.0,3.0,12.0,1.0561,True
186637,794,no_geometry_file,,,,,,,,,,,False
186640,1400,ok,0.0003,0.0,215.2652,221.8707,10.608,efit01,0.0,0.0,0.0,0.7635,False
186641,1672,no_geometry_file,,,,,,,,,,,False
187018,1062,ok,0.0004,0.0,222.5332,229.1812,10.9383,efit01,0.0,6.0,36.0,1.048,True
187020,2213,ok,0.0004,0.0,222.5332,229.1812,10.9383,efit01,0.0,6.0,30.0,1.0486,True
187025,2055,ok,0.0003,0.0,222.5332,229.1812,10.9383,efit01,0.0,6.0,30.0,1.0489,True
187032,1546,ok,0.0004,0.0,222.5332,229.1812,10.9383,efit01,0.0,6.0,30.0,1.053,True
187035,773,ok,0.0004,0.0,222.5332,229.1812,10.9383,efit01,0.0,6.0,30.0,1.0568,True
187036,1862,ok,0.0003,0.0,222.5332,229.1812,10.9383,efit01,0.0,6.0,30.0,1.0555,True
187038,2601,ok,0.0004,0.0,222.5332,229.1812,10.9383,efit01,0.0,6.0,25.0,1.0586,True
187045,1669,ok,0.0004,0.0,222.5332,229.1812,10.9383,efit01,0.0,6.0,26.0,1.0471,True
187049,393,ok,0.0002,0.0,220.4512,227.1041,10.8426,efit01,0.0,6.0,26.0,1.0931,True
187050,440,ok,0.0003,0.0,220.4512,227.1041,10.8426,efit01,0.0,6.0,26.0,1.0936,True
189104,1563,ok,0.0005,1.0,214.7288,229.622,8.2844,efit01,0.0,5.0,25.0,1.0625,True
189106,1774,ok,0.0004,1.0,214.7288,229.622,8.2844,efit01,0.0,5.0,22.0,1.0781,True
189107,1932,ok,0.0003,1.0,214.7288,229.622,8.2844,efit01,0.0,5.0,25.0,1.075,True
189113,1739,ok,0.0004,0.0,222.5332,229.1812,11.2505,efit01,0.0,6.0,34.0,1.0585,True
189189,1941,ok,0.0004,0.0,221.4917,228.1438,11.2008,efit01,0.0,6.0,32.0,1.037,True
189191,1300,ok,0.0004,0.0,221.4917,228.1438,11.2008,efit01,0.0,6.0,36.0,1.0421,True
189196,615,ok,0.0005,0.0,221.4917,228.1438,11.2008,efit01,0.0,6.0,31.0,1.0408,True
189203,211,ok,0.0006,0.0,221.4917,228.1438,11.2008,efit01,0.0,6.0,30.0,1.0462,True
189283,1440,ok,0.0004,0.0,219.4118,226.0621,11.1022,efit01,0.0,6.0,31.0,0.9926,True
189292,1194,ok,0.0003,0.0,220.4512,227.1041,11.1514,efit01,0.0,6.0,24.0,1.0357,True
189295,773,ok,0.0003,0.0,221.4917,228.1438,11.2008,efit01,0.0,6.0,24.0,1.079,True
189300,369,ok,0.0003,0.0,221.4917,228.1438,11.2008,efit01,0.0,6.0,24.0,1.082,True
189301,1877,ok,0.0003,0.0,221.4917,228.1438,11.2008,efit01,0.0,6.0,24.0,1.0705,True
189303,281,ok,0.0003,0.0,221.4917,228.1438,11.2008,efit01,0.0,6.0,20.0,1.0827,True
189315,808,ok,0.0003,0.0,221.4917,228.1438,11.2008,efit01,0.0,6.0,24.0,1.0812,True
189316,2221,ok,0.0002,0.0,221.4917,228.1438,11.2008,efit01,0.0,6.0,24.0,1.0924,True
189329,530,ok,0.0006,0.0,221.4917,228.1438,11.2008,efit01,0.0,6.0,36.0,1.0362,True
189362,1210,ok,0.0006,0.0,221.4917,228.1438,11.2008,efit01,0.0,6.0,30.0,1.0419,True
189363,1520,ok,0.0005,0.0,221.4917,228.1438,11.2008,efit01,0.0,6.0,30.0,1.0553,True
189365,843,ok,0.0003,0.0,221.4917,228.1438,11.2008,efit01,0.0,6.0,30.0,1.0536,True
189377,1683,ok,0.0004,0.0,218.3736,225.0177,11.0532,efit01,0.0,6.0,32.0,1.0736,True
189379,1943,ok,0.0007,0.0,218.3736,225.0177,11.0532,efit01,0.0,6.0,33.0,1.0646,True
189385,1859,ok,0.0007,0.0,218.3736,225.0177,11.0532,efit01,0.0,6.0,33.0,1.0688,True
189602,482,ok,0.0003,2.0,214.1087,228.1438,8.2411,efit01,0.0,6.0,36.0,1.0201,True
189603,420,ok,0.0003,2.0,214.1087,228.1438,8.2411,efit01,0.0,6.0,36.0,1.0214,True
189645,1177,ok,0.0004,2.0,214.1087,228.1438,8.2411,efit01,0.0,6.0,30.0,1.0879,True
189646,1159,ok,0.0004,2.0,214.1087,228.1438,8.2411,efit01,0.0,6.0,29.0,1.098,True
189647,1388,ok,0.0005,2.0,214.1087,228.1438,8.2411,efit01,0.0,6.0,30.0,1.0909,True
189650,949,ok,0.0004,2.0,214.1087,228.1438,8.2411,efit01,0.0,6.0,30.0,1.0868,True
189651,1265,ok,0.0006,2.0,214.1087,228.1438,8.2411,efit01,0.0,6.0,30.0,1.0826,True
189652,597,ok,0.0005,2.0,214.1087,228.1438,8.2411,efit01,0.0,6.0,30.0,1.0843,True
190507,1499,ok,0.0005,2.0,217.1586,231.249,8.3576,efit01,0.0,6.0,30.0,1.0748,True
190508,349,ok,0.0004,2.0,217.1586,231.249,8.3576,efit01,0.0,6.0,30.0,1.0667,True
190509,680,ok,0.0003,2.0,217.1586,231.249,8.3576,efit01,0.0,6.0,30.0,1.0776,True
190510,89,ok,0.0003,2.0,216.1398,230.2163,8.3185,efit01,0.0,6.0,33.0,1.0554,True
190512,1074,ok,0.0004,2.0,216.1398,230.2163,8.3185,efit01,0.0,6.0,30.0,1.043,True
190514,1607,ok,0.0004,2.0,216.1398,230.2163,8.3185,efit01,0.0,6.0,30.0,1.0415,True
190515,1499,ok,0.0004,2.0,216.1398,230.2163,8.3185,efit01,0.0,6.0,30.0,1.0421,True
190549,450,ok,0.0002,2.0,214.1087,228.1438,8.2411,efit01,0.0,6.0,30.0,1.0527,True
190564,280,ok,0.0003,2.0,214.1087,228.1438,8.2411,efit01,0.0,6.0,30.0,1.0525,True
190629,537,ok,0.0002,2.0,214.1087,228.1438,8.2411,efit01,0.0,6.0,30.0,1.0512,True
190633,755,ok,0.0002,2.0,214.1087,228.1438,8.2411,efit01,0.0,6.0,26.0,1.0504,True
190663,797,ok,0.0003,2.0,214.1087,228.1438,8.2411,efit01,0.0,6.0,28.0,0.9764,False
190666,642,ok,0.0003,2.0,216.1398,230.2163,8.3185,efit01,0.0,6.0,30.0,1.0425,True
190670,977,ok,0.0004,2.0,216.1398,230.2163,8.3185,efit01,0.0,6.0,30.0,1.0374,True
190671,977,ok,0.0003,2.0,216.1398,230.2163,8.3185,efit01,0.0,6.0,30.0,1.0415,True
190856,2870,ok,0.0005,0.0,220.4512,227.1041,11.1514,efit01,0.0,6.0,33.0,1.0744,True
190861,1458,ok,0.0002,0.0,213.1985,219.761,10.8126,efit01,0.0,0.0,1.0,0.8566,False
190863,1687,ok,0.0002,0.0,213.1985,219.761,10.8126,efit01,0.0,0.0,3.0,0.8636,False
190869,1423,ok,0.0004,0.0,213.1985,219.761,10.8126,efit01,0.0,0.0,0.0,0.8394,False
191030,141,ok,0.0004,0.0,214.2313,220.817,10.8602,efit01,0.0,0.0,0.0,0.7615,False
191376,1206,ok,0.0005,0.0,224.6196,231.249,11.3508,efit01,0.0,6.0,22.0,1.1055,True
191782,1802,ok,0.0002,0.0,221.4917,228.1438,11.2008,efit01,0.0,6.0,29.0,1.0784,True
191783,1626,ok,0.0003,0.0,221.4917,228.1438,11.2008,efit01,0.0,6.0,24.0,1.0814,True
192007,58,ok,0.0007,0.0,222.5332,229.1812,11.2505,efit01,0.0,6.0,36.0,1.044,True
192098,370,ok,0.0002,0.0,223.5759,230.2163,11.3005,efit01,0.0,6.0,21.0,1.115,True
192704,91,ok,0.0003,1.0,217.1586,231.249,9.8683,efit01,0.0,6.0,25.0,1.0914,True
192705,92,ok,0.0003,1.0,215.1231,229.1812,9.7808,efit01,0.0,6.0,30.0,1.0367,True
192707,153,ok,0.0003,1.0,215.1231,229.1812,9.7808,efit01,0.0,6.0,30.0,1.0116,True
192710,612,ok,0.0003,1.0,211.938,229.1688,10.8243,efit01,0.0,6.0,24.0,1.0173,True
192711,619,ok,0.0003,1.0,211.938,229.1688,10.8243,efit01,0.0,6.0,24.0,1.016,True
192718,348,ok,0.0003,1.0,211.938,229.1688,10.8243,efit01,0.0,6.0,24.0,1.0183,True
192751,146,ok,0.0004,1.0,209.9648,227.1875,10.7652,efit01,0.0,6.0,24.0,1.0471,True
192760,635,ok,0.0004,1.0,209.9648,227.1875,10.7652,efit01,0.0,6.0,28.0,1.0435,True
192761,981,ok,0.0005,1.0,209.9648,227.1875,10.7652,efit01,0.0,6.0,26.0,1.0465,True
192763,558,ok,0.0004,1.0,209.9648,227.1875,10.7652,efit01,0.0,6.0,24.0,1.0529,True
192764,184,ok,0.0004,1.0,209.9648,227.1875,10.7652,efit01,0.0,6.0,24.0,1.05,True
192767,160,ok,0.0003,1.0,209.9648,227.1875,10.7652,efit01,0.0,6.0,24.0,1.0574,True
192768,153,ok,0.0003,1.0,209.9648,227.1875,10.7652,efit01,0.0,6.0,22.0,1.056,True
192942,1909,ok,0.0002,1.0,219.4118,229.964,11.1022,efit01,0.0,6.0,27.0,1.1234,True
193090,1854,ok,0.0005,0.0,198.7567,206.2041,11.7984,efit01,0.0,0.0,0.0,0.4735,False
193093,1882,ok,0.0005,0.0,198.7567,206.2041,11.7984,efit01,0.0,0.0,0.0,0.4698,False
193097,1808,ok,0.0005,0.0,198.7567,206.2041,11.7984,efit01,0.0,0.0,0.0,0.4729,False
195262,2033,ok,0.0004,0.0,221.4917,228.1438,11.2008,efit01,0.0,6.0,27.0,1.0541,True
195264,1855,ok,0.0003,0.0,221.4917,228.1438,11.2008,efit01,0.0,6.0,25.0,1.0579,True
195268,650,ok,0.0003,0.0,221.4917,228.1438,11.2008,efit01,0.0,6.0,26.0,1.0472,True
195510,1194,ok,0.0003,0.0,222.5332,229.1812,11.2505,efit01,0.0,6.0,36.0,1.052,True
195511,1300,ok,0.0002,0.0,222.5332,229.1812,11.2505,efit01,0.0,6.0,35.0,1.0615,True
195526,1599,ok,0.0001,0.0,224.6196,231.249,11.3508,efit01,0.0,6.0,18.0,1.1176,True
195528,1353,ok,0.0003,1.0,212.4778,230.2163,11.3005,efit01,1.0,6.0,27.0,1.0973,True
195550,1405,ok,0.0004,0.0,222.5332,229.1812,11.2505,efit01,0.0,6.0,35.0,1.0511,True
195626,1835,ok,0.0004,0.0,221.4917,228.1438,11.2008,efit01,0.0,6.0,27.0,1.072,True
195631,1678,ok,0.0003,0.0,223.5759,230.2163,11.3005,efit01,0.0,6.0,18.0,1.1685,True
195633,1673,ok,0.0003,0.0,223.5759,230.2163,11.3005,efit01,0.0,6.0,18.0,1.1729,True
195642,1742,ok,0.0003,0.0,223.5759,230.2163,11.3005,efit01,0.0,6.0,22.0,1.1513,True
195649,1708,ok,0.0004,0.0,214.2313,220.817,10.8602,efit01,0.0,0.0,0.0,0.7954,False
195821,879,ok,0.0003,0.0,221.4917,228.1438,11.2008,efit01,0.0,6.0,30.0,1.0494,True
195823,967,ok,0.0003,0.0,221.4917,228.1438,11.2008,efit01,0.0,6.0,30.0,1.046,True
195824,28,ok,0.0003,0.0,220.999,229.1688,12.4068,efit01,0.0,6.0,24.0,1.1054,True
195825,429,ok,0.0003,0.0,220.999,229.1688,12.4068,efit01,0.0,6.0,25.0,1.0851,True
195835,538,ok,0.0003,0.0,221.4917,228.1438,11.2008,efit01,0.0,6.0,30.0,1.0431,True
195863,293,ok,0.0002,0.0,221.4917,228.1438,11.2008,efit01,0.0,6.0,30.0,1.0417,True
195865,1627,ok,0.0003,0.0,221.4917,228.1438,11.2008,efit01,0.0,6.0,30.0,1.0466,True
195948,226,ok,0.0006,0.0,220.4512,227.1041,11.1514,efit01,0.0,6.0,30.0,1.038,True
196037,264,ok,0.0005,0.0,222.5332,229.1812,11.2505,efit01,0.0,6.0,24.0,1.0939,True
196418,185,ok,0.0003,0.0,221.4917,228.1438,11.2008,efit01,0.0,6.0,39.0,1.0264,True
196419,1669,ok,0.0004,0.0,220.4512,227.1041,11.1514,efit01,0.0,6.0,36.0,1.0166,True
196493,487,ok,0.0006,0.0,220.4512,227.1041,11.1514,efit01,0.0,6.0,36.0,1.008,True
