reference_id,shot,time_ms,truth,primary_state,cohort_split,bin_start_ms,consensus,afrac,prad,prad_absolute,tangtv
eldon2021_180257_attached,180257,2400.0,attached,unassessed,external_development,2400.0,abstain,abstain,abstain,abstain,abstain
eldon2021_180257_detached,180257,4800.0,detached,unassessed,external_development,4800.0,abstain,abstain,abstain,attached,abstain
chen2026_199166_marfe,199166,3705.0,marfe,uncertain,external_development,3700.0,abstain,abstain,detached,detached,abstain
chen2026_201081_attached_2300,201081,2300.0,attached,attached,external_development,2300.0,attached,attached,abstain,attached,attached
chen2026_201081_attached_2500,201081,2500.0,attached,uncertain,external_development,2500.0,abstain,attached,detached,abstain,abstain
chen2026_201081_detached_3000,201081,3000.0,detached,detached,external_development,3000.0,detached,detached,detached,detached,detached
chen2026_201081_detached_3500,201081,3500.0,detached,detached,external_development,3500.0,detached,detached,detached,detached,detached
chen2026_201081_detached_4000,201081,4000.0,detached,detached,external_development,4000.0,detached,detached,detached,detached,detached
chen2026_201081_attached_4900,201081,4900.0,attached,attached,external_development,4900.0,attached,attached,abstain,attached,attached
chen2026_201081_attached_5100,201081,5100.0,attached,attached,external_development,5100.0,attached,attached,abstain,attached,attached
