shot,tier,holdout,reviewers,verified_on,notes
186636,unverified,false,,,
192003,unverified,false,,,
189061,unverified,false,,,
194600,unverified,false,,,
193276,unverified,false,,,
199921,unverified,false,,,
192226,unverified,false,,,
196541,unverified,false,,,
189324,unverified,false,,,
190637,unverified,false,,,
187196,unverified,false,,,
201973,unverified,false,,,
195786,unverified,false,,,
194445,unverified,false,,,
189559,unverified,false,,,
186093,unverified,false,,,
195066,unverified,false,,,
200198,unverified,false,,,
185857,unverified,false,,,
198806,unverified,false,,,
195646,unverified,false,,,
190991,unverified,false,,,
190335,unverified,false,,,
196332,unverified,false,,,
201270,unverified,false,,,
192732,unverified,false,,,
200385,unverified,false,,,
190300,unverified,false,,,
189044,unverified,false,,,
186013,unverified,false,,,
193075,unverified,false,,,
186427,unverified,false,,,
192232,unverified,false,,,
187105,unverified,false,,,
192914,unverified,false,,,
199909,unverified,false,,,
200427,unverified,false,,,
204530,unverified,false,,,
203041,unverified,false,,,
192425,unverified,false,,,
201447,unverified,false,,,
200954,unverified,false,,,
200320,unverified,false,,,
199087,unverified,false,,,
203778,unverified,false,,,
186945,unverified,false,,,
185866,unverified,false,,,
198899,unverified,false,,,
204233,unverified,false,,,
191382,unverified,false,,,
200990,unverified,false,,,
189688,unverified,false,,,
190218,unverified,false,,,
185961,unverified,false,,,
201395,unverified,false,,,
192148,unverified,false,,,
186569,unverified,false,,,
187076,unverified,false,,,
203959,unverified,false,,,
195016,unverified,false,,,
192015,unverified,false,,,
192721,unverified,false,,,
190695,unverified,false,,,
195024,unverified,false,,,
187328,unverified,false,,,
199790,unverified,false,,,
201707,unverified,false,,,
204240,unverified,false,,,
194160,unverified,false,,,
185945,unverified,false,,,
203012,unverified,false,,,
192010,unverified,false,,,
191470,unverified,false,,,
193022,unverified,false,,,
203629,unverified,false,,,
192751,unverified,false,,,
189004,unverified,false,,,
194608,unverified,false,,,
201494,unverified,false,,,
200917,unverified,false,,,
200127,unverified,false,,,
204256,unverified,false,,,
191326,unverified,false,,,
200636,unverified,false,,,
189272,unverified,false,,,
203719,unverified,false,,,
201978,unverified,false,,,
204937,unverified,false,,,
198971,unverified,false,,,
193008,unverified,false,,,
195102,unverified,false,,,
203941,unverified,false,,,
195263,unverified,false,,,
204243,unverified,false,,,
195111,unverified,false,,,
190094,unverified,false,,,
190790,unverified,false,,,
194155,unverified,false,,,
190643,unverified,false,,,
189885,unverified,false,,,
199789,unverified,false,,,
195186,unverified,false,,,
204560,unverified,false,,,
202102,unverified,false,,,
190177,unverified,false,,,
192432,unverified,false,,,
191320,unverified,false,,,
191677,unverified,false,,,
195959,unverified,false,,,
200882,unverified,false,,,
196405,unverified,false,,,
204141,unverified,false,,,
203576,unverified,false,,,
195279,unverified,false,,,
196099,unverified,false,,,
190056,unverified,false,,,
196096,unverified,false,,,
192433,unverified,false,,,
203470,unverified,false,,,
203132,unverified,false,,,
185805,unverified,false,,,
192231,unverified,false,,,
186640,unverified,false,,,
191672,unverified,false,,,
192090,unverified,false,,,
200013,unverified,false,,,
196093,unverified,false,,,
199216,unverified,false,,,
191782,unverified,false,,,
194843,unverified,false,,,
196491,unverified,false,,,
204237,unverified,false,,,
190018,unverified,false,,,
203033,unverified,false,,,
201490,unverified,false,,,
189284,unverified,false,,,
201948,unverified,false,,,
191313,unverified,false,,,
201099,unverified,false,,,
186561,unverified,false,,,
189872,unverified,false,,,
191384,unverified,false,,,
201227,unverified,false,,,
204238,unverified,false,,,
204244,unverified,false,,,
204225,unverified,false,,,
193281,unverified,false,,,
189369,unverified,false,,,
189541,unverified,false,,,
203138,unverified,false,,,
202000,unverified,false,,,
194959,unverified,false,,,
201880,unverified,false,,,
189051,unverified,false,,,
189873,unverified,false,,,
185996,unverified,false,,,
191506,unverified,false,,,
203827,unverified,false,,,
194199,unverified,false,,,
200007,unverified,false,,,
192276,unverified,false,,,
186532,unverified,false,,,
195649,unverified,false,,,
196494,unverified,false,,,
189547,unverified,false,,,
186610,unverified,false,,,
200712,unverified,false,,,
193266,unverified,false,,,
190632,unverified,false,,,
195107,unverified,false,,,
189570,unverified,false,,,
194347,unverified,false,,,
189138,unverified,false,,,
192431,unverified,false,,,
200610,unverified,false,,,
202186,unverified,false,,,
194408,unverified,false,,,
194598,unverified,false,,,
187035,unverified,false,,,
190586,unverified,false,,,
192149,unverified,false,,,
192755,unverified,false,,,
202197,unverified,false,,,
192229,unverified,false,,,
193087,unverified,false,,,
193353,unverified,false,,,
196154,unverified,false,,,
195282,unverified,false,,,
194605,unverified,false,,,
204531,unverified,false,,,
203293,unverified,false,,,
186287,unverified,false,,,
203413,unverified,false,,,
204261,unverified,false,,,
189046,unverified,false,,,
200596,unverified,false,,,
199560,unverified,false,,,
192735,unverified,false,,,
192159,unverified,false,,,
199908,unverified,false,,,
194099,unverified,false,,,
202101,unverified,false,,,
190046,unverified,false,,,
203512,unverified,false,,,
194071,unverified,false,,,
189500,unverified,false,,,
190788,unverified,false,,,
191489,unverified,false,,,
189325,unverified,false,,,
194597,unverified,false,,,
200563,unverified,false,,,
194403,unverified,false,,,
202100,unverified,false,,,
187154,unverified,false,,,
195103,unverified,false,,,
189741,unverified,false,,,
195736,unverified,false,,,
192223,unverified,false,,,
203784,unverified,false,,,
194213,unverified,false,,,
195159,unverified,false,,,
204689,unverified,false,,,
195187,unverified,false,,,
196350,unverified,false,,,
199912,unverified,false,,,
187327,unverified,false,,,
193024,unverified,false,,,
203785,unverified,false,,,
189008,unverified,false,,,
190156,unverified,false,,,
193162,unverified,false,,,
189998,unverified,false,,,
187301,unverified,false,,,
191316,unverified,false,,,
189540,unverified,false,,,
187144,unverified,false,,,
186496,unverified,false,,,
203876,unverified,false,,,
192152,unverified,false,,,
187066,unverified,false,,,
195952,unverified,false,,,
204144,unverified,false,,,
187116,unverified,false,,,
193148,unverified,false,,,
189513,unverified,false,,,
186747,unverified,false,,,
203507,unverified,false,,,
193273,unverified,false,,,
200083,unverified,false,,,
203643,unverified,false,,,
195280,unverified,false,,,
191009,unverified,false,,,
196146,unverified,false,,,
203745,unverified,false,,,
200672,unverified,false,,,
203462,unverified,false,,,
192233,unverified,false,,,
202041,unverified,false,,,
200704,unverified,false,,,
192761,unverified,false,,,
190776,unverified,false,,,
190379,unverified,false,,,
192404,unverified,false,,,
195101,unverified,false,,,
193119,unverified,false,,,
190212,unverified,false,,,
202181,unverified,false,,,
199281,unverified,false,,,
203667,unverified,false,,,
189085,unverified,false,,,
194238,unverified,false,,,
196627,unverified,false,,,
200847,unverified,false,,,
194154,unverified,false,,,
190736,unverified,false,,,
190992,unverified,false,,,
195637,unverified,false,,,
202206,unverified,false,,,
191228,unverified,false,,,
202028,unverified,false,,,
193267,unverified,false,,,
186901,unverified,false,,,
187019,unverified,false,,,
194410,unverified,false,,,
186981,unverified,false,,,
190957,unverified,false,,,
185838,unverified,false,,,
202103,unverified,false,,,
195956,unverified,false,,,
192275,unverified,false,,,
203530,unverified,false,,,
202110,unverified,false,,,
199910,unverified,false,,,
189365,unverified,false,,,
200014,unverified,false,,,
199071,unverified,false,,,
196324,unverified,false,,,
190273,unverified,false,,,
200009,unverified,false,,,
192766,unverified,false,,,
195642,unverified,false,,,
200958,unverified,false,,,
200129,unverified,false,,,
190010,unverified,false,,,
189990,unverified,false,,,
195035,unverified,false,,,
195989,unverified,false,,,
201264,unverified,false,,,
194219,unverified,false,,,
196020,unverified,false,,,
194603,unverified,false,,,
199183,unverified,false,,,
194602,unverified,false,,,
191596,unverified,false,,,
203746,unverified,false,,,
192996,unverified,false,,,
194026,unverified,false,,,
195896,unverified,false,,,
203764,unverified,false,,,
195626,unverified,false,,,
191376,unverified,false,,,
191448,unverified,false,,,
190271,unverified,false,,,
203498,unverified,false,,,
202150,unverified,false,,,
200435,unverified,false,,,
190799,unverified,false,,,
194412,unverified,false,,,
203294,unverified,false,,,
195528,unverified,false,,,
200199,unverified,false,,,
192230,unverified,false,,,
195169,unverified,false,,,
200738,unverified,false,,,
200875,unverified,false,,,
193016,unverified,false,,,
189501,unverified,false,,,
199054,unverified,false,,,
195281,unverified,false,,,
202162,unverified,false,,,
193164,unverified,false,,,
203661,unverified,false,,,
190182,unverified,false,,,
200551,unverified,false,,,
204242,unverified,false,,,
189684,unverified,false,,,
204093,unverified,false,,,
185835,unverified,false,,,
195040,unverified,false,,,
200149,unverified,false,,,
193107,unverified,false,,,
196451,unverified,false,,,
189538,unverified,false,,,
193793,unverified,false,,,
192741,unverified,false,,,
192228,unverified,false,,,
200986,unverified,false,,,
189514,unverified,false,,,
193108,unverified,false,,,
199217,unverified,false,,,
199712,unverified,false,,,
189580,unverified,false,,,
191670,unverified,false,,,
192279,unverified,false,,,
192387,unverified,false,,,
185978,unverified,false,,,
194115,unverified,false,,,
195836,unverified,false,,,
187025,unverified,false,,,
195645,unverified,false,,,
194232,unverified,false,,,
187100,unverified,false,,,
203187,unverified,false,,,
203521,unverified,false,,,
198672,unverified,false,,,
201713,unverified,false,,,
201822,unverified,false,,,
199911,unverified,false,,,
192309,unverified,false,,,
191968,unverified,false,,,
195062,unverified,false,,,
189370,unverified,false,,,
203626,unverified,false,,,
204652,unverified,false,,,
201831,unverified,false,,,
200219,unverified,false,,,
192045,unverified,false,,,
195910,unverified,false,,,
191183,unverified,false,,,
195871,unverified,false,,,
189886,unverified,false,,,
192222,unverified,false,,,
194837,unverified,false,,,
199073,unverified,false,,,
199907,unverified,false,,,
193282,unverified,false,,,
185953,unverified,false,,,
193802,unverified,false,,,
203349,unverified,false,,,
203174,unverified,false,,,
192277,unverified,false,,,
186226,unverified,false,,,
190299,unverified,false,,,
189879,unverified,false,,,
190298,unverified,false,,,
196505,unverified,false,,,
190450,unverified,false,,,
196101,unverified,false,,,
204687,unverified,false,,,
196632,unverified,false,,,
192221,unverified,false,,,
190526,unverified,false,,,
196375,unverified,false,,,
189578,unverified,false,,,
193280,unverified,false,,,
189311,unverified,false,,,
200012,unverified,false,,,
194401,unverified,false,,,
193832,unverified,false,,,
190129,unverified,false,,,
201180,unverified,false,,,
203397,unverified,false,,,
196577,unverified,false,,,
201991,unverified,false,,,
190787,unverified,false,,,
191521,unverified,false,,,
186530,unverified,false,,,
202098,unverified,false,,,
199563,unverified,false,,,
194025,unverified,false,,,
191519,unverified,false,,,
190738,unverified,false,,,
185943,unverified,false,,,
202205,unverified,false,,,
204324,unverified,false,,,
192424,unverified,false,,,
189732,unverified,false,,,
191499,unverified,false,,,
200889,unverified,false,,,
190602,unverified,false,,,
203563,unverified,false,,,
190102,unverified,false,,,
190627,unverified,false,,,
195064,unverified,false,,,
187072,unverified,false,,,
203136,unverified,false,,,
195034,unverified,false,,,
204840,unverified,false,,,
186025,unverified,false,,,
203401,unverified,false,,,
