window_id,shot,window
window_001,200427,1988.200:2319.900 ms
window_002,190300,1354.900:1699.300 ms
window_003,203041,1415.000:2015.000 ms
window_004,187328,1406.100:2006.100 ms
window_005,192226,1370.600:1970.600 ms
window_006,201973,1381.800:1981.800 ms
window_007,201270,755.800:1355.800 ms
window_008,192003,3264.700:3864.700 ms
window_009,192003,4464.700:4761.900 ms
window_010,196541,5090.700:5690.700 ms
window_011,203778,4450.100:5050.100 ms
window_012,185857,1385.300:1985.300 ms
window_013,192732,162.200:762.200 ms
window_014,186013,726.500:1326.500 ms
window_015,192732,1362.200:1962.200 ms
window_016,201447,1262.100:1862.100 ms
window_017,200427,1388.200:1988.200 ms
window_018,198806,2557.400:3157.400 ms
window_019,192425,4473.800:5073.800 ms
window_020,204530,2582.900:3182.900 ms
window_021,186013,5526.500:5912.400 ms
window_022,190335,171.000:771.000 ms
window_023,199909,177.200:777.200 ms
window_024,186093,181.600:781.600 ms
window_025,189061,1244.500:1844.500 ms
window_026,186945,1355.800:1955.800 ms
window_027,186013,1926.500:2526.500 ms
window_028,189559,1380.800:1980.800 ms
window_029,200198,4226.400:4826.400 ms
window_030,196332,768.700:1368.700 ms
window_031,194445,3630.500:4230.500 ms
window_032,186013,126.500:726.500 ms
window_033,193276,2201.700:2735.000 ms
window_034,204530,3782.900:4382.900 ms
window_035,186945,1955.800:2175.200 ms
window_036,190991,1397.000:1997.000 ms
window_037,185866,5121.300:5568.300 ms
window_038,199087,1372.700:1972.700 ms
window_039,195066,212.800:812.800 ms
window_040,192425,5073.800:5673.800 ms
window_041,190991,1997.000:2597.000 ms
window_042,204530,3182.900:3782.900 ms
window_043,185857,3785.300:4385.300 ms
window_044,199921,3151.600:3559.600 ms
window_045,187196,1351.500:1951.500 ms
window_046,200320,3238.300:3838.300 ms
window_047,192914,3242.200:3612.900 ms
window_048,193075,4398.900:4998.900 ms
window_049,204530,4841.000:5270.500 ms
window_050,190300,754.900:1354.900 ms
window_051,198806,3757.400:4111.800 ms
window_052,189061,2444.500:3044.500 ms
window_053,189061,4244.500:4844.500 ms
window_054,201395,5642.000:5841.100 ms
window_055,192732,762.200:1362.200 ms
window_056,192425,273.800:873.800 ms
window_057,200954,5428.000:5928.900 ms
window_058,192732,4362.200:4962.200 ms
window_059,192425,2073.800:2673.800 ms
window_060,192732,2562.200:3162.200 ms
window_061,196541,890.700:1490.700 ms
window_062,195066,3212.800:3812.800 ms
window_063,193276,741.700:1341.700 ms
window_064,195646,14.200:614.200 ms
window_065,196332,1368.700:1968.700 ms
window_066,195646,614.200:1214.200 ms
window_067,200954,3628.000:4228.000 ms
window_068,200385,808.300:1408.300 ms
window_069,185857,185.300:785.300 ms
window_070,201973,181.800:781.800 ms
window_071,193075,798.900:1398.900 ms
window_072,196332,168.700:768.700 ms
window_073,200385,2608.300:2944.400 ms
window_074,185857,3185.300:3785.300 ms
window_075,195066,3812.800:4412.800 ms
window_076,201270,1355.800:1741.400 ms
window_077,195066,812.800:1412.800 ms
window_078,187196,751.500:1351.500 ms
window_079,185857,1985.300:2585.300 ms
window_080,187196,1951.500:2414.400 ms
window_081,198806,757.400:1357.400 ms
window_082,186093,5588.800:6075.700 ms
window_083,185857,4762.000:5362.000 ms
window_084,200954,4228.000:4828.000 ms
window_085,201395,4442.000:5042.000 ms
window_086,192425,3273.800:3873.800 ms
window_087,192425,873.800:1473.800 ms
window_088,187105,1399.300:1999.300 ms
window_089,193276,1341.700:1652.800 ms
window_090,192226,5570.600:6138.100 ms
window_091,201395,1924.600:2524.600 ms
window_092,201447,62.100:662.100 ms
window_093,204530,782.900:1382.900 ms
window_094,190991,4997.000:5597.000 ms
window_095,194445,3030.500:3630.500 ms
window_096,199921,151.600:751.600 ms
window_097,200427,188.200:788.200 ms
window_098,189044,1239.100:1502.500 ms
window_099,192226,4370.600:4970.600 ms
window_100,194445,1230.500:1830.500 ms
window_101,199087,772.700:1372.700 ms
window_102,200198,1226.400:1826.400 ms
window_103,201447,662.100:1262.100 ms
window_104,192232,1352.600:1952.600 ms
window_105,200320,238.300:838.300 ms
window_106,194445,5430.500:6030.500 ms
window_107,193075,3798.900:4398.900 ms
window_108,200320,5038.300:5638.300 ms
window_109,198806,1357.400:1957.400 ms
window_110,201973,781.800:1381.800 ms
window_111,204530,182.900:782.900 ms
window_112,200385,1408.300:2008.300 ms
window_113,201395,5042.000:5642.000 ms
window_114,199087,172.700:772.700 ms
window_115,186945,5951.000:6138.100 ms
window_116,192425,1473.800:2073.800 ms
window_117,186013,3726.500:4326.500 ms
window_118,195646,5093.700:5693.700 ms
window_119,186093,2916.900:3097.400 ms
window_120,192232,3752.600:4352.600 ms
window_121,185866,826.300:1426.300 ms
window_122,200320,838.300:1438.300 ms
window_123,196541,4490.700:5090.700 ms
window_124,199909,777.200:1377.200 ms
window_125,193075,1398.900:1998.900 ms
window_126,199909,3777.200:4377.200 ms
window_127,190335,771.000:1371.000 ms
window_128,192914,2042.200:2642.200 ms
window_129,187328,806.100:1406.100 ms
window_130,190991,197.000:797.000 ms
window_131,186093,781.600:1381.600 ms
window_132,200427,788.200:1388.200 ms
window_133,187105,4399.300:4999.300 ms
window_134,192914,4852.700:5452.700 ms
window_135,200954,4828.000:5428.000 ms
window_136,192232,152.600:752.600 ms
window_137,192732,4962.200:5174.900 ms
window_138,194445,1830.500:2430.500 ms
window_139,201447,1862.100:2462.100 ms
window_140,187076,4408.600:4813.100 ms
window_141,195646,5693.700:6104.100 ms
window_142,185866,2626.300:2778.500 ms
window_143,192003,1949.400:2467.900 ms
window_144,189559,4380.800:4980.800 ms
window_145,186013,4926.500:5526.500 ms
window_146,185857,785.300:1385.300 ms
window_147,189061,5444.500:6044.500 ms
window_148,189061,644.500:1244.500 ms
window_149,190300,154.900:754.900 ms
window_150,199087,5571.000:6010.400 ms
window_151,195066,5012.800:5612.800 ms
window_152,187105,2599.300:3199.300 ms
window_153,201395,124.600:724.600 ms
window_154,187105,199.300:799.300 ms
window_155,192914,842.200:1442.200 ms
window_156,185857,5362.000:5576.900 ms
window_157,186945,155.800:755.800 ms
window_158,187076,208.600:808.600 ms
window_159,192232,4352.600:4952.600 ms
window_160,201395,1324.600:1924.600 ms
window_161,201270,4050.600:4476.500 ms
window_162,196541,2090.700:2690.700 ms
window_163,186093,3788.800:4388.800 ms
window_164,189044,39.100:639.100 ms
window_165,196332,1968.700:2568.700 ms
window_166,201270,4536.100:5136.100 ms
window_167,185866,4521.300:5121.300 ms
window_168,201973,3037.500:3323.500 ms
window_169,196541,5690.700:6138.100 ms
window_170,203778,3250.100:3850.100 ms
window_171,203041,215.000:815.000 ms
window_172,190300,3112.800:3307.100 ms
window_173,193276,141.700:741.700 ms
window_174,189044,5430.300:6030.300 ms
window_175,195646,3893.700:4493.700 ms
window_176,189559,180.800:780.800 ms
window_177,196541,2690.700:3290.700 ms
window_178,187076,1408.600:2008.600 ms
window_179,189559,3180.800:3780.800 ms
window_180,192226,3770.600:4370.600 ms
window_181,190335,1371.000:1971.000 ms
window_182,201395,3842.000:4442.000 ms
window_183,199909,4977.200:5577.200 ms
window_184,190991,3197.000:3797.000 ms
window_185,189559,780.800:1380.800 ms
window_186,203778,3850.100:4450.100 ms
window_187,193075,4998.900:5584.400 ms
window_188,192003,3864.700:4464.700 ms
window_189,203041,2615.000:3215.000 ms
window_190,189559,3780.800:4380.800 ms
window_191,203041,5015.000:5383.700 ms
window_192,190335,2571.000:2955.700 ms
window_193,200198,626.400:1226.400 ms
window_194,187076,2608.600:3208.600 ms
window_195,187328,2006.100:2606.100 ms
window_196,201270,155.800:755.800 ms
window_197,200385,208.300:808.300 ms
window_198,192226,3170.600:3770.600 ms
window_199,199921,1351.600:1951.600 ms
window_200,200320,5638.300:5863.800 ms
