shot,role,campaign,matched_to,run,run_title,mpid,usable,reason,selected,flattop_start_ms,flattop_end_ms,betan_p95,betan_over_li_p95
156785,hanson,2014,,20140421,explore access to bn~5 using high qmin approach - day 1,2014-22-03,True,,True,443.99999999999994,4997.0,2.749368178844451,4.013931825882695
156786,hanson,2014,,20140421,explore access to bn~5 using high qmin approach - day 1,2014-22-03,True,,True,393.9999999999999,3085.0000000000005,2.9557887911796565,4.345231950939502
156787,hanson,2014,,20140421,explore access to bn~5 using high qmin approach - day 1,2014-22-03,True,,True,288.99999999999994,1644.0000000000002,2.6030967235565186,4.064714282401752
156788,same_day,2014,158018,20140421,explore access to bn~5 using high qmin approach - day 1,2014-22-03,True,,True,359.9999999999999,1923.0,3.055141639709473,4.3341161667692765
156789,same_day,2014,158021,20140421,explore access to bn~5 using high qmin approach - day 1,2014-22-03,True,,True,470.9999999999999,5019.0,3.2005419731140137,4.616615615191413
156790,hanson,2014,,20140421,explore access to bn~5 using high qmin approach - day 1,2014-22-03,True,,True,468.9999999999999,5009.0,3.2146469354629517,4.244980770881342
156791,hanson,2014,,20140421,explore access to bn~5 using high qmin approach - day 1,2014-22-03,True,,True,544.0,3792.9999999999995,3.0307932019233705,4.272803875113998
156792,hanson,2014,,20140421,explore access to bn~5 using high qmin approach - day 1,2014-22-03,True,,True,514.9999999999999,3252.0,3.109768271446228,4.692441744438593
156793,hanson,2014,,20140421,explore access to bn~5 using high qmin approach - day 1,2014-22-03,True,,True,381.0,3406.9999999999995,3.652888631820679,5.743917306582962
156794,hanson,2014,,20140421,explore access to bn~5 using high qmin approach - day 1,2014-22-03,True,,True,593.9999999999999,3956.0,3.7009615898132324,6.360979108183907
156795,hanson,2014,,20140421,explore access to bn~5 using high qmin approach - day 1,2014-22-03,True,,True,577.9999999999999,4689.999999999999,3.1576067447662353,5.026192369336807
156796,hanson,2014,,20140421,explore access to bn~5 using high qmin approach - day 1,2014-22-03,True,,True,1358.0,3380.0000000000005,3.1899712085723877,5.3393233989381566
156797,hanson,2014,,20140421,explore access to bn~5 using high qmin approach - day 1,2014-22-03,True,,True,1199.9999999999998,4904.0,2.909316897392273,3.9672971813118725
157968,same_experiment,2014,156786,20140619A,testing kinetic rwm stabilization theory at marginal stability,2014-22-07,True,,True,142.0000000000001,3162.0,2.4062061905860896,3.76064332971974
157969,same_experiment,2014,158013,20140619A,testing kinetic rwm stabilization theory at marginal stability,2014-22-07,True,,True,144.0000000000001,6528.000000000001,2.9365647792816163,4.6799684578857494
157970,same_experiment,2014,158012,20140619A,testing kinetic rwm stabilization theory at marginal stability,2014-22-07,True,,True,143.00000000000003,3427.0000000000005,3.0808377265930176,4.55704339311146
157971,same_experiment,2014,156796,20140619A,testing kinetic rwm stabilization theory at marginal stability,2014-22-07,True,,True,144.0000000000001,3528.0000000000005,2.897510051727295,4.543110679052365
157972,same_experiment,2014,156792,20140619A,testing kinetic rwm stabilization theory at marginal stability,2014-22-07,True,,True,142.0000000000001,3036.0000000000005,2.8157318830490112,4.170386187235894
157973,same_experiment,2014,158015,20140619A,testing kinetic rwm stabilization theory at marginal stability,2014-22-07,True,,True,142.0000000000001,7029.000000000001,3.163401675224304,4.817225874613403
157974,same_experiment,2014,156785,20140619A,testing kinetic rwm stabilization theory at marginal stability,2014-22-07,True,,True,141.0,3018.0,2.0671465754508973,2.8578054068043244
157975,same_experiment,2014,158021,20140619A,testing kinetic rwm stabilization theory at marginal stability,2014-22-07,True,,True,-211.99999999999997,6011.0,3.7316319942474365,4.592676749987056
157976,same_experiment,2014,156787,20140619A,testing kinetic rwm stabilization theory at marginal stability,2014-22-07,True,,True,139.0,6495.0,1.9534051418304443,2.5345144449247776
157977,same_experiment,2014,156795,20140619A,testing kinetic rwm stabilization theory at marginal stability,2014-22-07,True,,True,144.0000000000001,6896.0,2.932251453399658,4.411048977249006
157978,same_experiment,2014,156797,20140619A,testing kinetic rwm stabilization theory at marginal stability,2014-22-07,True,,True,142.0000000000001,3028.0000000000005,2.3629846572875977,3.371418381581224
157979,same_experiment,2014,158022,20140619A,testing kinetic rwm stabilization theory at marginal stability,2014-22-07,True,,True,141.0,6985.0,3.3486773014068603,5.108911058499319
157980,same_experiment,2014,158012,20140619A,testing kinetic rwm stabilization theory at marginal stability,2014-22-07,True,,True,142.0000000000001,6886.0,3.020553731918335,4.661725483756633
157981,same_experiment,2014,156793,20140619A,testing kinetic rwm stabilization theory at marginal stability,2014-22-07,True,,True,143.00000000000003,7024.999999999999,3.361250638961792,5.365786174128031
157982,same_experiment,2014,156796,20140619A,testing kinetic rwm stabilization theory at marginal stability,2014-22-07,True,,True,144.0000000000001,6882.000000000001,2.915047764778137,4.511068374854819
157994,same_experiment,2014,158015,20140620,testing kinetic rwm stabilization theory at marginal stability,2014-22-07,True,,True,145.00000000000003,6479.0,3.9076685905456543,4.824721216489887
157995,same_experiment,2014,156793,20140620,testing kinetic rwm stabilization theory at marginal stability,2014-22-07,True,,True,141.0,6502.0,3.4922489166259765,5.133788767936912
157996,same_experiment,2014,156791,20140620,testing kinetic rwm stabilization theory at marginal stability,2014-22-07,True,,True,142.0000000000001,3514.0000000000005,2.706648921966552,3.757009338762164
157997,same_experiment,2014,156796,20140620,testing kinetic rwm stabilization theory at marginal stability,2014-22-07,True,,True,143.00000000000003,3924.0000000000005,3.1237667918205267,4.428763826911242
157998,same_experiment,2014,,20140620,testing kinetic rwm stabilization theory at marginal stability,2014-22-07,False,no n1rms,False,,,,
157999,same_experiment,2014,158018,20140620,testing kinetic rwm stabilization theory at marginal stability,2014-22-07,True,,True,142.0000000000001,6500.0,2.996426057815551,4.344794171454115
158000,same_experiment,2014,156795,20140620,testing kinetic rwm stabilization theory at marginal stability,2014-22-07,True,,True,142.0000000000001,6509.0,3.0012770175933836,4.435379866890815
158001,same_experiment,2014,156792,20140620,testing kinetic rwm stabilization theory at marginal stability,2014-22-07,True,,True,142.0000000000001,6506.0,2.873237156867981,4.278415210165097
158002,same_experiment,2014,156790,20140620,testing kinetic rwm stabilization theory at marginal stability,2014-22-07,True,,True,143.00000000000003,5685.000000000001,3.090701150894165,4.268549343347023
158003,same_experiment,2014,158015,20140620,testing kinetic rwm stabilization theory at marginal stability,2014-22-07,True,,True,142.0000000000001,6507.000000000001,3.219554579257965,4.689893291928999
158004,same_experiment,2014,158013,20140620,testing kinetic rwm stabilization theory at marginal stability,2014-22-07,True,,True,143.00000000000003,6507.000000000001,3.094580578804016,4.50999669621786
158005,same_experiment,2014,158019,20140620,testing kinetic rwm stabilization theory at marginal stability,2014-22-07,True,,True,866.0000000000001,5513.0,3.200127363204956,5.117203121866597
158006,same_experiment,2014,158013,20140620,testing kinetic rwm stabilization theory at marginal stability,2014-22-07,True,,True,878.0000000000001,5514.0,2.9581127405166625,4.585196135986503
158007,same_experiment,2014,158019,20140620,testing kinetic rwm stabilization theory at marginal stability,2014-22-07,True,,True,800.0,4085.0,3.3538651585578916,4.8746247876796165
158008,same_experiment,2014,156795,20140620,testing kinetic rwm stabilization theory at marginal stability,2014-22-07,True,,True,465.99999999999994,3782.0,2.8905471920967103,4.497489933511068
158009,same_experiment,2014,158021,20140620,testing kinetic rwm stabilization theory at marginal stability,2014-22-07,True,,True,934.0000000000001,3367.0,3.172356605529785,4.669962210985064
158010,same_experiment,2014,156790,20140620,testing kinetic rwm stabilization theory at marginal stability,2014-22-07,True,,True,957.0000000000003,5877.0,3.2634995460510248,4.284365700198134
158011,same_day,2014,158012,20140620A,explore access to bn~5 using high qmin approach - day 2,2014-22-11,True,,True,581.0,5020.0,2.8911144733428955,4.773855275123714
158012,hanson,2014,,20140620A,explore access to bn~5 using high qmin approach - day 2,2014-22-11,True,,True,575.9999999999999,5346.999999999999,3.404773712158203,5.432729940873509
158013,hanson,2014,,20140620A,explore access to bn~5 using high qmin approach - day 2,2014-22-11,True,,True,561.9999999999999,3501.0,3.377485930919647,5.842126241987457
158014,hanson,2014,,20140620A,explore access to bn~5 using high qmin approach - day 2,2014-22-11,True,,True,637.9999999999999,3507.0,2.9987736344337463,5.013216793192137
158015,hanson,2014,,20140620A,explore access to bn~5 using high qmin approach - day 2,2014-22-11,True,,True,587.0,4185.000000000001,3.5313188314437864,5.618577810110188
158016,same_day,2014,156794,20140620A,explore access to bn~5 using high qmin approach - day 2,2014-22-11,True,,True,338.99999999999994,4997.999999999999,3.673694705963135,5.8926283660794345
158017,same_day,2014,156794,20140620A,explore access to bn~5 using high qmin approach - day 2,2014-22-11,True,,True,341.9999999999999,4955.999999999999,3.7102927684783933,5.976097524871008
158018,hanson,2014,,20140620A,explore access to bn~5 using high qmin approach - day 2,2014-22-11,True,,True,335.99999999999983,5644.0,3.118743908405304,5.224631820466147
158019,hanson,2014,,20140620A,explore access to bn~5 using high qmin approach - day 2,2014-22-11,True,,True,329.99999999999983,5917.999999999999,3.5825998783111577,5.707458977872471
158020,same_day,2014,156794,20140620A,explore access to bn~5 using high qmin approach - day 2,2014-22-11,True,,True,359.0,5570.0,3.695653021335602,6.078982165130572
158021,hanson,2014,,20140620A,explore access to bn~5 using high qmin approach - day 2,2014-22-11,True,,True,336.99999999999994,5930.999999999999,3.466261577606201,5.00590663474594
158022,hanson,2014,,20140620A,explore access to bn~5 using high qmin approach - day 2,2014-22-11,True,,True,359.9999999999999,3906.9999999999995,3.60862398147583,5.867101243850824
158023,hanson,2014,,20140620A,explore access to bn~5 using high qmin approach - day 2,2014-22-11,True,,True,351.9999999999999,5183.999999999999,3.537260413169861,5.71317355384189
158928,same_experiment,2014,158018,20140805A,explore access to bn~5 using high qmin approach - day 2,2014-22-11,True,,True,345.0,3783.0,2.885485291481018,4.438092873169756
158929,same_experiment,2014,156796,20140805A,explore access to bn~5 using high qmin approach - day 2,2014-22-11,True,,True,341.9999999999999,5917.999999999999,3.1095097064971924,4.428067052133986
158930,same_experiment,2014,158022,20140805A,explore access to bn~5 using high qmin approach - day 2,2014-22-11,True,,True,355.9999999999999,4143.000000000001,3.1155938386917112,5.344455503693646
158931,same_experiment,2014,158023,20140805A,explore access to bn~5 using high qmin approach - day 2,2014-22-11,True,,True,357.0,4022.9999999999995,3.0906112670898436,4.975302720875114
158932,same_experiment,2014,156795,20140805A,explore access to bn~5 using high qmin approach - day 2,2014-22-11,True,,True,230.9999999999999,4573.0,2.9896142482757564,4.451834575251655
158933,same_experiment,2014,156790,20140805A,explore access to bn~5 using high qmin approach - day 2,2014-22-11,True,,True,205.99999999999997,5945.0,3.1330401659011837,4.2660633226819575
158934,same_experiment,2014,158021,20140805A,explore access to bn~5 using high qmin approach - day 2,2014-22-11,True,,True,203.99999999999997,5932.0,3.3246672630310057,4.445679977580482
158935,same_experiment,2014,156792,20140805A,explore access to bn~5 using high qmin approach - day 2,2014-22-11,True,,True,204.99999999999986,4365.0,2.790749239921569,4.2218774775023045
158936,same_experiment,2014,158013,20140805A,explore access to bn~5 using high qmin approach - day 2,2014-22-11,True,,True,206.99999999999986,5923.0,3.821146535873411,4.579986872416746
158937,same_experiment,2014,158018,20140805A,explore access to bn~5 using high qmin approach - day 2,2014-22-11,True,,True,209.99999999999997,4129.0,2.764719247817993,4.491960808766743
158938,same_experiment,2014,158012,20140805A,explore access to bn~5 using high qmin approach - day 2,2014-22-11,True,,True,270.0,4612.0,3.0408524155616754,4.80141178624444
158939,same_experiment,2014,156792,20140805A,explore access to bn~5 using high qmin approach - day 2,2014-22-11,True,,True,270.9999999999999,5932.0,2.7996694445610046,4.143457751799445
158940,same_experiment,2014,156793,20140805A,explore access to bn~5 using high qmin approach - day 2,2014-22-11,True,,True,219.99999999999997,5997.999999999999,3.431989049911499,5.17877317086291
158941,same_experiment,2014,156791,20140805A,explore access to bn~5 using high qmin approach - day 2,2014-22-11,True,,True,244.0,4029.9999999999995,2.6626124858856186,4.401125931215782
158942,same_experiment,2014,156790,20140805A,explore access to bn~5 using high qmin approach - day 2,2014-22-11,True,,True,270.9999999999999,5949.999999999999,3.177466094493866,4.299593997280858
158967,same_experiment,2014,,20140806A,explore access to beta_n~5 using high-li approach,2014-22-04,True,,False,141.0,5243.0,4.5402851581573485,5.427147000347429
158968,same_experiment,2014,156787,20140806A,explore access to beta_n~5 using high-li approach,2014-22-04,True,,True,140.0000000000001,6119.0,3.9028667926788327,4.358891683845606
158969,same_experiment,2014,,20140806A,explore access to beta_n~5 using high-li approach,2014-22-04,True,,False,140.0000000000001,5372.999999999999,4.094113683700561,3.846727220123943
158970,same_experiment,2014,156785,20140806A,explore access to beta_n~5 using high-li approach,2014-22-04,True,,True,143.00000000000003,5247.0,3.7340339183807374,3.223482638550705
158971,same_experiment,2014,156785,20140806A,explore access to beta_n~5 using high-li approach,2014-22-04,True,,True,142.0000000000001,5556.000000000001,3.8020245075225825,3.588840307119327
158972,same_experiment,2014,158022,20140806A,explore access to beta_n~5 using high-li approach,2014-22-04,True,,True,141.0,5247.999999999999,4.154391098022461,5.418114565372402
158973,same_experiment,2014,,20140806A,explore access to beta_n~5 using high-li approach,2014-22-04,True,,False,142.0000000000001,5245.000000000001,4.347484064102173,5.541266462055348
158974,same_experiment,2014,158014,20140806A,explore access to beta_n~5 using high-li approach,2014-22-04,True,,True,140.0000000000001,5701.000000000001,3.652892327308655,4.071458793727985
158975,same_experiment,2014,,20140806A,explore access to beta_n~5 using high-li approach,2014-22-04,True,,False,140.0000000000001,5927.0,4.209184646606445,4.5251383314953655
158976,same_experiment,2014,,20140806A,explore access to beta_n~5 using high-li approach,2014-22-04,True,,False,139.0,5765.000000000001,4.7496238231658925,5.266285797361647
158977,same_experiment,2014,156785,20140806A,explore access to beta_n~5 using high-li approach,2014-22-04,True,,True,137.0,5371.0,3.69282865524292,3.1280367836431395
158978,same_experiment,2014,,20140806A,explore access to beta_n~5 using high-li approach,2014-22-04,True,,False,140.0000000000001,5584.0,4.0136007308959964,4.596248342961475
158979,same_experiment,2014,,20140806A,explore access to beta_n~5 using high-li approach,2014-22-04,True,,False,140.0000000000001,5250.0,4.534009623527527,5.999822906542295
158980,same_experiment,2014,,20140806A,explore access to beta_n~5 using high-li approach,2014-22-04,True,,False,140.0000000000001,5250.0,4.364288973808288,6.067350663918384
158981,same_experiment,2014,158023,20140806A,explore access to beta_n~5 using high-li approach,2014-22-04,True,,True,141.0,5252.000000000001,3.9426342487335204,4.978449985413256
158986,same_experiment,2014,,20140807,explore access to beta_n~5 using high-li approach,2014-22-04,True,,False,154.00000000000014,5250.999999999999,2.1106410264968867,1.4826604780754669
158987,same_experiment,2014,156791,20140807,explore access to beta_n~5 using high-li approach,2014-22-04,True,,True,150.00000000000014,5247.0,3.329130113124846,3.558963355738678
158988,same_experiment,2014,,20140807,explore access to beta_n~5 using high-li approach,2014-22-04,True,,False,161.00000000000003,5250.999999999999,4.166904544830322,4.827822292064076
158989,same_experiment,2014,158014,20140807,explore access to beta_n~5 using high-li approach,2014-22-04,True,,True,163.99999999999991,5257.0,3.7622394323348987,4.209764901963562
158990,same_experiment,2014,156797,20140807,explore access to beta_n~5 using high-li approach,2014-22-04,True,,True,163.00000000000003,5255.000000000001,3.0235053539276118,2.941733139963494
158991,same_experiment,2014,158023,20140807,explore access to beta_n~5 using high-li approach,2014-22-04,True,,True,162.00000000000014,5272.0,3.9256592750549317,4.896055994334723
158992,same_experiment,2014,156791,20140807,explore access to beta_n~5 using high-li approach,2014-22-04,True,,True,150.00000000000014,5265.000000000001,3.2332011461257935,3.507941456367497
158993,same_experiment,2014,158019,20140807,explore access to beta_n~5 using high-li approach,2014-22-04,True,,True,162.00000000000014,5266.0,4.046701717376709,5.160933034078636
158994,same_experiment,2014,158014,20140807,explore access to beta_n~5 using high-li approach,2014-22-04,True,,True,154.00000000000014,5266.0,3.668172025680542,4.186908052378086
158995,same_experiment,2014,158019,20140807,explore access to beta_n~5 using high-li approach,2014-22-04,True,,True,152.00000000000014,5271.000000000001,4.036059951782226,5.146739857540681
158996,same_experiment,2014,158022,20140807,explore access to beta_n~5 using high-li approach,2014-22-04,True,,True,187.00000000000006,5265.000000000001,3.9378218173980715,5.120738453091746
158997,same_experiment,2014,,20140807,explore access to beta_n~5 using high-li approach,2014-22-04,True,,False,190.00000000000017,5270.000000000001,3.932738173007965,4.583977994142927
158998,same_experiment,2014,156786,20140807,explore access to beta_n~5 using high-li approach,2014-22-04,True,,True,249.0000000000001,5260.000000000001,3.37391654253006,3.411644817626086
158999,same_experiment,2014,156786,20140807,explore access to beta_n~5 using high-li approach,2014-22-04,True,,True,257.0000000000001,4402.0,3.411919450759887,3.3629595218505726
159000,same_experiment,2014,156797,20140807,explore access to beta_n~5 using high-li approach,2014-22-04,True,,True,238.0,5265.000000000001,2.9167367696762083,2.9016629499600533
159001,same_experiment,2014,,20140807,explore access to beta_n~5 using high-li approach,2014-22-04,True,,False,243.0000000000001,5250.0,4.051896810531616,4.3525487002001135
159002,same_experiment,2014,,20140807,explore access to beta_n~5 using high-li approach,2014-22-04,True,,False,192.00000000000017,5259.0,2.1446406841278076,2.0685855964603883
159003,same_experiment,2014,158014,20140807,explore access to beta_n~5 using high-li approach,2014-22-04,True,,True,189.00000000000006,5267.0,3.801580572128296,4.405390464534618
159004,same_experiment,2014,156786,20140807,explore access to beta_n~5 using high-li approach,2014-22-04,True,,True,186.00000000000017,5263.000000000001,3.723708748817444,4.074551265904185
159262,same_experiment,2014,156787,20140827A,explore access to beta_n~5 using high-li approach,2014-22-04,True,,True,145.00000000000003,5265.000000000001,3.7845287084579455,3.2911887941383116
159263,same_experiment,2014,,20140827A,explore access to beta_n~5 using high-li approach,2014-22-04,True,,False,112.0000000000001,5885.0,4.49795799255371,5.227506918384079
159264,same_experiment,2014,,20140827A,explore access to beta_n~5 using high-li approach,2014-22-04,True,,False,110.99999999999999,5218.999999999999,4.173952341079712,3.7852382601833336
159265,same_experiment,2014,,20140827A,explore access to beta_n~5 using high-li approach,2014-22-04,True,,False,112.99999999999999,5715.999999999999,4.543299269676208,4.669401753012978
159266,same_experiment,2014,156793,20140827A,explore access to beta_n~5 using high-li approach,2014-22-04,True,,True,112.99999999999999,6225.0,4.069444751739496,5.409644571620079
159267,same_experiment,2014,,20140827A,explore access to beta_n~5 using high-li approach,2014-22-04,True,,False,114.0000000000001,5630.000000000001,3.953816592693327,4.556913900560202
159268,same_experiment,2014,,20140827A,explore access to beta_n~5 using high-li approach,2014-22-04,True,,False,112.0000000000001,5568.0,4.333776998519896,5.136399407258328
159269,same_experiment,2014,156794,20140827A,explore access to beta_n~5 using high-li approach,2014-22-04,True,,True,112.99999999999999,5257.0,4.360968112945556,6.189957592742912
159270,same_experiment,2014,158023,20140827A,explore access to beta_n~5 using high-li approach,2014-22-04,True,,True,112.0000000000001,5263.0,4.232785701751708,5.680770770742488
159271,same_experiment,2014,,20140827A,explore access to beta_n~5 using high-li approach,2014-22-04,True,,False,112.0000000000001,5263.0,4.319604873657227,5.281767956198078
159272,same_experiment,2014,,20140827A,explore access to beta_n~5 using high-li approach,2014-22-04,True,,False,112.0000000000001,5136.000000000001,3.9858295917510986,4.650853212264126
159273,same_experiment,2014,156797,20140827A,explore access to beta_n~5 using high-li approach,2014-22-04,True,,True,110.99999999999999,4829.000000000001,3.6177231669425947,3.307890030611497
159274,same_experiment,2014,,20140827A,explore access to beta_n~5 using high-li approach,2014-22-04,True,,False,112.99999999999999,5259.0,4.350566577911377,5.142431411548675
159275,same_experiment,2014,,20140827A,explore access to beta_n~5 using high-li approach,2014-22-04,True,,False,112.99999999999999,5255.000000000001,4.311547517776489,5.332429884853794
159276,same_experiment,2014,158015,20140827A,explore access to beta_n~5 using high-li approach,2014-22-04,True,,True,112.0000000000001,5261.000000000001,4.033684778213501,4.91312460249371
159277,same_experiment,2014,156787,20140827A,explore access to beta_n~5 using high-li approach,2014-22-04,True,,True,112.99999999999999,5375.0,3.855397224426268,3.4107595791836736
176067,hanson,2018,,20180314,rwm control development for high βp scenario,2018-24-89,True,,True,525.2757835388185,6413.275783538818,2.72403689622879,4.1496727894909755
176068,hanson,2018,,20180314,rwm control development for high βp scenario,2018-24-89,True,,True,509.27614116668707,6405.276141166687,2.771737813949585,4.691529556596622
176069,hanson,2018,,20180314,rwm control development for high βp scenario,2018-24-89,True,,True,494.2767372131347,6391.276737213135,2.8142021894454956,4.853471935322349
176070,hanson,2018,,20180314,rwm control development for high βp scenario,2018-24-89,True,,True,552.1109919548035,6200.1109919548035,2.7723528146743774,4.719563205631676
176071,hanson,2018,,20180314,rwm control development for high βp scenario,2018-24-89,True,,True,529.108488559723,6061.108488559723,2.7944775104522703,4.3394076987763475
176072,same_day,2018,176071,20180314,rwm control development for high βp scenario,2018-24-89,True,,True,545.1099786758422,5992.109978675842,2.569778859615326,3.8029291684671884
176073,same_day,2018,176074,20180314,rwm control development for high βp scenario,2018-24-89,True,,True,529.1109919548036,6259.1109919548035,2.8717376589775085,4.778616773698509
176074,hanson,2018,,20180314,rwm control development for high βp scenario,2018-24-89,True,,True,527.1101574897767,6205.1101574897775,2.8555970191955566,4.914653220289587
176075,same_day,2018,176069,20180314,rwm control development for high βp scenario,2018-24-89,True,,True,317.1100978851318,3311.1100978851323,2.7882352828979493,4.440874233082983
176076,same_day,2018,176074,20180314A,"extend fully non-inductive high beta-p scenario to 1ma, q95=5",2018-01-04,True,,True,539.110872745514,5991.110872745514,2.8568309783935546,4.977025025984922
176077,hanson,2018,,20180314A,"extend fully non-inductive high beta-p scenario to 1ma, q95=5",2018-01-04,True,,True,505.1102766990663,6224.110276699066,3.096528816223144,4.929712500158527
176078,hanson,2018,,20180314A,"extend fully non-inductive high beta-p scenario to 1ma, q95=5",2018-01-04,True,,True,495.1106939315797,6137.11069393158,2.9187018871307373,5.036271770530143
176079,same_day,2018,176078,20180314A,"extend fully non-inductive high beta-p scenario to 1ma, q95=5",2018-01-04,True,,True,512.1104555130005,6219.1104555130005,2.8821644902229306,5.109333013793014
176080,same_day,2018,176070,20180314A,"extend fully non-inductive high beta-p scenario to 1ma, q95=5",2018-01-04,True,,True,524.1112899780273,6018.111289978027,3.037785363197327,5.1959332131984315
176083,same_day,2018,,20180314A,"extend fully non-inductive high beta-p scenario to 1ma, q95=5",2018-01-04,True,,False,511.11009788513195,6177.110097885132,3.117410588264465,5.597723404834917
176084,same_day,2018,176085,20180314A,"extend fully non-inductive high beta-p scenario to 1ma, q95=5",2018-01-04,True,,True,284.1097402572632,6000.109740257263,3.2501880168914794,5.299187893778347
176085,hanson,2018,,20180314A,"extend fully non-inductive high beta-p scenario to 1ma, q95=5",2018-01-04,True,,True,272.1097402572632,6154.109740257263,3.2821977257728574,5.294131953486535
176086,same_day,2018,176070,20180314A,"extend fully non-inductive high beta-p scenario to 1ma, q95=5",2018-01-04,True,,True,284.1096806526184,6014.109680652618,3.054161310195923,5.184935591180249
176087,hanson,2018,,20180314A,"extend fully non-inductive high beta-p scenario to 1ma, q95=5",2018-01-04,True,,True,286.10908460617065,6007.109084606171,3.4263803482055666,6.110260198253761
176088,hanson,2018,,20180314A,"extend fully non-inductive high beta-p scenario to 1ma, q95=5",2018-01-04,True,,True,290.10944223403936,6006.109442234039,3.475234031677246,5.607381538991398
176089,hanson,2018,,20180314A,"extend fully non-inductive high beta-p scenario to 1ma, q95=5",2018-01-04,True,,True,285.10896539688105,6153.108965396881,3.263244104385375,4.845969944144623
176090,same_day,2018,176088,20180314A,"extend fully non-inductive high beta-p scenario to 1ma, q95=5",2018-01-04,True,,True,277.1077733039857,6223.107773303986,3.4870717525482178,5.524159230396758
176091,same_day,2018,176077,20180314A,"extend fully non-inductive high beta-p scenario to 1ma, q95=5",2018-01-04,True,,True,298.1073560714722,6198.107356071472,3.0783215403556823,5.041885458300772
176092,hanson,2018,,20180314A,"extend fully non-inductive high beta-p scenario to 1ma, q95=5",2018-01-04,True,,True,324.1090846061707,5989.109084606171,3.409208750724792,5.30674673586537
176093,same_day,2018,,20180314A,"extend fully non-inductive high beta-p scenario to 1ma, q95=5",2018-01-04,True,,False,312.1078925132752,5984.107892513275,3.020493745803833,5.6744500048392865
176094,same_day,2018,176087,20180314A,"extend fully non-inductive high beta-p scenario to 1ma, q95=5",2018-01-04,True,,True,322.10795211792,5986.10795211792,3.4135707259178156,5.849102879498198
176095,same_day,2018,,20180314A,"extend fully non-inductive high beta-p scenario to 1ma, q95=5",2018-01-04,True,,False,303.10819053649897,4269.108190536499,3.191570246219635,5.89761691619257
176108,same_experiment,2018,176089,20180315,"extend fully non-inductive high beta-p scenario to 1ma, q95=5",2018-01-04,True,,True,282.1085481643677,6196.108548164368,3.2800066471099854,4.677107245337291
176109,same_experiment,2018,,20180315,"extend fully non-inductive high beta-p scenario to 1ma, q95=5",2018-01-04,True,,False,288.1095614433289,4153.109561443329,3.190925049781799,5.775021320525082
176110,same_experiment,2018,,20180315,"extend fully non-inductive high beta-p scenario to 1ma, q95=5",2018-01-04,True,,False,109.10896539688109,1571.1089653968813,1.9467189311981201,3.350695129302209
176111,same_experiment,2018,176069,20180315,"extend fully non-inductive high beta-p scenario to 1ma, q95=5",2018-01-04,True,,True,269.10866737365734,3751.108667373657,2.9863432884216308,4.703763509832356
176115,same_experiment,2018,176085,20180315,"extend fully non-inductive high beta-p scenario to 1ma, q95=5",2018-01-04,True,,True,324.2756214141846,5979.275621414185,3.2388336658477783,5.351472029870634
176116,same_experiment,2018,176088,20180315,"extend fully non-inductive high beta-p scenario to 1ma, q95=5",2018-01-04,True,,True,319.27597904205317,5976.275979042053,3.5033283710479735,5.648795764324328
176118,same_experiment,2018,176067,20180315,"extend fully non-inductive high beta-p scenario to 1ma, q95=5",2018-01-04,True,,True,328.2747869491578,5986.274786949158,3.017991304397583,5.453261145239767
176119,same_experiment,2018,176092,20180315,"extend fully non-inductive high beta-p scenario to 1ma, q95=5",2018-01-04,True,,True,347.2760982513428,5956.276098251343,3.3903160572052,5.457316723688305
176125,same_experiment,2018,,20180315,"extend fully non-inductive high beta-p scenario to 1ma, q95=5",2018-01-04,True,,False,164.2775883674621,5955.277588367462,3.7029231548309327,6.557063846997829
176126,same_experiment,2018,176071,20180315,"extend fully non-inductive high beta-p scenario to 1ma, q95=5",2018-01-04,True,,True,85.27699232101438,5947.276992321014,2.7742605209350586,4.419251107386199
176131,same_experiment,2018,176070,20180315A,control of divertor radiation with impurity seeding in high betap scenario,2018-01-03,True,,True,193.27478694915777,5939.274786949158,3.0416616082191466,5.034973923849491
176132,same_experiment,2018,176067,20180315A,control of divertor radiation with impurity seeding in high betap scenario,2018-01-03,True,,True,164.2753829956054,2176.2753829956055,3.1740782260894775,5.195201366343815
176133,same_experiment,2018,,20180315A,control of divertor radiation with impurity seeding in high betap scenario,2018-01-03,True,,False,166.2780652046203,5974.27806520462,3.3019371986389157,5.587704911266265
176134,same_experiment,2018,176068,20180315A,control of divertor radiation with impurity seeding in high betap scenario,2018-01-03,True,,True,166.27627706527704,5979.276277065277,3.160619020462036,5.178347315021746
176135,same_experiment,2018,176092,20180315A,control of divertor radiation with impurity seeding in high betap scenario,2018-01-03,True,,True,168.27627706527704,5744.276277065277,3.3169854640960694,5.178266671446666
176136,same_experiment,2018,176085,20180315A,control of divertor radiation with impurity seeding in high betap scenario,2018-01-03,True,,True,136.27746915817275,5987.277469158173,3.245134449005127,5.240327224688705
176137,same_experiment,2018,176089,20180315A,control of divertor radiation with impurity seeding in high betap scenario,2018-01-03,True,,True,166.27621746063227,5707.276217460633,3.3160783886909484,4.940483015286926
176138,same_experiment,2018,176068,20180315A,control of divertor radiation with impurity seeding in high betap scenario,2018-01-03,True,,True,167.27526378631597,5970.275263786316,3.143805968761444,5.136975572506639
176139,same_experiment,2018,176077,20180315A,control of divertor radiation with impurity seeding in high betap scenario,2018-01-03,True,,True,167.27627706527716,6248.276277065277,3.0756876468658447,4.864198880941047
176140,same_experiment,2018,176092,20180315A,control of divertor radiation with impurity seeding in high betap scenario,2018-01-03,True,,True,168.27609825134272,5800.276098251344,3.362366020679474,5.4516701235505165
176141,same_experiment,2018,176068,20180315A,control of divertor radiation with impurity seeding in high betap scenario,2018-01-03,True,,True,165.2768731117249,5977.276873111725,3.167449390888214,5.1515329510259535
176150,same_experiment,2018,,20180316,control of divertor radiation with impurity seeding in high betap scenario,2018-01-03,True,,False,137.27347564697268,3907.2734756469727,3.2847044467926025,5.475789849573175
176151,same_experiment,2018,176077,20180316,control of divertor radiation with impurity seeding in high betap scenario,2018-01-03,True,,True,137.2738928794861,5915.273892879486,3.0756086111068726,4.910700209920972
176152,same_experiment,2018,176074,20180316,control of divertor radiation with impurity seeding in high betap scenario,2018-01-03,True,,True,137.2737140655518,5729.273714065552,2.987074613571167,5.001332533027336
176153,same_experiment,2018,176078,20180316,control of divertor radiation with impurity seeding in high betap scenario,2018-01-03,True,,True,137.27448892593387,5676.274488925934,2.954132556915283,5.023400996400257
176154,same_experiment,2018,176070,20180316,control of divertor radiation with impurity seeding in high betap scenario,2018-01-03,True,,True,136.27311801910415,5917.273118019105,3.027128756046295,5.326229138132477
176155,same_experiment,2018,,20180316,control of divertor radiation with impurity seeding in high betap scenario,2018-01-03,True,,False,139.2731776237488,5930.273177623749,3.155103385448456,5.493096860173106
176156,same_experiment,2018,176068,20180316,control of divertor radiation with impurity seeding in high betap scenario,2018-01-03,True,,True,137.2746677398682,5944.274667739868,3.088510513305664,5.355761545917385
176157,same_experiment,2018,,20180316,control of divertor radiation with impurity seeding in high betap scenario,2018-01-03,True,,False,137.27436971664432,2817.2743697166443,3.1440654397010803,5.4913828936273426
176158,same_experiment,2018,176078,20180316B,"extend fully non-inductive high beta-p scenario to 1ma, q95=5",2018-01-04,True,,True,137.27329683303836,5979.273296833038,2.9004119277000426,5.083486305472833
176159,same_experiment,2018,,20180316B,"extend fully non-inductive high beta-p scenario to 1ma, q95=5",2018-01-04,True,,False,136.27401208877578,3603.274012088776,3.8464883685112,5.37625132995693
176160,same_experiment,2018,176069,20180316B,"extend fully non-inductive high beta-p scenario to 1ma, q95=5",2018-01-04,True,,True,106.27401208877562,5970.274012088776,3.046953749656677,4.825468070096951
176161,same_experiment,2018,176087,20180316B,"extend fully non-inductive high beta-p scenario to 1ma, q95=5",2018-01-04,True,,True,105.27460813522337,5968.274608135223,3.4605900287628173,6.081559636939351
176162,same_experiment,2018,176078,20180316B,"extend fully non-inductive high beta-p scenario to 1ma, q95=5",2018-01-04,True,,True,187.27490615844732,6044.274906158447,2.889631676673889,4.921543276829443
176163,same_experiment,2018,176092,20180316B,"extend fully non-inductive high beta-p scenario to 1ma, q95=5",2018-01-04,True,,True,194.275502204895,3843.2755022048946,3.420405626296997,5.3645741971929874
176164,same_experiment,2018,,20180316B,"extend fully non-inductive high beta-p scenario to 1ma, q95=5",2018-01-04,True,,False,205.27490615844735,4807.274906158447,3.682394731044769,5.768194925134672
176165,same_experiment,2018,,20180316B,"extend fully non-inductive high beta-p scenario to 1ma, q95=5",2018-01-04,True,,False,229.27496576309215,4445.274965763092,3.314323401451111,5.808017156742251
176440,same_experiment,2018,,20180328,"extend fully non-inductive high beta-p scenario to 1ma, q95=5",2018-01-01,True,,False,165.27121067047125,5962.271210670471,3.636426830291748,6.139623130822213
176441,same_experiment,2018,,20180328,"extend fully non-inductive high beta-p scenario to 1ma, q95=5",2018-01-01,True,,False,109.2716875076294,3446.27168750763,3.7593287229537964,5.094338292531117
176442,same_experiment,2018,176087,20180328,"extend fully non-inductive high beta-p scenario to 1ma, q95=5",2018-01-01,True,,True,105.2718663215637,5411.271866321564,3.53017897605896,6.3399753468653675
176443,same_experiment,2018,,20180328,"extend fully non-inductive high beta-p scenario to 1ma, q95=5",2018-01-01,True,,False,108.27097225189209,5117.270972251892,3.3484821796417235,5.576153815911516
176444,same_experiment,2018,176077,20180328,"extend fully non-inductive high beta-p scenario to 1ma, q95=5",2018-01-01,True,,True,84.27228355407712,4950.272283554077,3.10066556930542,4.944949648340727
176445,same_experiment,2018,,20180328,"extend fully non-inductive high beta-p scenario to 1ma, q95=5",2018-01-01,True,,False,112.27180671691895,5158.271806716919,3.5688540577888475,5.658282395045941
176446,same_experiment,2018,176088,20180328,"extend fully non-inductive high beta-p scenario to 1ma, q95=5",2018-01-01,True,,True,107.2724027633667,5281.272402763367,3.5176441788673403,5.54887971102244
176447,same_experiment,2018,176088,20180328,"extend fully non-inductive high beta-p scenario to 1ma, q95=5",2018-01-01,True,,True,108.2721643447876,5069.272164344788,3.511242485046387,5.5012888432779175
176448,same_experiment,2018,176074,20180328,"extend fully non-inductive high beta-p scenario to 1ma, q95=5",2018-01-01,True,,True,89.27138948440549,4725.2713894844055,2.9601167678833007,4.699103476085624
176449,same_experiment,2018,176069,20180328,"extend fully non-inductive high beta-p scenario to 1ma, q95=5",2018-01-01,True,,True,106.27156829833983,3723.2715682983403,2.9686954021453857,4.6592926188024695
176450,same_experiment,2018,176071,20180328,"extend fully non-inductive high beta-p scenario to 1ma, q95=5",2018-01-01,True,,True,167.2725219726563,5990.272521972656,2.647904288768768,3.693659988781368
176451,same_experiment,2018,,20180328,"extend fully non-inductive high beta-p scenario to 1ma, q95=5",2018-01-01,True,,False,90.27431011199948,4247.2743101119995,3.5270152091979976,6.359323506715281
176452,same_experiment,2018,176087,20180328,"extend fully non-inductive high beta-p scenario to 1ma, q95=5",2018-01-01,True,,True,107.27407169342041,5827.27407169342,3.356628656387329,5.844186415377535
176453,same_experiment,2018,176089,20180328,"extend fully non-inductive high beta-p scenario to 1ma, q95=5",2018-01-01,True,,True,107.27377367019653,4378.2737736701965,3.158116674423218,4.9809212137864565
176454,same_experiment,2018,176067,20180328,"extend fully non-inductive high beta-p scenario to 1ma, q95=5",2018-01-01,True,,True,167.2749657630921,6000.274965763092,3.1948198437690736,5.257094363729238
176455,same_experiment,2018,,20180328,"extend fully non-inductive high beta-p scenario to 1ma, q95=5",2018-01-01,True,,False,138.27431011199965,3339.2743101119995,3.80213029384613,5.5015819892126325
176456,same_experiment,2018,176089,20180328,"extend fully non-inductive high beta-p scenario to 1ma, q95=5",2018-01-01,True,,True,164.27550220489496,5998.275502204895,3.395871162414551,5.012404655568256
176457,same_experiment,2018,176085,20180328,"extend fully non-inductive high beta-p scenario to 1ma, q95=5",2018-01-01,True,,True,108.27341604232788,5969.273416042328,3.280986213684082,5.329240141663003
176458,same_experiment,2018,176071,20180328,"extend fully non-inductive high beta-p scenario to 1ma, q95=5",2018-01-01,True,,True,168.27520418167109,5997.275204181672,2.6140662908554075,4.455775367880002
176459,same_experiment,2018,,20180328,"extend fully non-inductive high beta-p scenario to 1ma, q95=5",2018-01-01,True,,False,104.2740716934204,5985.27407169342,3.5798662900924683,6.386479138468855
176460,same_experiment,2018,176067,20180328,"extend fully non-inductive high beta-p scenario to 1ma, q95=5",2018-01-01,True,,True,108.27550220489502,6009.275502204895,3.1764689922332763,5.34870697558458
