shot,category,t_start,t_end,confidence,attrs
156785,0,444.0,756.0,,"{""evidence_tier"": ""assumed_absent"", ""coverage_verified"": false}"
156785,4,756.0,836.0,,"{""evidence_tier"": ""unassessed"", ""coverage_verified"": false}"
156785,2,836.0,856.0,,"{""evidence_tier"": ""onset_window_uncertain"", ""coverage_verified"": false, ""source_onsets"": [{""NTOR"": 1, ""MODE_TYPE"": ""rwm"", ""ONSET_TIME"": 856.0, ""source"": ""rwm_onsets_2017""}]}"
156785,1,856.0,866.0,,"{""evidence_tier"": ""onset_point_minimal"", ""coverage_verified"": false, ""source_onsets"": [{""NTOR"": 1, ""MODE_TYPE"": ""rwm"", ""ONSET_TIME"": 856.0, ""source"": ""rwm_onsets_2017""}]}"
156785,4,866.0,4997.0,,"{""evidence_tier"": ""unassessed"", ""coverage_verified"": false}"
156786,0,394.0,1792.0,,"{""evidence_tier"": ""assumed_absent"", ""coverage_verified"": false}"
156786,4,1792.0,1872.0,,"{""evidence_tier"": ""unassessed"", ""coverage_verified"": false}"
156786,2,1872.0,1892.0,,"{""evidence_tier"": ""onset_window_uncertain"", ""coverage_verified"": false, ""source_onsets"": [{""NTOR"": 1, ""MODE_TYPE"": ""rwm"", ""ONSET_TIME"": 1892.0, ""source"": ""rwm_onsets_2017""}]}"
156786,1,1892.0,1902.0,,"{""evidence_tier"": ""onset_point_minimal"", ""coverage_verified"": false, ""source_onsets"": [{""NTOR"": 1, ""MODE_TYPE"": ""rwm"", ""ONSET_TIME"": 1892.0, ""source"": ""rwm_onsets_2017""}]}"
156786,4,1902.0,2298.5,,"{""evidence_tier"": ""unassessed"", ""coverage_verified"": false}"
156786,2,2298.5,2318.5,,"{""evidence_tier"": ""onset_window_uncertain"", ""coverage_verified"": false, ""source_onsets"": [{""NTOR"": 1, ""MODE_TYPE"": ""rwm"", ""ONSET_TIME"": 2318.5, ""source"": ""rwm_onsets_2017""}]}"
156786,1,2318.5,2328.5,,"{""evidence_tier"": ""onset_point_minimal"", ""coverage_verified"": false, ""source_onsets"": [{""NTOR"": 1, ""MODE_TYPE"": ""rwm"", ""ONSET_TIME"": 2318.5, ""source"": ""rwm_onsets_2017""}]}"
156786,4,2328.5,3085.0,,"{""evidence_tier"": ""unassessed"", ""coverage_verified"": false}"
156787,0,289.0,1046.5,,"{""evidence_tier"": ""assumed_absent"", ""coverage_verified"": false}"
156787,4,1046.5,1126.5,,"{""evidence_tier"": ""unassessed"", ""coverage_verified"": false}"
156787,2,1126.5,1146.5,,"{""evidence_tier"": ""onset_window_uncertain"", ""coverage_verified"": false, ""source_onsets"": [{""NTOR"": 1, ""MODE_TYPE"": ""rwm"", ""ONSET_TIME"": 1146.5, ""source"": ""rwm_onsets_2017""}]}"
156787,1,1146.5,1156.5,,"{""evidence_tier"": ""onset_point_minimal"", ""coverage_verified"": false, ""source_onsets"": [{""NTOR"": 1, ""MODE_TYPE"": ""rwm"", ""ONSET_TIME"": 1146.5, ""source"": ""rwm_onsets_2017""}]}"
156787,4,1156.5,1596.9,,"{""evidence_tier"": ""unassessed"", ""coverage_verified"": false}"
156787,2,1596.9,1616.9,,"{""evidence_tier"": ""onset_window_uncertain"", ""coverage_verified"": false, ""source_onsets"": [{""NTOR"": 1, ""MODE_TYPE"": ""rwm"", ""ONSET_TIME"": 1616.9, ""source"": ""rwm_onsets_2017""}, {""NTOR"": 1, ""MODE_TYPE"": ""rwm"", ""ONSET_TIME"": 1617.5, ""source"": ""rwm_onsets_2017""}]}"
156787,1,1616.9,1626.9,,"{""evidence_tier"": ""onset_point_minimal"", ""coverage_verified"": false, ""source_onsets"": [{""NTOR"": 1, ""MODE_TYPE"": ""rwm"", ""ONSET_TIME"": 1616.9, ""source"": ""rwm_onsets_2017""}, {""NTOR"": 1, ""MODE_TYPE"": ""rwm"", ""ONSET_TIME"": 1617.5, ""source"": ""rwm_onsets_2017""}]}"
156787,4,1626.9,1644.0,,"{""evidence_tier"": ""unassessed"", ""coverage_verified"": false}"
156788,4,360.0,1923.0,,"{""evidence_tier"": ""unassessed"", ""coverage_verified"": false}"
156789,4,471.0,5019.0,,"{""evidence_tier"": ""unassessed"", ""coverage_verified"": false}"
156790,0,469.0,1820.0,,"{""evidence_tier"": ""assumed_absent"", ""coverage_verified"": false}"
156790,4,1820.0,1900.0,,"{""evidence_tier"": ""unassessed"", ""coverage_verified"": false}"
156790,2,1900.0,1920.0,,"{""evidence_tier"": ""onset_window_uncertain"", ""coverage_verified"": false, ""source_onsets"": [{""NTOR"": 1, ""MODE_TYPE"": ""rwm"", ""ONSET_TIME"": 1920.0, ""source"": ""rwm_onsets_2017""}]}"
156790,1,1920.0,1930.0,,"{""evidence_tier"": ""onset_point_minimal"", ""coverage_verified"": false, ""source_onsets"": [{""NTOR"": 1, ""MODE_TYPE"": ""rwm"", ""ONSET_TIME"": 1920.0, ""source"": ""rwm_onsets_2017""}]}"
156790,4,1930.0,5009.0,,"{""evidence_tier"": ""unassessed"", ""coverage_verified"": false}"
156791,0,544.0,1329.55,,"{""evidence_tier"": ""assumed_absent"", ""coverage_verified"": false}"
156791,4,1329.55,1409.55,,"{""evidence_tier"": ""unassessed"", ""coverage_verified"": false}"
156791,2,1409.55,1429.55,,"{""evidence_tier"": ""onset_window_uncertain"", ""coverage_verified"": false, ""source_onsets"": [{""NTOR"": 1, ""MODE_TYPE"": ""rwm"", ""ONSET_TIME"": 1429.55, ""source"": ""rwm_onsets_2017""}]}"
156791,1,1429.55,1439.55,,"{""evidence_tier"": ""onset_point_minimal"", ""coverage_verified"": false, ""source_onsets"": [{""NTOR"": 1, ""MODE_TYPE"": ""rwm"", ""ONSET_TIME"": 1429.55, ""source"": ""rwm_onsets_2017""}]}"
156791,4,1439.55,3793.0,,"{""evidence_tier"": ""unassessed"", ""coverage_verified"": false}"
156792,0,515.0,1398.5,,"{""evidence_tier"": ""assumed_absent"", ""coverage_verified"": false}"
156792,4,1398.5,1478.5,,"{""evidence_tier"": ""unassessed"", ""coverage_verified"": false}"
156792,2,1478.5,1498.5,,"{""evidence_tier"": ""onset_window_uncertain"", ""coverage_verified"": false, ""source_onsets"": [{""NTOR"": 1, ""MODE_TYPE"": ""rwm"", ""ONSET_TIME"": 1498.5, ""source"": ""rwm_onsets_2017""}]}"
156792,1,1498.5,1508.5,,"{""evidence_tier"": ""onset_point_minimal"", ""coverage_verified"": false, ""source_onsets"": [{""NTOR"": 1, ""MODE_TYPE"": ""rwm"", ""ONSET_TIME"": 1498.5, ""source"": ""rwm_onsets_2017""}]}"
156792,4,1508.5,2782.0,,"{""evidence_tier"": ""unassessed"", ""coverage_verified"": false}"
156792,2,2782.0,2802.0,,"{""evidence_tier"": ""onset_window_uncertain"", ""coverage_verified"": false, ""source_onsets"": [{""NTOR"": 1, ""MODE_TYPE"": ""rwm"", ""ONSET_TIME"": 2802.0, ""source"": ""rwm_onsets_2017""}]}"
156792,1,2802.0,2812.0,,"{""evidence_tier"": ""onset_point_minimal"", ""coverage_verified"": false, ""source_onsets"": [{""NTOR"": 1, ""MODE_TYPE"": ""rwm"", ""ONSET_TIME"": 2802.0, ""source"": ""rwm_onsets_2017""}]}"
156792,4,2812.0,3252.0,,"{""evidence_tier"": ""unassessed"", ""coverage_verified"": false}"
156793,0,381.0,1845.5,,"{""evidence_tier"": ""assumed_absent"", ""coverage_verified"": false}"
156793,4,1845.5,1925.5,,"{""evidence_tier"": ""unassessed"", ""coverage_verified"": false}"
156793,2,1925.5,1945.5,,"{""evidence_tier"": ""onset_window_uncertain"", ""coverage_verified"": false, ""source_onsets"": [{""NTOR"": 1, ""MODE_TYPE"": ""rwm"", ""ONSET_TIME"": 1945.5, ""source"": ""rwm_onsets_2017""}]}"
156793,1,1945.5,1955.5,,"{""evidence_tier"": ""onset_point_minimal"", ""coverage_verified"": false, ""source_onsets"": [{""NTOR"": 1, ""MODE_TYPE"": ""rwm"", ""ONSET_TIME"": 1945.5, ""source"": ""rwm_onsets_2017""}]}"
156793,4,1955.5,2705.0,,"{""evidence_tier"": ""unassessed"", ""coverage_verified"": false}"
156793,2,2705.0,2725.0,,"{""evidence_tier"": ""onset_window_uncertain"", ""coverage_verified"": false, ""source_onsets"": [{""NTOR"": 1, ""MODE_TYPE"": ""rwm"", ""ONSET_TIME"": 2725.0, ""source"": ""rwm_onsets_2017""}]}"
156793,1,2725.0,2735.0,,"{""evidence_tier"": ""onset_point_minimal"", ""coverage_verified"": false, ""source_onsets"": [{""NTOR"": 1, ""MODE_TYPE"": ""rwm"", ""ONSET_TIME"": 2725.0, ""source"": ""rwm_onsets_2017""}]}"
156793,4,2735.0,3407.0,,"{""evidence_tier"": ""unassessed"", ""coverage_verified"": false}"
156794,0,594.0,1027.0,,"{""evidence_tier"": ""assumed_absent"", ""coverage_verified"": false}"
156794,4,1027.0,1107.0,,"{""evidence_tier"": ""unassessed"", ""coverage_verified"": false}"
156794,2,1107.0,1127.0,,"{""evidence_tier"": ""onset_window_uncertain"", ""coverage_verified"": false, ""source_onsets"": [{""NTOR"": 1, ""MODE_TYPE"": ""rwm"", ""ONSET_TIME"": 1127.0, ""source"": ""rwm_onsets_2017""}]}"
156794,1,1127.0,1137.0,,"{""evidence_tier"": ""onset_point_minimal"", ""coverage_verified"": false, ""source_onsets"": [{""NTOR"": 1, ""MODE_TYPE"": ""rwm"", ""ONSET_TIME"": 1127.0, ""source"": ""rwm_onsets_2017""}]}"
156794,4,1137.0,1286.0,,"{""evidence_tier"": ""unassessed"", ""coverage_verified"": false}"
156794,2,1286.0,1306.0,,"{""evidence_tier"": ""onset_window_uncertain"", ""coverage_verified"": false, ""source_onsets"": [{""NTOR"": 1, ""MODE_TYPE"": ""rwm"", ""ONSET_TIME"": 1306.0, ""source"": ""rwm_onsets_2017""}]}"
156794,1,1306.0,1316.0,,"{""evidence_tier"": ""onset_point_minimal"", ""coverage_verified"": false, ""source_onsets"": [{""NTOR"": 1, ""MODE_TYPE"": ""rwm"", ""ONSET_TIME"": 1306.0, ""source"": ""rwm_onsets_2017""}]}"
156794,4,1316.0,3956.0,,"{""evidence_tier"": ""unassessed"", ""coverage_verified"": false}"
156795,0,578.0,1556.0,,"{""evidence_tier"": ""assumed_absent"", ""coverage_verified"": false}"
156795,4,1556.0,1636.0,,"{""evidence_tier"": ""unassessed"", ""coverage_verified"": false}"
156795,2,1636.0,1656.0,,"{""evidence_tier"": ""onset_window_uncertain"", ""coverage_verified"": false, ""source_onsets"": [{""NTOR"": 1, ""MODE_TYPE"": ""rwm"", ""ONSET_TIME"": 1656.0, ""source"": ""rwm_onsets_2017""}, {""NTOR"": 1, ""MODE_TYPE"": ""rwm"", ""ONSET_TIME"": 1656.4, ""source"": ""rwm_onsets_2017""}]}"
156795,1,1656.0,1666.0,,"{""evidence_tier"": ""onset_point_minimal"", ""coverage_verified"": false, ""source_onsets"": [{""NTOR"": 1, ""MODE_TYPE"": ""rwm"", ""ONSET_TIME"": 1656.0, ""source"": ""rwm_onsets_2017""}, {""NTOR"": 1, ""MODE_TYPE"": ""rwm"", ""ONSET_TIME"": 1656.4, ""source"": ""rwm_onsets_2017""}]}"
156795,4,1666.0,2263.35,,"{""evidence_tier"": ""unassessed"", ""coverage_verified"": false}"
156795,2,2263.35,2283.35,,"{""evidence_tier"": ""onset_window_uncertain"", ""coverage_verified"": false, ""source_onsets"": [{""NTOR"": 1, ""MODE_TYPE"": ""rwm"", ""ONSET_TIME"": 2283.35, ""source"": ""rwm_onsets_2017""}]}"
156795,1,2283.35,2293.35,,"{""evidence_tier"": ""onset_point_minimal"", ""coverage_verified"": false, ""source_onsets"": [{""NTOR"": 1, ""MODE_TYPE"": ""rwm"", ""ONSET_TIME"": 2283.35, ""source"": ""rwm_onsets_2017""}]}"
156795,4,2293.35,4690.0,,"{""evidence_tier"": ""unassessed"", ""coverage_verified"": false}"
156796,0,1358.0,2630.0,,"{""evidence_tier"": ""assumed_absent"", ""coverage_verified"": false}"
156796,4,2630.0,2710.0,,"{""evidence_tier"": ""unassessed"", ""coverage_verified"": false}"
156796,2,2710.0,2730.0,,"{""evidence_tier"": ""onset_window_uncertain"", ""coverage_verified"": false, ""source_onsets"": [{""NTOR"": 1, ""MODE_TYPE"": ""rwm"", ""ONSET_TIME"": 2730.0, ""source"": ""rwm_onsets_2017""}]}"
156796,1,2730.0,2740.0,,"{""evidence_tier"": ""onset_point_minimal"", ""coverage_verified"": false, ""source_onsets"": [{""NTOR"": 1, ""MODE_TYPE"": ""rwm"", ""ONSET_TIME"": 2730.0, ""source"": ""rwm_onsets_2017""}]}"
156796,4,2740.0,3380.0,,"{""evidence_tier"": ""unassessed"", ""coverage_verified"": false}"
156797,0,1200.0,1498.05,,"{""evidence_tier"": ""assumed_absent"", ""coverage_verified"": false}"
156797,4,1498.05,1578.05,,"{""evidence_tier"": ""unassessed"", ""coverage_verified"": false}"
156797,2,1578.05,1598.05,,"{""evidence_tier"": ""onset_window_uncertain"", ""coverage_verified"": false, ""source_onsets"": [{""NTOR"": 1, ""MODE_TYPE"": ""rwm"", ""ONSET_TIME"": 1598.05, ""source"": ""rwm_onsets_2017""}]}"
156797,1,1598.05,1608.05,,"{""evidence_tier"": ""onset_point_minimal"", ""coverage_verified"": false, ""source_onsets"": [{""NTOR"": 1, ""MODE_TYPE"": ""rwm"", ""ONSET_TIME"": 1598.05, ""source"": ""rwm_onsets_2017""}]}"
156797,4,1608.05,1978.0,,"{""evidence_tier"": ""unassessed"", ""coverage_verified"": false}"
156797,2,1978.0,1998.0,,"{""evidence_tier"": ""onset_window_uncertain"", ""coverage_verified"": false, ""source_onsets"": [{""NTOR"": 1, ""MODE_TYPE"": ""rwm"", ""ONSET_TIME"": 1998.0, ""source"": ""rwm_onsets_2017""}]}"
156797,1,1998.0,2008.0,,"{""evidence_tier"": ""onset_point_minimal"", ""coverage_verified"": false, ""source_onsets"": [{""NTOR"": 1, ""MODE_TYPE"": ""rwm"", ""ONSET_TIME"": 1998.0, ""source"": ""rwm_onsets_2017""}]}"
156797,4,2008.0,4904.0,,"{""evidence_tier"": ""unassessed"", ""coverage_verified"": false}"
157968,4,142.0,3162.0,,"{""evidence_tier"": ""unassessed"", ""coverage_verified"": false}"
157969,4,144.0,6528.0,,"{""evidence_tier"": ""unassessed"", ""coverage_verified"": false}"
157970,4,143.0,3427.0,,"{""evidence_tier"": ""unassessed"", ""coverage_verified"": false}"
157971,4,144.0,2930.0,,"{""evidence_tier"": ""unassessed"", ""coverage_verified"": false}"
157971,2,2930.0,2940.0,,"{""evidence_tier"": ""unlabelled_screen"", ""coverage_verified"": false}"
157971,4,2940.0,3528.0,,"{""evidence_tier"": ""unassessed"", ""coverage_verified"": false}"
157972,4,142.0,3036.0,,"{""evidence_tier"": ""unassessed"", ""coverage_verified"": false}"
157973,4,142.0,7029.0,,"{""evidence_tier"": ""unassessed"", ""coverage_verified"": false}"
157974,4,141.0,3018.0,,"{""evidence_tier"": ""unassessed"", ""coverage_verified"": false}"
157975,4,-212.0,6011.0,,"{""evidence_tier"": ""unassessed"", ""coverage_verified"": false}"
157976,4,139.0,6495.0,,"{""evidence_tier"": ""unassessed"", ""coverage_verified"": false}"
157977,4,144.0,6896.0,,"{""evidence_tier"": ""unassessed"", ""coverage_verified"": false}"
157978,4,142.0,3028.0,,"{""evidence_tier"": ""unassessed"", ""coverage_verified"": false}"
157979,4,141.0,6985.0,,"{""evidence_tier"": ""unassessed"", ""coverage_verified"": false}"
157980,4,142.0,6886.0,,"{""evidence_tier"": ""unassessed"", ""coverage_verified"": false}"
157981,4,143.0,2354.0,,"{""evidence_tier"": ""unassessed"", ""coverage_verified"": false}"
157981,2,2354.0,2364.0,,"{""evidence_tier"": ""unlabelled_screen"", ""coverage_verified"": false}"
157981,4,2364.0,2378.0,,"{""evidence_tier"": ""unassessed"", ""coverage_verified"": false}"
157981,2,2378.0,2393.0,,"{""evidence_tier"": ""unlabelled_screen"", ""coverage_verified"": false}"
157981,4,2393.0,2430.0,,"{""evidence_tier"": ""unassessed"", ""coverage_verified"": false}"
157981,2,2430.0,2440.0,,"{""evidence_tier"": ""unlabelled_screen"", ""coverage_verified"": false}"
157981,4,2440.0,2463.0,,"{""evidence_tier"": ""unassessed"", ""coverage_verified"": false}"
157981,2,2463.0,2477.0,,"{""evidence_tier"": ""unlabelled_screen"", ""coverage_verified"": false}"
157981,4,2477.0,2613.0,,"{""evidence_tier"": ""unassessed"", ""coverage_verified"": false}"
157981,2,2613.0,2623.0,,"{""evidence_tier"": ""unlabelled_screen"", ""coverage_verified"": false}"
157981,4,2623.0,4886.0,,"{""evidence_tier"": ""unassessed"", ""coverage_verified"": false}"
157981,2,4886.0,4910.0,,"{""evidence_tier"": ""unlabelled_screen"", ""coverage_verified"": false}"
157981,4,4910.0,7025.0,,"{""evidence_tier"": ""unassessed"", ""coverage_verified"": false}"
157982,4,144.0,6882.0,,"{""evidence_tier"": ""unassessed"", ""coverage_verified"": false}"
157994,4,145.0,6479.0,,"{""evidence_tier"": ""unassessed"", ""coverage_verified"": false}"
157995,4,141.0,3299.0,,"{""evidence_tier"": ""unassessed"", ""coverage_verified"": false}"
157995,2,3299.0,3313.0,,"{""evidence_tier"": ""unlabelled_screen"", ""coverage_verified"": false}"
157995,4,3313.0,3488.0,,"{""evidence_tier"": ""unassessed"", ""coverage_verified"": false}"
157995,2,3488.0,3503.0,,"{""evidence_tier"": ""unlabelled_screen"", ""coverage_verified"": false}"
157995,4,3503.0,3674.0,,"{""evidence_tier"": ""unassessed"", ""coverage_verified"": false}"
157995,2,3674.0,3691.0,,"{""evidence_tier"": ""unlabelled_screen"", ""coverage_verified"": false}"
157995,4,3691.0,3792.0,,"{""evidence_tier"": ""unassessed"", ""coverage_verified"": false}"
157995,2,3792.0,3804.0,,"{""evidence_tier"": ""unlabelled_screen"", ""coverage_verified"": false}"
157995,4,3804.0,3941.0,,"{""evidence_tier"": ""unassessed"", ""coverage_verified"": false}"
157995,2,3941.0,3951.0,,"{""evidence_tier"": ""unlabelled_screen"", ""coverage_verified"": false}"
157995,4,3951.0,4122.0,,"{""evidence_tier"": ""unassessed"", ""coverage_verified"": false}"
157995,2,4122.0,4153.0,,"{""evidence_tier"": ""unlabelled_screen"", ""coverage_verified"": false}"
157995,4,4153.0,4606.0,,"{""evidence_tier"": ""unassessed"", ""coverage_verified"": false}"
157995,2,4606.0,4618.0,,"{""evidence_tier"": ""unlabelled_screen"", ""coverage_verified"": false}"
157995,4,4618.0,6502.0,,"{""evidence_tier"": ""unassessed"", ""coverage_verified"": false}"
157996,4,142.0,2374.0,,"{""evidence_tier"": ""unassessed"", ""coverage_verified"": false}"
157996,2,2374.0,2424.0,,"{""evidence_tier"": ""unlabelled_screen"", ""coverage_verified"": false}"
157996,4,2424.0,3514.0,,"{""evidence_tier"": ""unassessed"", ""coverage_verified"": false}"
157997,4,143.0,3924.0,,"{""evidence_tier"": ""unassessed"", ""coverage_verified"": false}"
157999,4,142.0,6500.0,,"{""evidence_tier"": ""unassessed"", ""coverage_verified"": false}"
158000,4,142.0,6509.0,,"{""evidence_tier"": ""unassessed"", ""coverage_verified"": false}"
158001,4,142.0,6506.0,,"{""evidence_tier"": ""unassessed"", ""coverage_verified"": false}"
158002,4,143.0,5685.0,,"{""evidence_tier"": ""unassessed"", ""coverage_verified"": false}"
158003,4,142.0,6507.0,,"{""evidence_tier"": ""unassessed"", ""coverage_verified"": false}"
158004,4,143.0,6507.0,,"{""evidence_tier"": ""unassessed"", ""coverage_verified"": false}"
158005,4,866.0,5513.0,,"{""evidence_tier"": ""unassessed"", ""coverage_verified"": false}"
158006,4,878.0,4123.0,,"{""evidence_tier"": ""unassessed"", ""coverage_verified"": false}"
158006,2,4123.0,4175.0,,"{""evidence_tier"": ""unlabelled_screen"", ""coverage_verified"": false}"
158006,4,4175.0,5514.0,,"{""evidence_tier"": ""unassessed"", ""coverage_verified"": false}"
158007,4,800.0,4085.0,,"{""evidence_tier"": ""unassessed"", ""coverage_verified"": false}"
158008,4,466.0,3782.0,,"{""evidence_tier"": ""unassessed"", ""coverage_verified"": false}"
158009,4,934.0,3367.0,,"{""evidence_tier"": ""unassessed"", ""coverage_verified"": false}"
158010,4,957.0,5877.0,,"{""evidence_tier"": ""unassessed"", ""coverage_verified"": false}"
158011,4,581.0,5020.0,,"{""evidence_tier"": ""unassessed"", ""coverage_verified"": false}"
158012,0,576.0,1306.0,,"{""evidence_tier"": ""assumed_absent"", ""coverage_verified"": false}"
158012,4,1306.0,1386.0,,"{""evidence_tier"": ""unassessed"", ""coverage_verified"": false}"
158012,2,1386.0,1406.0,,"{""evidence_tier"": ""onset_window_uncertain"", ""coverage_verified"": false, ""source_onsets"": [{""NTOR"": 1, ""MODE_TYPE"": ""rwm"", ""ONSET_TIME"": 1406.0, ""source"": ""rwm_onsets_2017""}]}"
158012,1,1406.0,1416.0,,"{""evidence_tier"": ""onset_point_minimal"", ""coverage_verified"": false, ""source_onsets"": [{""NTOR"": 1, ""MODE_TYPE"": ""rwm"", ""ONSET_TIME"": 1406.0, ""source"": ""rwm_onsets_2017""}]}"
158012,4,1416.0,5347.0,,"{""evidence_tier"": ""unassessed"", ""coverage_verified"": false}"
158013,0,562.0,1350.0,,"{""evidence_tier"": ""assumed_absent"", ""coverage_verified"": false}"
158013,4,1350.0,1430.0,,"{""evidence_tier"": ""unassessed"", ""coverage_verified"": false}"
158013,2,1430.0,1450.0,,"{""evidence_tier"": ""onset_window_uncertain"", ""coverage_verified"": false, ""source_onsets"": [{""NTOR"": 1, ""MODE_TYPE"": ""rwm"", ""ONSET_TIME"": 1450.0, ""source"": ""rwm_onsets_2017""}]}"
158013,1,1450.0,1460.0,,"{""evidence_tier"": ""onset_point_minimal"", ""coverage_verified"": false, ""source_onsets"": [{""NTOR"": 1, ""MODE_TYPE"": ""rwm"", ""ONSET_TIME"": 1450.0, ""source"": ""rwm_onsets_2017""}]}"
158013,4,1460.0,3041.1,,"{""evidence_tier"": ""unassessed"", ""coverage_verified"": false}"
158013,2,3041.1,3061.1,,"{""evidence_tier"": ""onset_window_uncertain"", ""coverage_verified"": false, ""source_onsets"": [{""NTOR"": 1, ""MODE_TYPE"": ""rwm"", ""ONSET_TIME"": 3061.1, ""source"": ""rwm_onsets_2017""}]}"
158013,1,3061.1,3071.1,,"{""evidence_tier"": ""onset_point_minimal"", ""coverage_verified"": false, ""source_onsets"": [{""NTOR"": 1, ""MODE_TYPE"": ""rwm"", ""ONSET_TIME"": 3061.1, ""source"": ""rwm_onsets_2017""}]}"
158013,4,3071.1,3501.0,,"{""evidence_tier"": ""unassessed"", ""coverage_verified"": false}"
158014,0,638.0,1827.0,,"{""evidence_tier"": ""assumed_absent"", ""coverage_verified"": false}"
158014,4,1827.0,1907.0,,"{""evidence_tier"": ""unassessed"", ""coverage_verified"": false}"
158014,2,1907.0,1927.0,,"{""evidence_tier"": ""onset_window_uncertain"", ""coverage_verified"": false, ""source_onsets"": [{""NTOR"": 1, ""MODE_TYPE"": ""rwm"", ""ONSET_TIME"": 1927.0, ""source"": ""rwm_onsets_2017""}]}"
158014,1,1927.0,1937.0,,"{""evidence_tier"": ""onset_point_minimal"", ""coverage_verified"": false, ""source_onsets"": [{""NTOR"": 1, ""MODE_TYPE"": ""rwm"", ""ONSET_TIME"": 1927.0, ""source"": ""rwm_onsets_2017""}]}"
158014,4,1937.0,3507.0,,"{""evidence_tier"": ""unassessed"", ""coverage_verified"": false}"
158015,0,587.0,2513.0,,"{""evidence_tier"": ""assumed_absent"", ""coverage_verified"": false}"
158015,4,2513.0,2593.0,,"{""evidence_tier"": ""unassessed"", ""coverage_verified"": false}"
158015,2,2593.0,2613.0,,"{""evidence_tier"": ""onset_window_uncertain"", ""coverage_verified"": false, ""source_onsets"": [{""NTOR"": 2, ""MODE_TYPE"": ""n2rwm"", ""ONSET_TIME"": 2613.0, ""source"": ""rwm_onsets_2017""}]}"
158015,1,2613.0,2623.0,,"{""evidence_tier"": ""onset_point_minimal"", ""coverage_verified"": false, ""source_onsets"": [{""NTOR"": 2, ""MODE_TYPE"": ""n2rwm"", ""ONSET_TIME"": 2613.0, ""source"": ""rwm_onsets_2017""}]}"
158015,4,2623.0,4185.0,,"{""evidence_tier"": ""unassessed"", ""coverage_verified"": false}"
158016,4,339.0,4998.0,,"{""evidence_tier"": ""unassessed"", ""coverage_verified"": false}"
158017,4,342.0,4956.0,,"{""evidence_tier"": ""unassessed"", ""coverage_verified"": false}"
158018,0,336.0,1916.0,,"{""evidence_tier"": ""assumed_absent"", ""coverage_verified"": false}"
158018,4,1916.0,1996.0,,"{""evidence_tier"": ""unassessed"", ""coverage_verified"": false}"
158018,2,1996.0,2016.0,,"{""evidence_tier"": ""onset_window_uncertain"", ""coverage_verified"": false, ""source_onsets"": [{""NTOR"": 1, ""MODE_TYPE"": ""rwm"", ""ONSET_TIME"": 2016.0, ""source"": ""rwm_onsets_2017""}]}"
158018,1,2016.0,2026.0,,"{""evidence_tier"": ""onset_point_minimal"", ""coverage_verified"": false, ""source_onsets"": [{""NTOR"": 1, ""MODE_TYPE"": ""rwm"", ""ONSET_TIME"": 2016.0, ""source"": ""rwm_onsets_2017""}]}"
158018,4,2026.0,5644.0,,"{""evidence_tier"": ""unassessed"", ""coverage_verified"": false}"
158019,0,330.0,1508.0,,"{""evidence_tier"": ""assumed_absent"", ""coverage_verified"": false}"
158019,4,1508.0,1588.0,,"{""evidence_tier"": ""unassessed"", ""coverage_verified"": false}"
158019,2,1588.0,1608.0,,"{""evidence_tier"": ""onset_window_uncertain"", ""coverage_verified"": false, ""source_onsets"": [{""NTOR"": 1, ""MODE_TYPE"": ""rwm"", ""ONSET_TIME"": 1608.0, ""source"": ""rwm_onsets_2017""}]}"
158019,1,1608.0,1618.0,,"{""evidence_tier"": ""onset_point_minimal"", ""coverage_verified"": false, ""source_onsets"": [{""NTOR"": 1, ""MODE_TYPE"": ""rwm"", ""ONSET_TIME"": 1608.0, ""source"": ""rwm_onsets_2017""}]}"
158019,4,1618.0,5918.0,,"{""evidence_tier"": ""unassessed"", ""coverage_verified"": false}"
158020,4,359.0,5570.0,,"{""evidence_tier"": ""unassessed"", ""coverage_verified"": false}"
158021,0,337.0,984.0,,"{""evidence_tier"": ""assumed_absent"", ""coverage_verified"": false}"
158021,4,984.0,1064.0,,"{""evidence_tier"": ""unassessed"", ""coverage_verified"": false}"
158021,2,1064.0,1084.0,,"{""evidence_tier"": ""onset_window_uncertain"", ""coverage_verified"": false, ""source_onsets"": [{""NTOR"": 1, ""MODE_TYPE"": ""rwm"", ""ONSET_TIME"": 1084.0, ""source"": ""rwm_onsets_2017""}]}"
158021,1,1084.0,1094.0,,"{""evidence_tier"": ""onset_point_minimal"", ""coverage_verified"": false, ""source_onsets"": [{""NTOR"": 1, ""MODE_TYPE"": ""rwm"", ""ONSET_TIME"": 1084.0, ""source"": ""rwm_onsets_2017""}]}"
158021,4,1094.0,5931.0,,"{""evidence_tier"": ""unassessed"", ""coverage_verified"": false}"
158022,0,360.0,2896.45,,"{""evidence_tier"": ""assumed_absent"", ""coverage_verified"": false}"
158022,4,2896.45,2976.45,,"{""evidence_tier"": ""unassessed"", ""coverage_verified"": false}"
158022,2,2976.45,2996.45,,"{""evidence_tier"": ""onset_window_uncertain"", ""coverage_verified"": false, ""source_onsets"": [{""NTOR"": 1, ""MODE_TYPE"": ""rwm"", ""ONSET_TIME"": 2996.45, ""source"": ""rwm_onsets_2017""}]}"
158022,1,2996.45,3006.45,,"{""evidence_tier"": ""onset_point_minimal"", ""coverage_verified"": false, ""source_onsets"": [{""NTOR"": 1, ""MODE_TYPE"": ""rwm"", ""ONSET_TIME"": 2996.45, ""source"": ""rwm_onsets_2017""}]}"
158022,4,3006.45,3907.0,,"{""evidence_tier"": ""unassessed"", ""coverage_verified"": false}"
158023,0,352.0,2401.05,,"{""evidence_tier"": ""assumed_absent"", ""coverage_verified"": false}"
158023,4,2401.05,2481.05,,"{""evidence_tier"": ""unassessed"", ""coverage_verified"": false}"
158023,2,2481.05,2501.05,,"{""evidence_tier"": ""onset_window_uncertain"", ""coverage_verified"": false, ""source_onsets"": [{""NTOR"": 2, ""MODE_TYPE"": ""n2rwm"", ""ONSET_TIME"": 2501.05, ""source"": ""rwm_onsets_2017""}]}"
158023,1,2501.05,2511.05,,"{""evidence_tier"": ""onset_point_minimal"", ""coverage_verified"": false, ""source_onsets"": [{""NTOR"": 2, ""MODE_TYPE"": ""n2rwm"", ""ONSET_TIME"": 2501.05, ""source"": ""rwm_onsets_2017""}]}"
158023,4,2511.05,5184.0,,"{""evidence_tier"": ""unassessed"", ""coverage_verified"": false}"
158928,4,345.0,3783.0,,"{""evidence_tier"": ""unassessed"", ""coverage_verified"": false}"
158929,4,342.0,5918.0,,"{""evidence_tier"": ""unassessed"", ""coverage_verified"": false}"
158930,4,356.0,4143.0,,"{""evidence_tier"": ""unassessed"", ""coverage_verified"": false}"
158931,4,357.0,4023.0,,"{""evidence_tier"": ""unassessed"", ""coverage_verified"": false}"
158932,4,231.0,4573.0,,"{""evidence_tier"": ""unassessed"", ""coverage_verified"": false}"
158933,4,206.0,5945.0,,"{""evidence_tier"": ""unassessed"", ""coverage_verified"": false}"
158934,4,204.0,5932.0,,"{""evidence_tier"": ""unassessed"", ""coverage_verified"": false}"
158935,4,205.0,2445.0,,"{""evidence_tier"": ""unassessed"", ""coverage_verified"": false}"
158935,2,2445.0,2470.0,,"{""evidence_tier"": ""unlabelled_screen"", ""coverage_verified"": false}"
158935,4,2470.0,2501.0,,"{""evidence_tier"": ""unassessed"", ""coverage_verified"": false}"
158935,2,2501.0,2514.0,,"{""evidence_tier"": ""unlabelled_screen"", ""coverage_verified"": false}"
158935,4,2514.0,4365.0,,"{""evidence_tier"": ""unassessed"", ""coverage_verified"": false}"
158936,4,207.0,5923.0,,"{""evidence_tier"": ""unassessed"", ""coverage_verified"": false}"
158937,4,210.0,4129.0,,"{""evidence_tier"": ""unassessed"", ""coverage_verified"": false}"
158938,4,270.0,4612.0,,"{""evidence_tier"": ""unassessed"", ""coverage_verified"": false}"
158939,4,271.0,5932.0,,"{""evidence_tier"": ""unassessed"", ""coverage_verified"": false}"
158940,4,220.0,5998.0,,"{""evidence_tier"": ""unassessed"", ""coverage_verified"": false}"
158941,4,244.0,4030.0,,"{""evidence_tier"": ""unassessed"", ""coverage_verified"": false}"
158942,4,271.0,5950.0,,"{""evidence_tier"": ""unassessed"", ""coverage_verified"": false}"
158968,4,140.0,3385.0,,"{""evidence_tier"": ""unassessed"", ""coverage_verified"": false}"
158968,2,3385.0,3444.0,,"{""evidence_tier"": ""unlabelled_screen"", ""coverage_verified"": false}"
158968,4,3444.0,3446.0,,"{""evidence_tier"": ""unassessed"", ""coverage_verified"": false}"
158968,2,3446.0,3485.0,,"{""evidence_tier"": ""unlabelled_screen"", ""coverage_verified"": false}"
158968,4,3485.0,6119.0,,"{""evidence_tier"": ""unassessed"", ""coverage_verified"": false}"
158970,4,143.0,5247.0,,"{""evidence_tier"": ""unassessed"", ""coverage_verified"": false}"
158971,4,142.0,5556.0,,"{""evidence_tier"": ""unassessed"", ""coverage_verified"": false}"
158972,4,141.0,5248.0,,"{""evidence_tier"": ""unassessed"", ""coverage_verified"": false}"
158974,4,140.0,2916.0,,"{""evidence_tier"": ""unassessed"", ""coverage_verified"": false}"
158974,2,2916.0,2935.0,,"{""evidence_tier"": ""unlabelled_screen"", ""coverage_verified"": false}"
158974,4,2935.0,5701.0,,"{""evidence_tier"": ""unassessed"", ""coverage_verified"": false}"
158977,4,137.0,3155.0,,"{""evidence_tier"": ""unassessed"", ""coverage_verified"": false}"
158977,2,3155.0,3254.0,,"{""evidence_tier"": ""unlabelled_screen"", ""coverage_verified"": false}"
158977,4,3254.0,5371.0,,"{""evidence_tier"": ""unassessed"", ""coverage_verified"": false}"
158981,4,141.0,3245.0,,"{""evidence_tier"": ""unassessed"", ""coverage_verified"": false}"
158981,2,3245.0,3385.0,,"{""evidence_tier"": ""unlabelled_screen"", ""coverage_verified"": false}"
158981,4,3385.0,3425.0,,"{""evidence_tier"": ""unassessed"", ""coverage_verified"": false}"
158981,2,3425.0,3445.0,,"{""evidence_tier"": ""unlabelled_screen"", ""coverage_verified"": false}"
158981,4,3445.0,3485.0,,"{""evidence_tier"": ""unassessed"", ""coverage_verified"": false}"
158981,2,3485.0,3905.0,,"{""evidence_tier"": ""unlabelled_screen"", ""coverage_verified"": false}"
158981,4,3905.0,3945.0,,"{""evidence_tier"": ""unassessed"", ""coverage_verified"": false}"
158981,2,3945.0,4065.0,,"{""evidence_tier"": ""unlabelled_screen"", ""coverage_verified"": false}"
158981,4,4065.0,4125.0,,"{""evidence_tier"": ""unassessed"", ""coverage_verified"": false}"
158981,2,4125.0,4175.0,,"{""evidence_tier"": ""unlabelled_screen"", ""coverage_verified"": false}"
158981,4,4175.0,4195.0,,"{""evidence_tier"": ""unassessed"", ""coverage_verified"": false}"
158981,2,4195.0,4335.0,,"{""evidence_tier"": ""unlabelled_screen"", ""coverage_verified"": false}"
158981,4,4335.0,4395.0,,"{""evidence_tier"": ""unassessed"", ""coverage_verified"": false}"
158981,2,4395.0,4415.0,,"{""evidence_tier"": ""unlabelled_screen"", ""coverage_verified"": false}"
158981,4,4415.0,4695.0,,"{""evidence_tier"": ""unassessed"", ""coverage_verified"": false}"
158981,2,4695.0,4854.0,,"{""evidence_tier"": ""unlabelled_screen"", ""coverage_verified"": false}"
158981,4,4854.0,5252.0,,"{""evidence_tier"": ""unassessed"", ""coverage_verified"": false}"
158987,4,150.0,2875.0,,"{""evidence_tier"": ""unassessed"", ""coverage_verified"": false}"
158987,2,2875.0,2895.0,,"{""evidence_tier"": ""unlabelled_screen"", ""coverage_verified"": false}"
158987,4,2895.0,5247.0,,"{""evidence_tier"": ""unassessed"", ""coverage_verified"": false}"
158989,4,164.0,3215.0,,"{""evidence_tier"": ""unassessed"", ""coverage_verified"": false}"
158989,2,3215.0,3254.0,,"{""evidence_tier"": ""unlabelled_screen"", ""coverage_verified"": false}"
158989,4,3254.0,4295.0,,"{""evidence_tier"": ""unassessed"", ""coverage_verified"": false}"
158989,2,4295.0,4335.0,,"{""evidence_tier"": ""unlabelled_screen"", ""coverage_verified"": false}"
158989,4,4335.0,4375.0,,"{""evidence_tier"": ""unassessed"", ""coverage_verified"": false}"
158989,2,4375.0,4390.0,,"{""evidence_tier"": ""unlabelled_screen"", ""coverage_verified"": false}"
158989,4,4390.0,4475.0,,"{""evidence_tier"": ""unassessed"", ""coverage_verified"": false}"
158989,2,4475.0,4495.0,,"{""evidence_tier"": ""unlabelled_screen"", ""coverage_verified"": false}"
158989,4,4495.0,4515.0,,"{""evidence_tier"": ""unassessed"", ""coverage_verified"": false}"
158989,2,4515.0,4575.0,,"{""evidence_tier"": ""unlabelled_screen"", ""coverage_verified"": false}"
158989,4,4575.0,4596.0,,"{""evidence_tier"": ""unassessed"", ""coverage_verified"": false}"
158989,2,4596.0,4614.0,,"{""evidence_tier"": ""unlabelled_screen"", ""coverage_verified"": false}"
158989,4,4614.0,4636.0,,"{""evidence_tier"": ""unassessed"", ""coverage_verified"": false}"
158989,2,4636.0,4715.0,,"{""evidence_tier"": ""unlabelled_screen"", ""coverage_verified"": false}"
158989,4,4715.0,4736.0,,"{""evidence_tier"": ""unassessed"", ""coverage_verified"": false}"
158989,2,4736.0,4835.0,,"{""evidence_tier"": ""unlabelled_screen"", ""coverage_verified"": false}"
158989,4,4835.0,4855.0,,"{""evidence_tier"": ""unassessed"", ""coverage_verified"": false}"
158989,2,4855.0,4874.0,,"{""evidence_tier"": ""unlabelled_screen"", ""coverage_verified"": false}"
158989,4,4874.0,5015.0,,"{""evidence_tier"": ""unassessed"", ""coverage_verified"": false}"
158989,2,5015.0,5034.0,,"{""evidence_tier"": ""unlabelled_screen"", ""coverage_verified"": false}"
158989,4,5034.0,5257.0,,"{""evidence_tier"": ""unassessed"", ""coverage_verified"": false}"
158990,4,163.0,5255.0,,"{""evidence_tier"": ""unassessed"", ""coverage_verified"": false}"
158991,4,162.0,5272.0,,"{""evidence_tier"": ""unassessed"", ""coverage_verified"": false}"
158992,4,150.0,5265.0,,"{""evidence_tier"": ""unassessed"", ""coverage_verified"": false}"
158993,4,162.0,2934.0,,"{""evidence_tier"": ""unassessed"", ""coverage_verified"": false}"
158993,2,2934.0,2952.0,,"{""evidence_tier"": ""unlabelled_screen"", ""coverage_verified"": false}"
158993,4,2952.0,2954.0,,"{""evidence_tier"": ""unassessed"", ""coverage_verified"": false}"
158993,2,2954.0,2976.0,,"{""evidence_tier"": ""unlabelled_screen"", ""coverage_verified"": false}"
158993,4,2976.0,2978.0,,"{""evidence_tier"": ""unassessed"", ""coverage_verified"": false}"
158993,2,2978.0,3018.0,,"{""evidence_tier"": ""unlabelled_screen"", ""coverage_verified"": false}"
158993,4,3018.0,3020.0,,"{""evidence_tier"": ""unassessed"", ""coverage_verified"": false}"
158993,2,3020.0,3034.0,,"{""evidence_tier"": ""unlabelled_screen"", ""coverage_verified"": false}"
158993,4,3034.0,3144.0,,"{""evidence_tier"": ""unassessed"", ""coverage_verified"": false}"
158993,2,3144.0,3168.0,,"{""evidence_tier"": ""unlabelled_screen"", ""coverage_verified"": false}"
158993,4,3168.0,3195.0,,"{""evidence_tier"": ""unassessed"", ""coverage_verified"": false}"
158993,2,3195.0,3298.0,,"{""evidence_tier"": ""unlabelled_screen"", ""coverage_verified"": false}"
158993,4,3298.0,3305.0,,"{""evidence_tier"": ""unassessed"", ""coverage_verified"": false}"
158993,2,3305.0,3327.0,,"{""evidence_tier"": ""unlabelled_screen"", ""coverage_verified"": false}"
158993,4,3327.0,3329.0,,"{""evidence_tier"": ""unassessed"", ""coverage_verified"": false}"
158993,2,3329.0,3365.0,,"{""evidence_tier"": ""unlabelled_screen"", ""coverage_verified"": false}"
158993,4,3365.0,5266.0,,"{""evidence_tier"": ""unassessed"", ""coverage_verified"": false}"
158994,4,154.0,3383.0,,"{""evidence_tier"": ""unassessed"", ""coverage_verified"": false}"
158994,2,3383.0,3514.0,,"{""evidence_tier"": ""unlabelled_screen"", ""coverage_verified"": false}"
158994,4,3514.0,5266.0,,"{""evidence_tier"": ""unassessed"", ""coverage_verified"": false}"
158995,4,152.0,4633.0,,"{""evidence_tier"": ""unassessed"", ""coverage_verified"": false}"
158995,2,4633.0,4735.0,,"{""evidence_tier"": ""unlabelled_screen"", ""coverage_verified"": false}"
158995,4,4735.0,5271.0,,"{""evidence_tier"": ""unassessed"", ""coverage_verified"": false}"
158996,4,187.0,4329.0,,"{""evidence_tier"": ""unassessed"", ""coverage_verified"": false}"
158996,2,4329.0,4555.0,,"{""evidence_tier"": ""unlabelled_screen"", ""coverage_verified"": false}"
158996,4,4555.0,4576.0,,"{""evidence_tier"": ""unassessed"", ""coverage_verified"": false}"
158996,2,4576.0,4635.0,,"{""evidence_tier"": ""unlabelled_screen"", ""coverage_verified"": false}"
158996,4,4635.0,4676.0,,"{""evidence_tier"": ""unassessed"", ""coverage_verified"": false}"
158996,2,4676.0,4735.0,,"{""evidence_tier"": ""unlabelled_screen"", ""coverage_verified"": false}"
158996,4,4735.0,4775.0,,"{""evidence_tier"": ""unassessed"", ""coverage_verified"": false}"
158996,2,4775.0,4794.0,,"{""evidence_tier"": ""unlabelled_screen"", ""coverage_verified"": false}"
158996,4,4794.0,4816.0,,"{""evidence_tier"": ""unassessed"", ""coverage_verified"": false}"
158996,2,4816.0,4854.0,,"{""evidence_tier"": ""unlabelled_screen"", ""coverage_verified"": false}"
158996,4,4854.0,5265.0,,"{""evidence_tier"": ""unassessed"", ""coverage_verified"": false}"
158998,4,249.0,5260.0,,"{""evidence_tier"": ""unassessed"", ""coverage_verified"": false}"
158999,4,257.0,2795.0,,"{""evidence_tier"": ""unassessed"", ""coverage_verified"": false}"
158999,2,2795.0,2815.0,,"{""evidence_tier"": ""unlabelled_screen"", ""coverage_verified"": false}"
158999,4,2815.0,4402.0,,"{""evidence_tier"": ""unassessed"", ""coverage_verified"": false}"
159000,4,238.0,5265.0,,"{""evidence_tier"": ""unassessed"", ""coverage_verified"": false}"
159003,4,189.0,3005.0,,"{""evidence_tier"": ""unassessed"", ""coverage_verified"": false}"
159003,2,3005.0,3021.0,,"{""evidence_tier"": ""unlabelled_screen"", ""coverage_verified"": false}"
159003,4,3021.0,3175.0,,"{""evidence_tier"": ""unassessed"", ""coverage_verified"": false}"
159003,2,3175.0,3185.0,,"{""evidence_tier"": ""unlabelled_screen"", ""coverage_verified"": false}"
159003,4,3185.0,3237.0,,"{""evidence_tier"": ""unassessed"", ""coverage_verified"": false}"
159003,2,3237.0,3253.0,,"{""evidence_tier"": ""unlabelled_screen"", ""coverage_verified"": false}"
159003,4,3253.0,3256.0,,"{""evidence_tier"": ""unassessed"", ""coverage_verified"": false}"
159003,2,3256.0,3267.0,,"{""evidence_tier"": ""unlabelled_screen"", ""coverage_verified"": false}"
159003,4,3267.0,3329.0,,"{""evidence_tier"": ""unassessed"", ""coverage_verified"": false}"
159003,2,3329.0,3344.0,,"{""evidence_tier"": ""unlabelled_screen"", ""coverage_verified"": false}"
159003,4,3344.0,5267.0,,"{""evidence_tier"": ""unassessed"", ""coverage_verified"": false}"
159004,4,186.0,3077.0,,"{""evidence_tier"": ""unassessed"", ""coverage_verified"": false}"
159004,2,3077.0,3154.0,,"{""evidence_tier"": ""unlabelled_screen"", ""coverage_verified"": false}"
159004,4,3154.0,3316.0,,"{""evidence_tier"": ""unassessed"", ""coverage_verified"": false}"
159004,2,3316.0,3334.0,,"{""evidence_tier"": ""unlabelled_screen"", ""coverage_verified"": false}"
159004,4,3334.0,3396.0,,"{""evidence_tier"": ""unassessed"", ""coverage_verified"": false}"
159004,2,3396.0,3415.0,,"{""evidence_tier"": ""unlabelled_screen"", ""coverage_verified"": false}"
159004,4,3415.0,5263.0,,"{""evidence_tier"": ""unassessed"", ""coverage_verified"": false}"
159262,4,145.0,3006.005,,"{""evidence_tier"": ""unassessed"", ""coverage_verified"": false}"
159262,2,3006.005,3104.005,,"{""evidence_tier"": ""unlabelled_screen"", ""coverage_verified"": false}"
159262,4,3104.005,5265.0,,"{""evidence_tier"": ""unassessed"", ""coverage_verified"": false}"
159266,4,113.0,3069.005,,"{""evidence_tier"": ""unassessed"", ""coverage_verified"": false}"
159266,2,3069.005,3084.005,,"{""evidence_tier"": ""unlabelled_screen"", ""coverage_verified"": false}"
159266,4,3084.005,3265.005,,"{""evidence_tier"": ""unassessed"", ""coverage_verified"": false}"
159266,2,3265.005,3280.005,,"{""evidence_tier"": ""unlabelled_screen"", ""coverage_verified"": false}"
159266,4,3280.005,3282.005,,"{""evidence_tier"": ""unassessed"", ""coverage_verified"": false}"
159266,2,3282.005,3304.005,,"{""evidence_tier"": ""unlabelled_screen"", ""coverage_verified"": false}"
159266,4,3304.005,3425.005,,"{""evidence_tier"": ""unassessed"", ""coverage_verified"": false}"
159266,2,3425.005,3464.005,,"{""evidence_tier"": ""unlabelled_screen"", ""coverage_verified"": false}"
159266,4,3464.005,3545.005,,"{""evidence_tier"": ""unassessed"", ""coverage_verified"": false}"
159266,2,3545.005,3764.005,,"{""evidence_tier"": ""unlabelled_screen"", ""coverage_verified"": false}"
159266,4,3764.005,3845.005,,"{""evidence_tier"": ""unassessed"", ""coverage_verified"": false}"
159266,2,3845.005,4104.005,,"{""evidence_tier"": ""unlabelled_screen"", ""coverage_verified"": false}"
159266,4,4104.005,6225.0,,"{""evidence_tier"": ""unassessed"", ""coverage_verified"": false}"
159269,4,113.0,3107.005,,"{""evidence_tier"": ""unassessed"", ""coverage_verified"": false}"
159269,2,3107.005,3117.005,,"{""evidence_tier"": ""unlabelled_screen"", ""coverage_verified"": false}"
159269,4,3117.005,3505.005,,"{""evidence_tier"": ""unassessed"", ""coverage_verified"": false}"
159269,2,3505.005,3664.005,,"{""evidence_tier"": ""unlabelled_screen"", ""coverage_verified"": false}"
159269,4,3664.005,3725.005,,"{""evidence_tier"": ""unassessed"", ""coverage_verified"": false}"
159269,2,3725.005,3817.005,,"{""evidence_tier"": ""unlabelled_screen"", ""coverage_verified"": false}"
159269,4,3817.005,3820.005,,"{""evidence_tier"": ""unassessed"", ""coverage_verified"": false}"
159269,2,3820.005,3876.005,,"{""evidence_tier"": ""unlabelled_screen"", ""coverage_verified"": false}"
159269,4,3876.005,3878.005,,"{""evidence_tier"": ""unassessed"", ""coverage_verified"": false}"
159269,2,3878.005,3920.005,,"{""evidence_tier"": ""unlabelled_screen"", ""coverage_verified"": false}"
159269,4,3920.005,3922.005,,"{""evidence_tier"": ""unassessed"", ""coverage_verified"": false}"
159269,2,3922.005,3975.005,,"{""evidence_tier"": ""unlabelled_screen"", ""coverage_verified"": false}"
159269,4,3975.005,3978.005,,"{""evidence_tier"": ""unassessed"", ""coverage_verified"": false}"
159269,2,3978.005,3988.005,,"{""evidence_tier"": ""unlabelled_screen"", ""coverage_verified"": false}"
159269,4,3988.005,3990.005,,"{""evidence_tier"": ""unassessed"", ""coverage_verified"": false}"
159269,2,3990.005,4020.005,,"{""evidence_tier"": ""unlabelled_screen"", ""coverage_verified"": false}"
159269,4,4020.005,4022.005,,"{""evidence_tier"": ""unassessed"", ""coverage_verified"": false}"
159269,2,4022.005,4332.005,,"{""evidence_tier"": ""unlabelled_screen"", ""coverage_verified"": false}"
159269,4,4332.005,4334.005,,"{""evidence_tier"": ""unassessed"", ""coverage_verified"": false}"
159269,2,4334.005,4385.005,,"{""evidence_tier"": ""unlabelled_screen"", ""coverage_verified"": false}"
159269,4,4385.005,4387.005,,"{""evidence_tier"": ""unassessed"", ""coverage_verified"": false}"
159269,2,4387.005,5034.005,,"{""evidence_tier"": ""unlabelled_screen"", ""coverage_verified"": false}"
159269,4,5034.005,5257.0,,"{""evidence_tier"": ""unassessed"", ""coverage_verified"": false}"
159270,4,112.0,3795.005,,"{""evidence_tier"": ""unassessed"", ""coverage_verified"": false}"
159270,2,3795.005,3822.005,,"{""evidence_tier"": ""unlabelled_screen"", ""coverage_verified"": false}"
159270,4,3822.005,3824.005,,"{""evidence_tier"": ""unassessed"", ""coverage_verified"": false}"
159270,2,3824.005,3836.005,,"{""evidence_tier"": ""unlabelled_screen"", ""coverage_verified"": false}"
159270,4,3836.005,3838.005,,"{""evidence_tier"": ""unassessed"", ""coverage_verified"": false}"
159270,2,3838.005,3913.005,,"{""evidence_tier"": ""unlabelled_screen"", ""coverage_verified"": false}"
159270,4,3913.005,3926.005,,"{""evidence_tier"": ""unassessed"", ""coverage_verified"": false}"
159270,2,3926.005,3937.005,,"{""evidence_tier"": ""unlabelled_screen"", ""coverage_verified"": false}"
159270,4,3937.005,3953.005,,"{""evidence_tier"": ""unassessed"", ""coverage_verified"": false}"
159270,2,3953.005,3974.005,,"{""evidence_tier"": ""unlabelled_screen"", ""coverage_verified"": false}"
159270,4,3974.005,3988.005,,"{""evidence_tier"": ""unassessed"", ""coverage_verified"": false}"
159270,2,3988.005,3998.005,,"{""evidence_tier"": ""unlabelled_screen"", ""coverage_verified"": false}"
159270,4,3998.005,4001.005,,"{""evidence_tier"": ""unassessed"", ""coverage_verified"": false}"
159270,2,4001.005,4016.005,,"{""evidence_tier"": ""unlabelled_screen"", ""coverage_verified"": false}"
159270,4,4016.005,4020.005,,"{""evidence_tier"": ""unassessed"", ""coverage_verified"": false}"
159270,2,4020.005,4030.005,,"{""evidence_tier"": ""unlabelled_screen"", ""coverage_verified"": false}"
159270,4,4030.005,4034.005,,"{""evidence_tier"": ""unassessed"", ""coverage_verified"": false}"
159270,2,4034.005,4047.005,,"{""evidence_tier"": ""unlabelled_screen"", ""coverage_verified"": false}"
159270,4,4047.005,4049.005,,"{""evidence_tier"": ""unassessed"", ""coverage_verified"": false}"
159270,2,4049.005,4067.005,,"{""evidence_tier"": ""unlabelled_screen"", ""coverage_verified"": false}"
159270,4,4067.005,4071.005,,"{""evidence_tier"": ""unassessed"", ""coverage_verified"": false}"
159270,2,4071.005,4160.005,,"{""evidence_tier"": ""unlabelled_screen"", ""coverage_verified"": false}"
159270,4,4160.005,4165.005,,"{""evidence_tier"": ""unassessed"", ""coverage_verified"": false}"
159270,2,4165.005,4325.005,,"{""evidence_tier"": ""unlabelled_screen"", ""coverage_verified"": false}"
159270,4,4325.005,4339.005,,"{""evidence_tier"": ""unassessed"", ""coverage_verified"": false}"
159270,2,4339.005,4354.005,,"{""evidence_tier"": ""unlabelled_screen"", ""coverage_verified"": false}"
159270,4,4354.005,4358.005,,"{""evidence_tier"": ""unassessed"", ""coverage_verified"": false}"
159270,2,4358.005,4369.005,,"{""evidence_tier"": ""unlabelled_screen"", ""coverage_verified"": false}"
159270,4,4369.005,4376.005,,"{""evidence_tier"": ""unassessed"", ""coverage_verified"": false}"
159270,2,4376.005,4388.005,,"{""evidence_tier"": ""unlabelled_screen"", ""coverage_verified"": false}"
159270,4,4388.005,4493.005,,"{""evidence_tier"": ""unassessed"", ""coverage_verified"": false}"
159270,2,4493.005,4586.005,,"{""evidence_tier"": ""unlabelled_screen"", ""coverage_verified"": false}"
159270,4,4586.005,4590.005,,"{""evidence_tier"": ""unassessed"", ""coverage_verified"": false}"
159270,2,4590.005,4608.005,,"{""evidence_tier"": ""unlabelled_screen"", ""coverage_verified"": false}"
159270,4,4608.005,4624.005,,"{""evidence_tier"": ""unassessed"", ""coverage_verified"": false}"
159270,2,4624.005,4653.005,,"{""evidence_tier"": ""unlabelled_screen"", ""coverage_verified"": false}"
159270,4,4653.005,5263.0,,"{""evidence_tier"": ""unassessed"", ""coverage_verified"": false}"
159273,4,111.0,2435.005,,"{""evidence_tier"": ""unassessed"", ""coverage_verified"": false}"
159273,2,2435.005,2454.005,,"{""evidence_tier"": ""unlabelled_screen"", ""coverage_verified"": false}"
159273,4,2454.005,2498.005,,"{""evidence_tier"": ""unassessed"", ""coverage_verified"": false}"
159273,2,2498.005,2524.005,,"{""evidence_tier"": ""unlabelled_screen"", ""coverage_verified"": false}"
159273,4,2524.005,4829.0,,"{""evidence_tier"": ""unassessed"", ""coverage_verified"": false}"
159276,4,112.0,5261.0,,"{""evidence_tier"": ""unassessed"", ""coverage_verified"": false}"
159277,4,113.0,3005.005,,"{""evidence_tier"": ""unassessed"", ""coverage_verified"": false}"
159277,2,3005.005,3015.005,,"{""evidence_tier"": ""unlabelled_screen"", ""coverage_verified"": false}"
159277,4,3015.005,3245.005,,"{""evidence_tier"": ""unassessed"", ""coverage_verified"": false}"
159277,2,3245.005,3304.005,,"{""evidence_tier"": ""unlabelled_screen"", ""coverage_verified"": false}"
159277,4,3304.005,5375.0,,"{""evidence_tier"": ""unassessed"", ""coverage_verified"": false}"
176067,0,525.276,2538.0,,"{""evidence_tier"": ""assumed_absent"", ""coverage_verified"": false}"
176067,4,2538.0,2618.0,,"{""evidence_tier"": ""unassessed"", ""coverage_verified"": false}"
176067,2,2618.0,2638.0,,"{""evidence_tier"": ""onset_window_uncertain"", ""coverage_verified"": false, ""source_onsets"": [{""NTOR"": 1, ""MODE_TYPE"": ""rwm"", ""ONSET_TIME"": 2638.0, ""source"": ""rwm_onsets_2024""}]}"
176067,1,2638.0,2648.0,,"{""evidence_tier"": ""onset_point_minimal"", ""coverage_verified"": false, ""source_onsets"": [{""NTOR"": 1, ""MODE_TYPE"": ""rwm"", ""ONSET_TIME"": 2638.0, ""source"": ""rwm_onsets_2024""}]}"
176067,4,2648.0,6413.276,,"{""evidence_tier"": ""unassessed"", ""coverage_verified"": false}"
176068,0,509.276,2318.5,,"{""evidence_tier"": ""assumed_absent"", ""coverage_verified"": false}"
176068,4,2318.5,2398.5,,"{""evidence_tier"": ""unassessed"", ""coverage_verified"": false}"
176068,2,2398.5,2418.5,,"{""evidence_tier"": ""onset_window_uncertain"", ""coverage_verified"": false, ""source_onsets"": [{""NTOR"": 1, ""MODE_TYPE"": ""rwm"", ""ONSET_TIME"": 2418.5, ""source"": ""rwm_onsets_2024""}]}"
176068,1,2418.5,2428.5,,"{""evidence_tier"": ""onset_point_minimal"", ""coverage_verified"": false, ""source_onsets"": [{""NTOR"": 1, ""MODE_TYPE"": ""rwm"", ""ONSET_TIME"": 2418.5, ""source"": ""rwm_onsets_2024""}]}"
176068,4,2428.5,2672.0,,"{""evidence_tier"": ""unassessed"", ""coverage_verified"": false}"
176068,2,2672.0,2692.0,,"{""evidence_tier"": ""onset_window_uncertain"", ""coverage_verified"": false, ""source_onsets"": [{""NTOR"": 1, ""MODE_TYPE"": ""rwm"", ""ONSET_TIME"": 2692.0, ""source"": ""rwm_onsets_2024""}]}"
176068,1,2692.0,2702.0,,"{""evidence_tier"": ""onset_point_minimal"", ""coverage_verified"": false, ""source_onsets"": [{""NTOR"": 1, ""MODE_TYPE"": ""rwm"", ""ONSET_TIME"": 2692.0, ""source"": ""rwm_onsets_2024""}]}"
176068,4,2702.0,2950.5,,"{""evidence_tier"": ""unassessed"", ""coverage_verified"": false}"
176068,2,2950.5,2970.5,,"{""evidence_tier"": ""onset_window_uncertain"", ""coverage_verified"": false, ""source_onsets"": [{""NTOR"": 1, ""MODE_TYPE"": ""rwm"", ""ONSET_TIME"": 2970.5, ""source"": ""rwm_onsets_2024""}]}"
176068,1,2970.5,2980.5,,"{""evidence_tier"": ""onset_point_minimal"", ""coverage_verified"": false, ""source_onsets"": [{""NTOR"": 1, ""MODE_TYPE"": ""rwm"", ""ONSET_TIME"": 2970.5, ""source"": ""rwm_onsets_2024""}]}"
176068,4,2980.5,3273.0,,"{""evidence_tier"": ""unassessed"", ""coverage_verified"": false}"
176068,2,3273.0,3293.0,,"{""evidence_tier"": ""onset_window_uncertain"", ""coverage_verified"": false, ""source_onsets"": [{""NTOR"": 1, ""MODE_TYPE"": ""rwm"", ""ONSET_TIME"": 3293.0, ""source"": ""rwm_onsets_2024""}]}"
176068,1,3293.0,3303.0,,"{""evidence_tier"": ""onset_point_minimal"", ""coverage_verified"": false, ""source_onsets"": [{""NTOR"": 1, ""MODE_TYPE"": ""rwm"", ""ONSET_TIME"": 3293.0, ""source"": ""rwm_onsets_2024""}]}"
176068,4,3303.0,6405.276,,"{""evidence_tier"": ""unassessed"", ""coverage_verified"": false}"
176069,0,494.277,2169.74,,"{""evidence_tier"": ""assumed_absent"", ""coverage_verified"": false}"
176069,4,2169.74,2249.74,,"{""evidence_tier"": ""unassessed"", ""coverage_verified"": false}"
176069,2,2249.74,2269.74,,"{""evidence_tier"": ""onset_window_uncertain"", ""coverage_verified"": false, ""source_onsets"": [{""NTOR"": 1, ""MODE_TYPE"": ""rwm"", ""ONSET_TIME"": 2269.74, ""source"": ""rwm_onsets_2024""}]}"
176069,1,2269.74,2279.74,,"{""evidence_tier"": ""onset_point_minimal"", ""coverage_verified"": false, ""source_onsets"": [{""NTOR"": 1, ""MODE_TYPE"": ""rwm"", ""ONSET_TIME"": 2269.74, ""source"": ""rwm_onsets_2024""}]}"
176069,4,2279.74,3215.0,,"{""evidence_tier"": ""unassessed"", ""coverage_verified"": false}"
176069,2,3215.0,3235.0,,"{""evidence_tier"": ""onset_window_uncertain"", ""coverage_verified"": false, ""source_onsets"": [{""NTOR"": 1, ""MODE_TYPE"": ""rwm"", ""ONSET_TIME"": 3235.0, ""source"": ""rwm_onsets_2024""}]}"
176069,1,3235.0,3245.0,,"{""evidence_tier"": ""onset_point_minimal"", ""coverage_verified"": false, ""source_onsets"": [{""NTOR"": 1, ""MODE_TYPE"": ""rwm"", ""ONSET_TIME"": 3235.0, ""source"": ""rwm_onsets_2024""}]}"
176069,4,3245.0,3769.5,,"{""evidence_tier"": ""unassessed"", ""coverage_verified"": false}"
176069,2,3769.5,3789.5,,"{""evidence_tier"": ""onset_window_uncertain"", ""coverage_verified"": false, ""source_onsets"": [{""NTOR"": 1, ""MODE_TYPE"": ""rwm"", ""ONSET_TIME"": 3789.5, ""source"": ""rwm_onsets_2024""}]}"
176069,1,3789.5,3799.5,,"{""evidence_tier"": ""onset_point_minimal"", ""coverage_verified"": false, ""source_onsets"": [{""NTOR"": 1, ""MODE_TYPE"": ""rwm"", ""ONSET_TIME"": 3789.5, ""source"": ""rwm_onsets_2024""}]}"
176069,4,3799.5,6391.277,,"{""evidence_tier"": ""unassessed"", ""coverage_verified"": false}"
176070,0,552.111,2718.4,,"{""evidence_tier"": ""assumed_absent"", ""coverage_verified"": false}"
176070,4,2718.4,2798.4,,"{""evidence_tier"": ""unassessed"", ""coverage_verified"": false}"
176070,2,2798.4,2818.4,,"{""evidence_tier"": ""onset_window_uncertain"", ""coverage_verified"": false, ""source_onsets"": [{""NTOR"": 1, ""MODE_TYPE"": ""rwm"", ""ONSET_TIME"": 2818.4, ""source"": ""rwm_onsets_2024""}]}"
176070,1,2818.4,2828.4,,"{""evidence_tier"": ""onset_point_minimal"", ""coverage_verified"": false, ""source_onsets"": [{""NTOR"": 1, ""MODE_TYPE"": ""rwm"", ""ONSET_TIME"": 2818.4, ""source"": ""rwm_onsets_2024""}]}"
176070,4,2828.4,2993.5,,"{""evidence_tier"": ""unassessed"", ""coverage_verified"": false}"
176070,2,2993.5,3013.5,,"{""evidence_tier"": ""onset_window_uncertain"", ""coverage_verified"": false, ""source_onsets"": [{""NTOR"": 1, ""MODE_TYPE"": ""rwm"", ""ONSET_TIME"": 3013.5, ""source"": ""rwm_onsets_2024""}]}"
176070,1,3013.5,3023.5,,"{""evidence_tier"": ""onset_point_minimal"", ""coverage_verified"": false, ""source_onsets"": [{""NTOR"": 1, ""MODE_TYPE"": ""rwm"", ""ONSET_TIME"": 3013.5, ""source"": ""rwm_onsets_2024""}]}"
176070,4,3023.5,6200.111,,"{""evidence_tier"": ""unassessed"", ""coverage_verified"": false}"
176071,0,529.108,2971.0,,"{""evidence_tier"": ""assumed_absent"", ""coverage_verified"": false}"
176071,4,2971.0,3051.0,,"{""evidence_tier"": ""unassessed"", ""coverage_verified"": false}"
176071,2,3051.0,3071.0,,"{""evidence_tier"": ""onset_window_uncertain"", ""coverage_verified"": false, ""source_onsets"": [{""NTOR"": 1, ""MODE_TYPE"": ""rwm"", ""ONSET_TIME"": 3071.0, ""source"": ""rwm_onsets_2024""}]}"
176071,1,3071.0,3081.0,,"{""evidence_tier"": ""onset_point_minimal"", ""coverage_verified"": false, ""source_onsets"": [{""NTOR"": 1, ""MODE_TYPE"": ""rwm"", ""ONSET_TIME"": 3071.0, ""source"": ""rwm_onsets_2024""}]}"
176071,4,3081.0,6061.108,,"{""evidence_tier"": ""unassessed"", ""coverage_verified"": false}"
176072,4,545.11,5992.11,,"{""evidence_tier"": ""unassessed"", ""coverage_verified"": false}"
176073,4,529.111,6259.111,,"{""evidence_tier"": ""unassessed"", ""coverage_verified"": false}"
176074,0,527.11,2139.0,,"{""evidence_tier"": ""assumed_absent"", ""coverage_verified"": false}"
176074,4,2139.0,2219.0,,"{""evidence_tier"": ""unassessed"", ""coverage_verified"": false}"
176074,2,2219.0,2239.0,,"{""evidence_tier"": ""onset_window_uncertain"", ""coverage_verified"": false, ""source_onsets"": [{""NTOR"": 1, ""MODE_TYPE"": ""rwm"", ""ONSET_TIME"": 2239.0, ""source"": ""rwm_onsets_2024""}]}"
176074,1,2239.0,2249.0,,"{""evidence_tier"": ""onset_point_minimal"", ""coverage_verified"": false, ""source_onsets"": [{""NTOR"": 1, ""MODE_TYPE"": ""rwm"", ""ONSET_TIME"": 2239.0, ""source"": ""rwm_onsets_2024""}]}"
176074,4,2249.0,3441.0,,"{""evidence_tier"": ""unassessed"", ""coverage_verified"": false}"
176074,2,3441.0,3461.0,,"{""evidence_tier"": ""onset_window_uncertain"", ""coverage_verified"": false, ""source_onsets"": [{""NTOR"": 1, ""MODE_TYPE"": ""rwm"", ""ONSET_TIME"": 3461.0, ""source"": ""rwm_onsets_2024""}]}"
176074,1,3461.0,3471.0,,"{""evidence_tier"": ""onset_point_minimal"", ""coverage_verified"": false, ""source_onsets"": [{""NTOR"": 1, ""MODE_TYPE"": ""rwm"", ""ONSET_TIME"": 3461.0, ""source"": ""rwm_onsets_2024""}]}"
176074,4,3471.0,6205.11,,"{""evidence_tier"": ""unassessed"", ""coverage_verified"": false}"
176075,4,317.11,3311.11,,"{""evidence_tier"": ""unassessed"", ""coverage_verified"": false}"
176076,4,539.111,5991.111,,"{""evidence_tier"": ""unassessed"", ""coverage_verified"": false}"
176077,0,505.11,1553.5,,"{""evidence_tier"": ""assumed_absent"", ""coverage_verified"": false}"
176077,4,1553.5,1633.5,,"{""evidence_tier"": ""unassessed"", ""coverage_verified"": false}"
176077,2,1633.5,1653.5,,"{""evidence_tier"": ""onset_window_uncertain"", ""coverage_verified"": false, ""source_onsets"": [{""NTOR"": 1, ""MODE_TYPE"": ""rwm"", ""ONSET_TIME"": 1653.5, ""source"": ""rwm_onsets_2024""}]}"
176077,1,1653.5,1663.5,,"{""evidence_tier"": ""onset_point_minimal"", ""coverage_verified"": false, ""source_onsets"": [{""NTOR"": 1, ""MODE_TYPE"": ""rwm"", ""ONSET_TIME"": 1653.5, ""source"": ""rwm_onsets_2024""}]}"
176077,4,1663.5,6224.11,,"{""evidence_tier"": ""unassessed"", ""coverage_verified"": false}"
176078,0,495.111,3335.0,,"{""evidence_tier"": ""assumed_absent"", ""coverage_verified"": false}"
176078,4,3335.0,3415.0,,"{""evidence_tier"": ""unassessed"", ""coverage_verified"": false}"
176078,2,3415.0,3435.0,,"{""evidence_tier"": ""onset_window_uncertain"", ""coverage_verified"": false, ""source_onsets"": [{""NTOR"": 1, ""MODE_TYPE"": ""rwm"", ""ONSET_TIME"": 3435.0, ""source"": ""rwm_onsets_2024""}]}"
176078,1,3435.0,3445.0,,"{""evidence_tier"": ""onset_point_minimal"", ""coverage_verified"": false, ""source_onsets"": [{""NTOR"": 1, ""MODE_TYPE"": ""rwm"", ""ONSET_TIME"": 3435.0, ""source"": ""rwm_onsets_2024""}]}"
176078,4,3445.0,4129.0,,"{""evidence_tier"": ""unassessed"", ""coverage_verified"": false}"
176078,2,4129.0,4149.0,,"{""evidence_tier"": ""onset_window_uncertain"", ""coverage_verified"": false, ""source_onsets"": [{""NTOR"": 1, ""MODE_TYPE"": ""rwm"", ""ONSET_TIME"": 4149.0, ""source"": ""rwm_onsets_2024""}]}"
176078,1,4149.0,4159.0,,"{""evidence_tier"": ""onset_point_minimal"", ""coverage_verified"": false, ""source_onsets"": [{""NTOR"": 1, ""MODE_TYPE"": ""rwm"", ""ONSET_TIME"": 4149.0, ""source"": ""rwm_onsets_2024""}]}"
176078,4,4159.0,6137.111,,"{""evidence_tier"": ""unassessed"", ""coverage_verified"": false}"
176079,4,512.11,6219.11,,"{""evidence_tier"": ""unassessed"", ""coverage_verified"": false}"
176080,4,524.111,6018.111,,"{""evidence_tier"": ""unassessed"", ""coverage_verified"": false}"
176084,4,284.11,6000.11,,"{""evidence_tier"": ""unassessed"", ""coverage_verified"": false}"
176085,0,272.11,3460.0,,"{""evidence_tier"": ""assumed_absent"", ""coverage_verified"": false}"
176085,4,3460.0,3540.0,,"{""evidence_tier"": ""unassessed"", ""coverage_verified"": false}"
176085,2,3540.0,3560.0,,"{""evidence_tier"": ""onset_window_uncertain"", ""coverage_verified"": false, ""source_onsets"": [{""NTOR"": 1, ""MODE_TYPE"": ""rwm"", ""ONSET_TIME"": 3560.0, ""source"": ""rwm_onsets_2024""}]}"
176085,1,3560.0,3570.0,,"{""evidence_tier"": ""onset_point_minimal"", ""coverage_verified"": false, ""source_onsets"": [{""NTOR"": 1, ""MODE_TYPE"": ""rwm"", ""ONSET_TIME"": 3560.0, ""source"": ""rwm_onsets_2024""}]}"
176085,4,3570.0,3807.5,,"{""evidence_tier"": ""unassessed"", ""coverage_verified"": false}"
176085,2,3807.5,3827.5,,"{""evidence_tier"": ""onset_window_uncertain"", ""coverage_verified"": false, ""source_onsets"": [{""NTOR"": 2, ""MODE_TYPE"": ""n2rwm"", ""ONSET_TIME"": 3827.5, ""source"": ""rwm_onsets_2024""}]}"
176085,1,3827.5,3837.5,,"{""evidence_tier"": ""onset_point_minimal"", ""coverage_verified"": false, ""source_onsets"": [{""NTOR"": 2, ""MODE_TYPE"": ""n2rwm"", ""ONSET_TIME"": 3827.5, ""source"": ""rwm_onsets_2024""}]}"
176085,4,3837.5,6154.11,,"{""evidence_tier"": ""unassessed"", ""coverage_verified"": false}"
176086,4,284.11,6014.11,,"{""evidence_tier"": ""unassessed"", ""coverage_verified"": false}"
176087,0,286.109,3038.0,,"{""evidence_tier"": ""assumed_absent"", ""coverage_verified"": false}"
176087,4,3038.0,3118.0,,"{""evidence_tier"": ""unassessed"", ""coverage_verified"": false}"
176087,2,3118.0,3138.0,,"{""evidence_tier"": ""onset_window_uncertain"", ""coverage_verified"": false, ""source_onsets"": [{""NTOR"": 1, ""MODE_TYPE"": ""rwm"", ""ONSET_TIME"": 3138.0, ""source"": ""rwm_onsets_2024""}]}"
176087,1,3138.0,3148.0,,"{""evidence_tier"": ""onset_point_minimal"", ""coverage_verified"": false, ""source_onsets"": [{""NTOR"": 1, ""MODE_TYPE"": ""rwm"", ""ONSET_TIME"": 3138.0, ""source"": ""rwm_onsets_2024""}]}"
176087,4,3148.0,6007.109,,"{""evidence_tier"": ""unassessed"", ""coverage_verified"": false}"
176088,0,290.109,2021.0,,"{""evidence_tier"": ""assumed_absent"", ""coverage_verified"": false}"
176088,4,2021.0,2101.0,,"{""evidence_tier"": ""unassessed"", ""coverage_verified"": false}"
176088,2,2101.0,2121.0,,"{""evidence_tier"": ""onset_window_uncertain"", ""coverage_verified"": false, ""source_onsets"": [{""NTOR"": 1, ""MODE_TYPE"": ""rwm"", ""ONSET_TIME"": 2121.0, ""source"": ""rwm_onsets_2024""}]}"
176088,1,2121.0,2131.0,,"{""evidence_tier"": ""onset_point_minimal"", ""coverage_verified"": false, ""source_onsets"": [{""NTOR"": 1, ""MODE_TYPE"": ""rwm"", ""ONSET_TIME"": 2121.0, ""source"": ""rwm_onsets_2024""}]}"
176088,4,2131.0,2308.0,,"{""evidence_tier"": ""unassessed"", ""coverage_verified"": false}"
176088,2,2308.0,2328.0,,"{""evidence_tier"": ""onset_window_uncertain"", ""coverage_verified"": false, ""source_onsets"": [{""NTOR"": 1, ""MODE_TYPE"": ""rwm"", ""ONSET_TIME"": 2328.0, ""source"": ""rwm_onsets_2024""}]}"
176088,1,2328.0,2338.0,,"{""evidence_tier"": ""onset_point_minimal"", ""coverage_verified"": false, ""source_onsets"": [{""NTOR"": 1, ""MODE_TYPE"": ""rwm"", ""ONSET_TIME"": 2328.0, ""source"": ""rwm_onsets_2024""}]}"
176088,4,2338.0,3596.0,,"{""evidence_tier"": ""unassessed"", ""coverage_verified"": false}"
176088,2,3596.0,3616.0,,"{""evidence_tier"": ""onset_window_uncertain"", ""coverage_verified"": false, ""source_onsets"": [{""NTOR"": 1, ""MODE_TYPE"": ""rwm"", ""ONSET_TIME"": 3616.0, ""source"": ""rwm_onsets_2024""}]}"
176088,1,3616.0,3626.0,,"{""evidence_tier"": ""onset_point_minimal"", ""coverage_verified"": false, ""source_onsets"": [{""NTOR"": 1, ""MODE_TYPE"": ""rwm"", ""ONSET_TIME"": 3616.0, ""source"": ""rwm_onsets_2024""}]}"
176088,4,3626.0,4113.5,,"{""evidence_tier"": ""unassessed"", ""coverage_verified"": false}"
176088,2,4113.5,4133.5,,"{""evidence_tier"": ""onset_window_uncertain"", ""coverage_verified"": false, ""source_onsets"": [{""NTOR"": 2, ""MODE_TYPE"": ""n2rwm"", ""ONSET_TIME"": 4133.5, ""source"": ""rwm_onsets_2024""}]}"
176088,1,4133.5,4143.5,,"{""evidence_tier"": ""onset_point_minimal"", ""coverage_verified"": false, ""source_onsets"": [{""NTOR"": 2, ""MODE_TYPE"": ""n2rwm"", ""ONSET_TIME"": 4133.5, ""source"": ""rwm_onsets_2024""}]}"
176088,4,4143.5,6006.109,,"{""evidence_tier"": ""unassessed"", ""coverage_verified"": false}"
176089,0,285.109,2743.0,,"{""evidence_tier"": ""assumed_absent"", ""coverage_verified"": false}"
176089,4,2743.0,2823.0,,"{""evidence_tier"": ""unassessed"", ""coverage_verified"": false}"
176089,2,2823.0,2843.0,,"{""evidence_tier"": ""onset_window_uncertain"", ""coverage_verified"": false, ""source_onsets"": [{""NTOR"": 1, ""MODE_TYPE"": ""rwm"", ""ONSET_TIME"": 2843.0, ""source"": ""rwm_onsets_2024""}]}"
176089,1,2843.0,2853.0,,"{""evidence_tier"": ""onset_point_minimal"", ""coverage_verified"": false, ""source_onsets"": [{""NTOR"": 1, ""MODE_TYPE"": ""rwm"", ""ONSET_TIME"": 2843.0, ""source"": ""rwm_onsets_2024""}]}"
176089,4,2853.0,4380.0,,"{""evidence_tier"": ""unassessed"", ""coverage_verified"": false}"
176089,2,4380.0,4400.0,,"{""evidence_tier"": ""onset_window_uncertain"", ""coverage_verified"": false, ""source_onsets"": [{""NTOR"": 2, ""MODE_TYPE"": ""n2rwm"", ""ONSET_TIME"": 4400.0, ""source"": ""rwm_onsets_2024""}]}"
176089,1,4400.0,4410.0,,"{""evidence_tier"": ""onset_point_minimal"", ""coverage_verified"": false, ""source_onsets"": [{""NTOR"": 2, ""MODE_TYPE"": ""n2rwm"", ""ONSET_TIME"": 4400.0, ""source"": ""rwm_onsets_2024""}]}"
176089,4,4410.0,6153.109,,"{""evidence_tier"": ""unassessed"", ""coverage_verified"": false}"
176090,4,277.108,6223.108,,"{""evidence_tier"": ""unassessed"", ""coverage_verified"": false}"
176091,4,298.107,6198.107,,"{""evidence_tier"": ""unassessed"", ""coverage_verified"": false}"
176092,0,324.109,3984.0,,"{""evidence_tier"": ""assumed_absent"", ""coverage_verified"": false}"
176092,4,3984.0,4064.0,,"{""evidence_tier"": ""unassessed"", ""coverage_verified"": false}"
176092,2,4064.0,4084.0,,"{""evidence_tier"": ""onset_window_uncertain"", ""coverage_verified"": false, ""source_onsets"": [{""NTOR"": 2, ""MODE_TYPE"": ""n2rwm"", ""ONSET_TIME"": 4084.0, ""source"": ""rwm_onsets_2024""}]}"
176092,1,4084.0,4094.0,,"{""evidence_tier"": ""onset_point_minimal"", ""coverage_verified"": false, ""source_onsets"": [{""NTOR"": 2, ""MODE_TYPE"": ""n2rwm"", ""ONSET_TIME"": 4084.0, ""source"": ""rwm_onsets_2024""}]}"
176092,4,4094.0,5989.109,,"{""evidence_tier"": ""unassessed"", ""coverage_verified"": false}"
176094,4,322.108,5986.108,,"{""evidence_tier"": ""unassessed"", ""coverage_verified"": false}"
176108,4,282.109,4324.0,,"{""evidence_tier"": ""unassessed"", ""coverage_verified"": false}"
176108,2,4324.0,4344.0,,"{""evidence_tier"": ""unlabelled_screen"", ""coverage_verified"": false}"
176108,4,4344.0,6196.109,,"{""evidence_tier"": ""unassessed"", ""coverage_verified"": false}"
176111,4,269.109,3751.109,,"{""evidence_tier"": ""unassessed"", ""coverage_verified"": false}"
176115,4,324.276,4488.0,,"{""evidence_tier"": ""unassessed"", ""coverage_verified"": false}"
176115,2,4488.0,4498.0,,"{""evidence_tier"": ""unlabelled_screen"", ""coverage_verified"": false}"
176115,4,4498.0,5979.276,,"{""evidence_tier"": ""unassessed"", ""coverage_verified"": false}"
176116,4,319.276,4045.0,,"{""evidence_tier"": ""unassessed"", ""coverage_verified"": false}"
176116,2,4045.0,4073.0,,"{""evidence_tier"": ""unlabelled_screen"", ""coverage_verified"": false}"
176116,4,4073.0,5976.276,,"{""evidence_tier"": ""unassessed"", ""coverage_verified"": false}"
176118,4,328.275,5986.275,,"{""evidence_tier"": ""unassessed"", ""coverage_verified"": false}"
176119,4,347.276,4059.0,,"{""evidence_tier"": ""unassessed"", ""coverage_verified"": false}"
176119,2,4059.0,4071.0,,"{""evidence_tier"": ""unlabelled_screen"", ""coverage_verified"": false}"
176119,4,4071.0,5956.276,,"{""evidence_tier"": ""unassessed"", ""coverage_verified"": false}"
176126,4,85.277,5947.277,,"{""evidence_tier"": ""unassessed"", ""coverage_verified"": false}"
176131,4,193.275,5939.275,,"{""evidence_tier"": ""unassessed"", ""coverage_verified"": false}"
176132,4,164.275,2176.275,,"{""evidence_tier"": ""unassessed"", ""coverage_verified"": false}"
176134,4,166.276,5979.276,,"{""evidence_tier"": ""unassessed"", ""coverage_verified"": false}"
176135,4,168.276,5744.276,,"{""evidence_tier"": ""unassessed"", ""coverage_verified"": false}"
176136,4,136.277,5987.277,,"{""evidence_tier"": ""unassessed"", ""coverage_verified"": false}"
176137,4,166.276,5707.276,,"{""evidence_tier"": ""unassessed"", ""coverage_verified"": false}"
176138,4,167.275,5970.275,,"{""evidence_tier"": ""unassessed"", ""coverage_verified"": false}"
176139,4,167.276,6248.276,,"{""evidence_tier"": ""unassessed"", ""coverage_verified"": false}"
176140,4,168.276,5800.276,,"{""evidence_tier"": ""unassessed"", ""coverage_verified"": false}"
176141,4,165.277,5977.277,,"{""evidence_tier"": ""unassessed"", ""coverage_verified"": false}"
176151,4,137.274,5915.274,,"{""evidence_tier"": ""unassessed"", ""coverage_verified"": false}"
176152,4,137.274,5729.274,,"{""evidence_tier"": ""unassessed"", ""coverage_verified"": false}"
176153,4,137.274,5676.274,,"{""evidence_tier"": ""unassessed"", ""coverage_verified"": false}"
176154,4,136.273,1782.0,,"{""evidence_tier"": ""unassessed"", ""coverage_verified"": false}"
176154,2,1782.0,1814.0,,"{""evidence_tier"": ""unlabelled_screen"", ""coverage_verified"": false}"
176154,4,1814.0,1816.0,,"{""evidence_tier"": ""unassessed"", ""coverage_verified"": false}"
176154,2,1816.0,1829.0,,"{""evidence_tier"": ""unlabelled_screen"", ""coverage_verified"": false}"
176154,4,1829.0,1842.0,,"{""evidence_tier"": ""unassessed"", ""coverage_verified"": false}"
176154,2,1842.0,1865.0,,"{""evidence_tier"": ""unlabelled_screen"", ""coverage_verified"": false}"
176154,4,1865.0,1910.0,,"{""evidence_tier"": ""unassessed"", ""coverage_verified"": false}"
176154,2,1910.0,1926.0,,"{""evidence_tier"": ""unlabelled_screen"", ""coverage_verified"": false}"
176154,4,1926.0,5917.273,,"{""evidence_tier"": ""unassessed"", ""coverage_verified"": false}"
176156,4,137.275,5944.275,,"{""evidence_tier"": ""unassessed"", ""coverage_verified"": false}"
176158,4,137.273,5979.273,,"{""evidence_tier"": ""unassessed"", ""coverage_verified"": false}"
176160,4,106.274,5970.274,,"{""evidence_tier"": ""unassessed"", ""coverage_verified"": false}"
176161,4,105.275,1810.0,,"{""evidence_tier"": ""unassessed"", ""coverage_verified"": false}"
176161,2,1810.0,1869.0,,"{""evidence_tier"": ""unlabelled_screen"", ""coverage_verified"": false}"
176161,4,1869.0,3014.0,,"{""evidence_tier"": ""unassessed"", ""coverage_verified"": false}"
176161,2,3014.0,3025.0,,"{""evidence_tier"": ""unlabelled_screen"", ""coverage_verified"": false}"
176161,4,3025.0,5968.275,,"{""evidence_tier"": ""unassessed"", ""coverage_verified"": false}"
176162,4,187.275,6044.275,,"{""evidence_tier"": ""unassessed"", ""coverage_verified"": false}"
176163,4,194.276,3843.276,,"{""evidence_tier"": ""unassessed"", ""coverage_verified"": false}"
176442,4,105.272,1434.0,,"{""evidence_tier"": ""unassessed"", ""coverage_verified"": false}"
176442,2,1434.0,1538.0,,"{""evidence_tier"": ""unlabelled_screen"", ""coverage_verified"": false}"
176442,4,1538.0,5411.272,,"{""evidence_tier"": ""unassessed"", ""coverage_verified"": false}"
176444,4,84.272,4950.272,,"{""evidence_tier"": ""unassessed"", ""coverage_verified"": false}"
176446,4,107.272,5281.272,,"{""evidence_tier"": ""unassessed"", ""coverage_verified"": false}"
176447,4,108.272,1362.0,,"{""evidence_tier"": ""unassessed"", ""coverage_verified"": false}"
176447,2,1362.0,1382.0,,"{""evidence_tier"": ""unlabelled_screen"", ""coverage_verified"": false}"
176447,4,1382.0,5069.272,,"{""evidence_tier"": ""unassessed"", ""coverage_verified"": false}"
176448,4,89.271,4725.271,,"{""evidence_tier"": ""unassessed"", ""coverage_verified"": false}"
176449,4,106.272,1644.0,,"{""evidence_tier"": ""unassessed"", ""coverage_verified"": false}"
176449,2,1644.0,1654.0,,"{""evidence_tier"": ""unlabelled_screen"", ""coverage_verified"": false}"
176449,4,1654.0,1657.0,,"{""evidence_tier"": ""unassessed"", ""coverage_verified"": false}"
176449,2,1657.0,1872.0,,"{""evidence_tier"": ""unlabelled_screen"", ""coverage_verified"": false}"
176449,4,1872.0,1931.0,,"{""evidence_tier"": ""unassessed"", ""coverage_verified"": false}"
176449,2,1931.0,1954.0,,"{""evidence_tier"": ""unlabelled_screen"", ""coverage_verified"": false}"
176449,4,1954.0,3723.272,,"{""evidence_tier"": ""unassessed"", ""coverage_verified"": false}"
176450,4,167.273,5990.273,,"{""evidence_tier"": ""unassessed"", ""coverage_verified"": false}"
176452,4,107.274,3121.0,,"{""evidence_tier"": ""unassessed"", ""coverage_verified"": false}"
176452,2,3121.0,3149.0,,"{""evidence_tier"": ""unlabelled_screen"", ""coverage_verified"": false}"
176452,4,3149.0,3170.0,,"{""evidence_tier"": ""unassessed"", ""coverage_verified"": false}"
176452,2,3170.0,3189.0,,"{""evidence_tier"": ""unlabelled_screen"", ""coverage_verified"": false}"
176452,4,3189.0,3626.0,,"{""evidence_tier"": ""unassessed"", ""coverage_verified"": false}"
176452,2,3626.0,3636.0,,"{""evidence_tier"": ""unlabelled_screen"", ""coverage_verified"": false}"
176452,4,3636.0,3656.0,,"{""evidence_tier"": ""unassessed"", ""coverage_verified"": false}"
176452,2,3656.0,3668.0,,"{""evidence_tier"": ""unlabelled_screen"", ""coverage_verified"": false}"
176452,4,3668.0,3732.0,,"{""evidence_tier"": ""unassessed"", ""coverage_verified"": false}"
176452,2,3732.0,3749.0,,"{""evidence_tier"": ""unlabelled_screen"", ""coverage_verified"": false}"
176452,4,3749.0,5827.274,,"{""evidence_tier"": ""unassessed"", ""coverage_verified"": false}"
176453,4,107.274,4378.274,,"{""evidence_tier"": ""unassessed"", ""coverage_verified"": false}"
176454,4,167.275,6000.275,,"{""evidence_tier"": ""unassessed"", ""coverage_verified"": false}"
176456,4,164.276,5998.276,,"{""evidence_tier"": ""unassessed"", ""coverage_verified"": false}"
176457,4,108.273,2953.0,,"{""evidence_tier"": ""unassessed"", ""coverage_verified"": false}"
176457,2,2953.0,3009.0,,"{""evidence_tier"": ""unlabelled_screen"", ""coverage_verified"": false}"
176457,4,3009.0,5969.273,,"{""evidence_tier"": ""unassessed"", ""coverage_verified"": false}"
176458,4,168.275,5997.275,,"{""evidence_tier"": ""unassessed"", ""coverage_verified"": false}"
176460,4,108.276,6009.276,,"{""evidence_tier"": ""unassessed"", ""coverage_verified"": false}"
