band,shots,L,H,QH,WP
2012,5,6.422000000000001,3.3339999999999996,0.0,0.0
2013,3,1.456,0.0,0.0,0.0
2014,63,0.446,0.0,80.10000000000001,1.3
2015,26,1.4869999999999999,0.0,26.469999999999995,11.249488000000001
2016,21,4.348,6.86,22.010999999999996,8.535
2017,53,15.865841999999994,13.633,28.028999999999996,33.36600000000001
2018,51,10.496149,13.818413000000001,39.88007100000004,17.588549
2019,36,5.623,107.0025700000001,0.0,0.0
2020,5,0.485,1.871,0.5,2.093
2021,85,65.96785499999996,143.8054569999999,22.809999999999985,11.624927000000001
2022,73,22.954929999999973,95.71865300000026,16.788112,16.402192000000003
2023,25,2.616262999999999,44.24337,3.692,6.0991969999999895
